year,term,datetime,jie_zhong
1948,小寒,1948-01-06 18:00:13,jie
1948,大寒,1948-01-21 11:18:22,zhong
1948,立春,1948-02-05 05:42:00,jie
1948,雨水,1948-02-20 01:36:38,zhong
1948,惊蛰,1948-03-05 23:57:53,jie
1948,春分,1948-03-21 00:56:43,zhong
1948,清明,1948-04-05 05:09:20,jie
1948,谷雨,1948-04-20 12:24:50,zhong
1948,立夏,1948-05-05 22:52:13,jie
1948,小满,1948-05-21 11:57:35,zhong
1948,芒种,1948-06-06 03:20:19,jie
1948,夏至,1948-06-21 20:10:32,zhong
1948,小暑,1948-07-07 13:43:28,jie
1948,大暑,1948-07-23 07:07:29,zhong
1948,立秋,1948-08-07 23:26:17,jie
1948,处暑,1948-08-23 14:02:30,zhong
1948,白露,1948-09-08 02:04:59,jie
1948,秋分,1948-09-23 11:21:39,zhong
1948,寒露,1948-10-08 17:20:16,jie
1948,霜降,1948-10-23 20:17:57,zhong
1948,立冬,1948-11-07 20:06:32,jie
1948,小雪,1948-11-22 17:28:47,zhong
1948,大雪,1948-12-07 12:37:37,jie
1948,冬至,1948-12-22 06:33:13,zhong
1949,小寒,1949-01-05 23:41:08,jie
1949,大寒,1949-01-20 17:08:32,zhong
1949,立春,1949-02-04 11:22:49,jie
1949,雨水,1949-02-19 07:27:03,zhong
1949,惊蛰,1949-03-06 05:39:16,jie
1949,春分,1949-03-21 06:48:01,zhong
1949,清明,1949-04-05 10:51:56,jie
1949,谷雨,1949-04-20 18:17:15,zhong
1949,立夏,1949-05-06 04:36:34,jie
1949,小满,1949-05-21 17:50:38,zhong
1949,芒种,1949-06-06 09:06:49,jie
1949,夏至,1949-06-22 02:02:43,zhong
1949,小暑,1949-07-07 19:31:35,jie
1949,大暑,1949-07-23 12:56:39,zhong
1949,立秋,1949-08-08 05:14:56,jie
1949,处暑,1949-08-23 19:48:11,zhong
1949,白露,1949-09-08 07:54:09,jie
1949,秋分,1949-09-23 17:05:48,zhong
1949,寒露,1949-10-08 23:11:02,jie
1949,霜降,1949-10-24 02:02:57,zhong
1949,立冬,1949-11-08 01:59:46,jie
1949,小雪,1949-11-22 23:16:02,zhong
1949,大雪,1949-12-07 18:33:24,jie
1949,冬至,1949-12-22 12:22:51,zhong
1950,小寒,1950-01-06 05:38:43,jie
1950,大寒,1950-01-20 22:59:35,zhong
1950,立春,1950-02-04 17:20:46,jie
1950,雨水,1950-02-19 13:17:29,zhong
1950,惊蛰,1950-03-06 11:35:26,jie
1950,春分,1950-03-21 12:35:06,zhong
1950,清明,1950-04-05 16:44:27,jie
1950,谷雨,1950-04-20 23:59:06,zhong
1950,立夏,1950-05-06 10:24:41,jie
1950,小满,1950-05-21 23:27:07,zhong
1950,芒种,1950-06-06 14:51:00,jie
1950,夏至,1950-06-22 07:36:00,zhong
1950,小暑,1950-07-08 01:13:17,jie
1950,大暑,1950-07-23 18:29:53,zhong
1950,立秋,1950-08-08 10:55:11,jie
1950,处暑,1950-08-24 01:23:09,zhong
1950,白露,1950-09-08 13:33:39,jie
1950,秋分,1950-09-23 22:43:32,zhong
1950,寒露,1950-10-09 04:51:39,jie
1950,霜降,1950-10-24 07:44:43,zhong
1950,立冬,1950-11-08 07:43:43,jie
1950,小雪,1950-11-23 05:02:29,zhong
1950,大雪,1950-12-08 00:21:40,jie
1950,冬至,1950-12-22 18:13:18,zhong
1951,小寒,1951-01-06 11:30:22,jie
1951,大寒,1951-01-21 04:52:02,zhong
1951,立春,1951-02-04 23:13:26,jie
1951,雨水,1951-02-19 19:09:38,zhong
1951,惊蛰,1951-03-06 17:26:40,jie
1951,春分,1951-03-21 18:25:41,zhong
1951,清明,1951-04-05 22:32:38,jie
1951,谷雨,1951-04-21 05:48:03,zhong
1951,立夏,1951-05-06 16:09:15,jie
1951,小满,1951-05-22 05:15:22,zhong
1951,芒种,1951-06-06 20:32:32,jie
1951,夏至,1951-06-22 13:24:48,zhong
1951,小暑,1951-07-08 06:53:51,jie
1951,大暑,1951-07-24 00:20:37,zhong
1951,立秋,1951-08-08 16:37:26,jie
1951,处暑,1951-08-24 07:16:05,zhong
1951,白露,1951-09-08 19:18:10,jie
1951,秋分,1951-09-24 04:36:50,zhong
1951,寒露,1951-10-09 10:36:23,jie
1951,霜降,1951-10-24 13:36:00,zhong
1951,立冬,1951-11-08 13:26:36,jie
1951,小雪,1951-11-23 10:51:03,zhong
1951,大雪,1951-12-08 06:02:18,jie
1951,冬至,1951-12-23 00:00:01,zhong
1952,小寒,1952-01-06 17:09:45,jie
1952,大寒,1952-01-21 10:38:22,zhong
1952,立春,1952-02-05 04:52:54,jie
1952,雨水,1952-02-20 00:56:40,zhong
1952,惊蛰,1952-03-05 23:07:18,jie
1952,春分,1952-03-21 00:13:42,zhong
1952,清明,1952-04-05 04:15:02,jie
1952,谷雨,1952-04-20 11:36:37,zhong
1952,立夏,1952-05-05 21:54:01,jie
1952,小满,1952-05-21 11:03:49,zhong
1952,芒种,1952-06-06 02:20:18,jie
1952,夏至,1952-06-21 19:12:30,zhong
1952,小暑,1952-07-07 12:44:38,jie
1952,大暑,1952-07-23 06:07:25,zhong
1952,立秋,1952-08-07 22:30:57,jie
1952,处暑,1952-08-23 13:02:47,zhong
1952,白露,1952-09-08 01:13:42,jie
1952,秋分,1952-09-23 10:23:39,zhong
1952,寒露,1952-10-08 16:32:25,jie
1952,霜降,1952-10-23 19:22:10,zhong
1952,立冬,1952-11-07 19:21:34,jie
1952,小雪,1952-11-22 16:35:36,zhong
1952,大雪,1952-12-07 11:55:33,jie
1952,冬至,1952-12-22 05:43:06,zhong
1953,小寒,1953-01-05 23:02:02,jie
1953,大寒,1953-01-20 16:21:18,zhong
1953,立春,1953-02-04 10:45:53,jie
1953,雨水,1953-02-19 06:41:05,zhong
1953,惊蛰,1953-03-06 05:02:26,jie
1953,春分,1953-03-21 06:00:30,zhong
1953,清明,1953-04-05 10:12:36,jie
1953,谷雨,1953-04-20 17:25:21,zhong
1953,立夏,1953-05-06 03:52:18,jie
1953,小满,1953-05-21 16:52:47,zhong
1953,芒种,1953-06-06 08:16:04,jie
1953,夏至,1953-06-22 00:59:53,zhong
1953,小暑,1953-07-07 18:34:54,jie
1953,大暑,1953-07-23 11:52:06,zhong
1953,立秋,1953-08-08 04:14:35,jie
1953,处暑,1953-08-23 18:45:09,zhong
1953,白露,1953-09-08 06:52:43,jie
1953,秋分,1953-09-23 16:05:52,zhong
1953,寒露,1953-10-08 22:10:25,jie
1953,霜降,1953-10-24 01:06:14,zhong
1953,立冬,1953-11-08 01:00:57,jie
1953,小雪,1953-11-22 22:22:03,zhong
1953,大雪,1953-12-07 17:36:59,jie
1953,冬至,1953-12-22 11:31:25,zhong
1954,小寒,1954-01-06 04:45:17,jie
1954,大寒,1954-01-20 22:11:01,zhong
1954,立春,1954-02-04 16:30:41,jie
1954,雨水,1954-02-19 12:32:18,zhong
1954,惊蛰,1954-03-06 10:48:32,jie
1954,春分,1954-03-21 11:53:23,zhong
1954,清明,1954-04-05 15:59:10,jie
1954,谷雨,1954-04-20 23:19:32,zhong
1954,立夏,1954-05-06 09:38:10,jie
1954,小满,1954-05-21 22:47:22,zhong
1954,芒种,1954-06-06 14:00:49,jie
1954,夏至,1954-06-22 06:54:00,zhong
1954,小暑,1954-07-08 00:19:10,jie
1954,大暑,1954-07-23 17:44:54,zhong
1954,立秋,1954-08-08 09:59:04,jie
1954,处暑,1954-08-24 00:35:52,zhong
1954,白露,1954-09-08 12:37:51,jie
1954,秋分,1954-09-23 21:55:13,zhong
1954,寒露,1954-10-09 03:57:18,jie
1954,霜降,1954-10-24 06:56:19,zhong
1954,立冬,1954-11-08 06:50:34,jie
1954,小雪,1954-11-23 04:14:10,zhong
1954,大雪,1954-12-07 23:28:29,jie
1954,冬至,1954-12-22 17:24:19,zhong
1955,小寒,1955-01-06 10:35:52,jie
1955,大寒,1955-01-21 04:01:50,zhong
1955,立春,1955-02-04 22:17:36,jie
1955,雨水,1955-02-19 18:18:45,zhong
1955,惊蛰,1955-03-06 16:30:57,jie
1955,春分,1955-03-21 17:35:04,zhong
1955,清明,1955-04-05 21:38:44,jie
1955,谷雨,1955-04-21 04:57:50,zhong
1955,立夏,1955-05-06 15:17:58,jie
1955,小满,1955-05-22 04:24:19,zhong
1955,芒种,1955-06-06 19:43:25,jie
1955,夏至,1955-06-22 12:31:19,zhong
1955,小暑,1955-07-08 06:05:52,jie
1955,大暑,1955-07-23 23:24:30,zhong
1955,立秋,1955-08-08 15:50:02,jie
1955,处暑,1955-08-24 06:18:53,zhong
1955,白露,1955-09-08 18:31:46,jie
1955,秋分,1955-09-24 03:40:50,zhong
1955,寒露,1955-10-09 09:52:08,jie
1955,霜降,1955-10-24 12:43:01,zhong
1955,立冬,1955-11-08 12:45:09,jie
1955,小雪,1955-11-23 10:00:51,zhong
1955,大雪,1955-12-08 05:22:46,jie
1955,冬至,1955-12-22 23:10:52,zhong
1956,小寒,1956-01-06 16:30:17,jie
1956,大寒,1956-01-21 09:48:16,zhong
1956,立春,1956-02-05 04:11:55,jie
1956,雨水,1956-02-20 00:04:37,zhong
1956,惊蛰,1956-03-05 22:24:27,jie
1956,春分,1956-03-20 23:20:15,zhong
1956,清明,1956-04-05 03:31:09,jie
1956,谷雨,1956-04-20 10:43:25,zhong
1956,立夏,1956-05-05 21:09:58,jie
1956,小满,1956-05-21 10:12:32,zhong
1956,芒种,1956-06-06 01:35:47,jie
1956,夏至,1956-06-21 18:23:41,zhong
1956,小暑,1956-07-07 11:57:59,jie
1956,大暑,1956-07-23 05:19:52,zhong
1956,立秋,1956-08-07 21:40:12,jie
1956,处暑,1956-08-23 12:14:46,zhong
1956,白露,1956-09-08 00:18:56,jie
1956,秋分,1956-09-23 09:35:02,zhong
1956,寒露,1956-10-08 15:35:53,jie
1956,霜降,1956-10-23 18:34:19,zhong
1956,立冬,1956-11-07 18:25:54,jie
1956,小雪,1956-11-22 15:49:50,zhong
1956,大雪,1956-12-07 11:02:06,jie
1956,冬至,1956-12-22 04:59:27,zhong
1957,小寒,1957-01-05 22:10:25,jie
1957,大寒,1957-01-20 15:38:35,zhong
1957,立春,1957-02-04 09:54:37,jie
1957,雨水,1957-02-19 05:57:58,zhong
1957,惊蛰,1957-03-06 04:10:07,jie
1957,春分,1957-03-21 05:16:27,zhong
1957,清明,1957-04-05 09:18:49,jie
1957,谷雨,1957-04-20 16:41:12,zhong
1957,立夏,1957-05-06 02:58:22,jie
1957,小满,1957-05-21 16:10:23,zhong
1957,芒种,1957-06-06 07:24:43,jie
1957,夏至,1957-06-22 00:20:28,zhong
1957,小暑,1957-07-07 17:48:09,jie
1957,大暑,1957-07-23 11:14:48,zhong
1957,立秋,1957-08-08 03:32:03,jie
1957,处暑,1957-08-23 18:07:31,zhong
1957,白露,1957-09-08 06:12:11,jie
1957,秋分,1957-09-23 15:26:02,zhong
1957,寒露,1957-10-08 21:29:58,jie
1957,霜降,1957-10-24 00:24:10,zhong
1957,立冬,1957-11-08 00:20:01,jie
1957,小雪,1957-11-22 21:39:00,zhong
1957,大雪,1957-12-07 16:55:56,jie
1957,冬至,1957-12-22 10:48:34,zhong
1958,小寒,1958-01-06 04:04:20,jie
1958,大寒,1958-01-20 21:28:27,zhong
1958,立春,1958-02-04 15:49:11,jie
1958,雨水,1958-02-19 11:48:26,zhong
1958,惊蛰,1958-03-06 10:04:52,jie
1958,春分,1958-03-21 11:05:47,zhong
1958,清明,1958-04-05 15:12:21,jie
1958,谷雨,1958-04-20 22:26:58,zhong
1958,立夏,1958-05-06 08:49:10,jie
1958,小满,1958-05-21 21:51:00,zhong
1958,芒种,1958-06-06 13:12:11,jie
1958,夏至,1958-06-22 05:56:51,zhong
1958,小暑,1958-07-07 23:33:25,jie
1958,大暑,1958-07-23 16:50:26,zhong
1958,立秋,1958-08-08 09:17:10,jie
1958,处暑,1958-08-23 23:45:53,zhong
1958,白露,1958-09-08 11:58:49,jie
1958,秋分,1958-09-23 21:08:49,zhong
1958,寒露,1958-10-09 03:19:08,jie
1958,霜降,1958-10-24 06:11:18,zhong
1958,立冬,1958-11-08 06:11:53,jie
1958,小雪,1958-11-23 03:29:06,zhong
1958,大雪,1958-12-07 22:49:35,jie
1958,冬至,1958-12-22 16:39:40,zhong
1959,小寒,1959-01-06 09:58:18,jie
1959,大寒,1959-01-21 03:18:50,zhong
1959,立春,1959-02-04 21:42:10,jie
1959,雨水,1959-02-19 17:37:33,zhong
1959,惊蛰,1959-03-06 15:56:35,jie
1959,春分,1959-03-21 16:54:29,zhong
1959,清明,1959-04-05 21:03:02,jie
1959,谷雨,1959-04-21 04:16:27,zhong
1959,立夏,1959-05-06 14:38:42,jie
1959,小满,1959-05-22 03:42:05,zhong
1959,芒种,1959-06-06 19:00:03,jie
1959,夏至,1959-06-22 11:49:44,zhong
1959,小暑,1959-07-08 05:19:52,jie
1959,大暑,1959-07-23 22:45:25,zhong
1959,立秋,1959-08-08 15:04:04,jie
1959,处暑,1959-08-24 05:43:29,zhong
1959,白露,1959-09-08 17:47:54,jie
1959,秋分,1959-09-24 03:08:24,zhong
1959,寒露,1959-10-09 09:09:48,jie
1959,霜降,1959-10-24 12:10:58,zhong
1959,立冬,1959-11-08 12:02:03,jie
1959,小雪,1959-11-23 09:26:53,zhong
1959,大雪,1959-12-08 04:37:16,jie
1959,冬至,1959-12-22 22:34:18,zhong
1960,小寒,1960-01-06 15:42:27,jie
1960,大寒,1960-01-21 09:10:02,zhong
1960,立春,1960-02-05 03:23:09,jie
1960,雨水,1960-02-19 23:26:17,zhong
1960,惊蛰,1960-03-05 21:36:06,jie
1960,春分,1960-03-20 22:42:38,zhong
1960,清明,1960-04-05 02:43:33,jie
1960,谷雨,1960-04-20 10:05:51,zhong
1960,立夏,1960-05-05 20:22:33,jie
1960,小满,1960-05-21 09:33:28,zhong
1960,芒种,1960-06-06 00:48:34,jie
1960,夏至,1960-06-21 17:42:15,zhong
1960,小暑,1960-07-07 11:12:39,jie
1960,大暑,1960-07-23 04:37:25,zhong
1960,立秋,1960-08-07 20:59:44,jie
1960,处暑,1960-08-23 11:34:22,zhong
1960,白露,1960-09-07 23:45:22,jie
1960,秋分,1960-09-23 08:58:50,zhong
1960,寒露,1960-10-08 15:08:39,jie
1960,霜降,1960-10-23 18:01:49,zhong
1960,立冬,1960-11-07 18:02:01,jie
1960,小雪,1960-11-22 15:18:20,zhong
1960,大雪,1960-12-07 10:37:44,jie
1960,冬至,1960-12-22 04:25:53,zhong
1961,小寒,1961-01-05 21:42:36,jie
1961,大寒,1961-01-20 15:01:06,zhong
1961,立春,1961-02-04 09:22:26,jie
1961,雨水,1961-02-19 05:16:27,zhong
1961,惊蛰,1961-03-06 03:34:39,jie
1961,春分,1961-03-21 04:32:04,zhong
1961,清明,1961-04-05 08:42:07,jie
1961,谷雨,1961-04-20 15:55:02,zhong
1961,立夏,1961-05-06 02:21:16,jie
1961,小满,1961-05-21 15:22:14,zhong
1961,芒种,1961-06-06 06:46:00,jie
1961,夏至,1961-06-21 23:30:04,zhong
1961,小暑,1961-07-07 17:06:35,jie
1961,大暑,1961-07-23 10:23:34,zhong
1961,立秋,1961-08-08 02:48:19,jie
1961,处暑,1961-08-23 17:18:30,zhong
1961,白露,1961-09-08 05:29:12,jie
1961,秋分,1961-09-23 14:42:25,zhong
1961,寒露,1961-10-08 20:50:56,jie
1961,霜降,1961-10-23 23:47:21,zhong
1961,立冬,1961-11-07 23:46:11,jie
1961,小雪,1961-11-22 21:07:40,zhong
1961,大雪,1961-12-07 16:25:54,jie
1961,冬至,1961-12-22 10:19:26,zhong
1962,小寒,1962-01-06 03:34:56,jie
1962,大寒,1962-01-20 20:57:53,zhong
1962,立春,1962-02-04 15:17:20,jie
1962,雨水,1962-02-19 11:14:34,zhong
1962,惊蛰,1962-03-06 09:29:29,jie
1962,春分,1962-03-21 10:29:31,zhong
1962,清明,1962-04-05 14:34:14,jie
1962,谷雨,1962-04-20 21:50:40,zhong
1962,立夏,1962-05-06 08:09:28,jie
1962,小满,1962-05-21 21:16:30,zhong
1962,芒种,1962-06-06 12:31:15,jie
1962,夏至,1962-06-22 05:24:05,zhong
1962,小暑,1962-07-07 22:51:05,jie
1962,大暑,1962-07-23 16:17:56,zhong
1962,立秋,1962-08-08 08:33:40,jie
1962,处暑,1962-08-23 23:12:27,zhong
1962,白露,1962-09-08 11:15:20,jie
1962,秋分,1962-09-23 20:35:11,zhong
1962,寒露,1962-10-09 02:37:53,jie
1962,霜降,1962-10-24 05:39:59,zhong
1962,立冬,1962-11-08 05:34:54,jie
1962,小雪,1962-11-23 03:01:50,zhong
1962,大雪,1962-12-07 22:16:39,jie
1962,冬至,1962-12-22 16:15:14,zhong
1963,小寒,1963-01-06 09:26:26,jie
1963,大寒,1963-01-21 02:53:51,zhong
1963,立春,1963-02-04 21:07:44,jie
1963,雨水,1963-02-19 17:08:34,zhong
1963,惊蛰,1963-03-06 15:17:09,jie
1963,春分,1963-03-21 16:19:39,zhong
1963,清明,1963-04-05 20:18:39,jie
1963,谷雨,1963-04-21 03:36:07,zhong
1963,立夏,1963-05-06 13:51:57,jie
1963,小满,1963-05-22 02:58:07,zhong
1963,芒种,1963-06-06 18:14:26,jie
1963,夏至,1963-06-22 11:04:00,zhong
1963,小暑,1963-07-08 04:37:37,jie
1963,大暑,1963-07-23 21:59:11,zhong
1963,立秋,1963-08-08 14:25:24,jie
1963,处暑,1963-08-24 04:57:29,zhong
1963,白露,1963-09-08 17:11:50,jie
1963,秋分,1963-09-24 02:23:27,zhong
1963,寒露,1963-10-09 08:36:14,jie
1963,霜降,1963-10-24 11:28:48,zhong
1963,立冬,1963-11-08 11:32:19,jie
1963,小雪,1963-11-23 08:49:20,zhong
1963,大雪,1963-12-08 04:12:36,jie
1963,冬至,1963-12-22 22:01:52,zhong
1964,小寒,1964-01-06 15:22:20,jie
1964,大寒,1964-01-21 08:41:03,zhong
1964,立春,1964-02-05 03:04:55,jie
1964,雨水,1964-02-19 22:57:17,zhong
1964,惊蛰,1964-03-05 21:15:59,jie
1964,春分,1964-03-20 22:09:50,zhong
1964,清明,1964-04-05 02:18:20,jie
1964,谷雨,1964-04-20 09:27:08,zhong
1964,立夏,1964-05-05 19:51:01,jie
1964,小满,1964-05-21 08:49:45,zhong
1964,芒种,1964-06-06 00:11:43,jie
1964,夏至,1964-06-21 16:56:47,zhong
1964,小暑,1964-07-07 10:32:07,jie
1964,大暑,1964-07-23 03:52:43,zhong
1964,立秋,1964-08-07 20:16:09,jie
1964,处暑,1964-08-23 10:51:01,zhong
1964,白露,1964-09-07 22:59:26,jie
1964,秋分,1964-09-23 08:16:38,zhong
1964,寒露,1964-10-08 14:21:30,jie
1964,霜降,1964-10-23 17:20:40,zhong
1964,立冬,1964-11-07 17:15:06,jie
1964,小雪,1964-11-22 14:38:53,zhong
1964,大雪,1964-12-07 09:53:03,jie
1964,冬至,1964-12-22 03:49:31,zhong
1965,小寒,1965-01-05 21:01:57,jie
1965,大寒,1965-01-20 14:28:51,zhong
1965,立春,1965-02-04 08:46:06,jie
1965,雨水,1965-02-19 04:47:48,zhong
1965,惊蛰,1965-03-06 03:00:38,jie
1965,春分,1965-03-21 04:04:44,zhong
1965,清明,1965-04-05 08:06:43,jie
1965,谷雨,1965-04-20 15:26:03,zhong
1965,立夏,1965-05-06 01:41:32,jie
1965,小满,1965-05-21 14:50:13,zhong
1965,芒种,1965-06-06 06:02:06,jie
1965,夏至,1965-06-21 22:55:40,zhong
1965,小暑,1965-07-07 16:21:22,jie
1965,大暑,1965-07-23 09:48:09,zhong
1965,立秋,1965-08-08 02:04:36,jie
1965,处暑,1965-08-23 16:42:40,zhong
1965,白露,1965-09-08 04:47:50,jie
1965,秋分,1965-09-23 14:05:57,zhong
1965,寒露,1965-10-08 20:11:07,jie
1965,霜降,1965-10-23 23:09:55,zhong
1965,立冬,1965-11-07 23:06:32,jie
1965,小雪,1965-11-22 20:29:08,zhong
1965,大雪,1965-12-07 15:45:32,jie
1965,冬至,1965-12-22 09:40:23,zhong
1966,小寒,1966-01-06 02:54:20,jie
1966,大寒,1966-01-20 20:19:39,zhong
1966,立春,1966-02-04 14:37:48,jie
1966,雨水,1966-02-19 10:37:47,zhong
1966,惊蛰,1966-03-06 08:51:21,jie
1966,春分,1966-03-21 09:52:54,zhong
1966,清明,1966-04-05 13:56:29,jie
1966,谷雨,1966-04-20 21:11:30,zhong
1966,立夏,1966-05-06 07:30:26,jie
1966,小满,1966-05-21 20:32:01,zhong
1966,芒种,1966-06-06 11:49:37,jie
1966,夏至,1966-06-22 04:33:21,zhong
1966,小暑,1966-07-07 22:06:59,jie
1966,大暑,1966-07-23 15:23:10,zhong
1966,立秋,1966-08-08 07:48:56,jie
1966,处暑,1966-08-23 22:17:42,zhong
1966,白露,1966-09-08 10:32:01,jie
1966,秋分,1966-09-23 19:43:08,zhong
1966,寒露,1966-10-09 01:56:43,jie
1966,霜降,1966-10-24 04:50:45,zhong
1966,立冬,1966-11-08 04:55:15,jie
1966,小雪,1966-11-23 02:14:05,zhong
1966,大雪,1966-12-07 21:37:45,jie
1966,冬至,1966-12-22 15:28:08,zhong
1967,小寒,1967-01-06 08:48:19,jie
1967,大寒,1967-01-21 02:07:30,zhong
1967,立春,1967-02-04 20:30:49,jie
1967,雨水,1967-02-19 16:23:38,zhong
1967,惊蛰,1967-03-06 14:41:53,jie
1967,春分,1967-03-21 15:36:46,zhong
1967,清明,1967-04-05 19:44:41,jie
1967,谷雨,1967-04-21 02:55:07,zhong
1967,立夏,1967-05-06 13:17:26,jie
1967,小满,1967-05-22 02:17:52,zhong
1967,芒种,1967-06-06 17:36:18,jie
1967,夏至,1967-06-22 10:22:49,zhong
1967,小暑,1967-07-08 03:53:19,jie
1967,大暑,1967-07-23 21:15:49,zhong
1967,立秋,1967-08-08 13:34:51,jie
1967,处暑,1967-08-24 04:12:24,zhong
1967,白露,1967-09-08 16:17:42,jie
1967,秋分,1967-09-24 01:38:01,zhong
1967,寒露,1967-10-09 07:41:11,jie
1967,霜降,1967-10-24 10:43:44,zhong
1967,立冬,1967-11-08 10:37:23,jie
1967,小雪,1967-11-23 08:04:26,zhong
1967,大雪,1967-12-08 03:17:28,jie
1967,冬至,1967-12-22 21:16:17,zhong
1968,小寒,1968-01-06 14:26:10,jie
1968,大寒,1968-01-21 07:54:06,zhong
1968,立春,1968-02-05 02:07:23,jie
1968,雨水,1968-02-19 22:09:13,zhong
1968,惊蛰,1968-03-05 20:17:45,jie
1968,春分,1968-03-20 21:22:01,zhong
1968,清明,1968-04-05 01:20:53,jie
1968,谷雨,1968-04-20 08:41:07,zhong
1968,立夏,1968-05-05 18:55:47,jie
1968,小满,1968-05-21 08:05:50,zhong
1968,芒种,1968-06-05 23:19:05,jie
1968,夏至,1968-06-21 16:13:16,zhong
1968,小暑,1968-07-07 09:41:37,jie
1968,大暑,1968-07-23 03:07:23,zhong
1968,立秋,1968-08-07 19:27:11,jie
1968,处暑,1968-08-23 10:02:51,zhong
1968,白露,1968-09-07 22:11:24,jie
1968,秋分,1968-09-23 07:26:10,zhong
1968,寒露,1968-10-08 13:34:23,jie
1968,霜降,1968-10-23 16:29:34,zhong
1968,立冬,1968-11-07 16:29:17,jie
1968,小雪,1968-11-22 13:48:31,zhong
1968,大雪,1968-12-07 09:08:15,jie
1968,冬至,1968-12-22 02:59:45,zhong
1969,小寒,1969-01-05 20:16:48,jie
1969,大寒,1969-01-20 13:38:10,zhong
1969,立春,1969-02-04 07:58:52,jie
1969,雨水,1969-02-19 03:54:28,zhong
1969,惊蛰,1969-03-06 02:10:34,jie
1969,春分,1969-03-21 03:08:04,zhong
1969,清明,1969-04-05 07:14:51,jie
1969,谷雨,1969-04-20 14:26:51,zhong
1969,立夏,1969-05-06 00:49:47,jie
1969,小满,1969-05-21 13:49:42,zhong
1969,芒种,1969-06-06 05:11:29,jie
1969,夏至,1969-06-21 21:55:01,zhong
1969,小暑,1969-07-07 15:31:31,jie
1969,大暑,1969-07-23 08:48:08,zhong
1969,立秋,1969-08-08 01:14:06,jie
1969,处暑,1969-08-23 15:43:20,zhong
1969,白露,1969-09-08 03:55:25,jie
1969,秋分,1969-09-23 13:06:53,zhong
1969,寒露,1969-10-08 19:16:40,jie
1969,霜降,1969-10-23 22:11:02,zhong
1969,立冬,1969-11-07 22:11:20,jie
1969,小雪,1969-11-22 19:31:04,zhong
1969,大雪,1969-12-07 14:51:18,jie
1969,冬至,1969-12-22 08:43:41,zhong
1970,小寒,1970-01-06 02:01:39,jie
1970,大寒,1970-01-20 19:23:47,zhong
1970,立春,1970-02-04 13:45:42,jie
1970,雨水,1970-02-19 09:41:46,zhong
1970,惊蛰,1970-03-06 07:58:27,jie
1970,春分,1970-03-21 08:56:19,zhong
1970,清明,1970-04-05 13:01:44,jie
1970,谷雨,1970-04-20 20:14:56,zhong
1970,立夏,1970-05-06 06:33:47,jie
1970,小满,1970-05-21 19:37:19,zhong
1970,芒种,1970-06-06 10:52:13,jie
1970,夏至,1970-06-22 03:42:38,zhong
1970,小暑,1970-07-07 21:10:31,jie
1970,大暑,1970-07-23 14:36:52,zhong
1970,立秋,1970-08-08 06:54:06,jie
1970,处暑,1970-08-23 21:33:53,zhong
1970,白露,1970-09-08 09:37:53,jie
1970,秋分,1970-09-23 18:58:59,zhong
1970,寒露,1970-10-09 01:01:32,jie
1970,霜降,1970-10-24 04:04:14,zhong
1970,立冬,1970-11-08 03:57:43,jie
1970,小雪,1970-11-23 01:24:32,zhong
1970,大雪,1970-12-07 20:37:19,jie
1970,冬至,1970-12-22 14:35:40,zhong
1971,小寒,1971-01-06 07:45:06,jie
1971,大寒,1971-01-21 01:12:39,zhong
1971,立春,1971-02-04 19:25:25,jie
1971,雨水,1971-02-19 15:26:55,zhong
1971,惊蛰,1971-03-06 13:34:44,jie
1971,春分,1971-03-21 14:38:06,zhong
1971,清明,1971-04-05 18:36:00,jie
1971,谷雨,1971-04-21 01:54:13,zhong
1971,立夏,1971-05-06 12:08:08,jie
1971,小满,1971-05-22 01:14:59,zhong
1971,芒种,1971-06-06 16:28:51,jie
1971,夏至,1971-06-22 09:19:34,zhong
1971,小暑,1971-07-08 02:51:07,jie
1971,大暑,1971-07-23 20:14:43,zhong
1971,立秋,1971-08-08 12:40:12,jie
1971,处暑,1971-08-24 03:15:14,zhong
1971,白露,1971-09-08 15:30:12,jie
1971,秋分,1971-09-24 00:44:52,zhong
1971,寒露,1971-10-09 06:58:34,jie
1971,霜降,1971-10-24 09:53:08,zhong
1971,立冬,1971-11-08 09:56:37,jie
1971,小雪,1971-11-23 07:13:56,zhong
1971,大雪,1971-12-08 02:35:42,jie
1971,冬至,1971-12-22 20:23:53,zhong
1972,小寒,1972-01-06 13:41:50,jie
1972,大寒,1972-01-21 06:58:59,zhong
1972,立春,1972-02-05 01:20:13,jie
1972,雨水,1972-02-19 21:11:23,zhong
1972,惊蛰,1972-03-05 19:28:04,jie
1972,春分,1972-03-20 20:21:25,zhong
1972,清明,1972-04-05 00:28:50,jie
1972,谷雨,1972-04-20 07:37:29,zhong
1972,立夏,1972-05-05 18:01:10,jie
1972,小满,1972-05-21 06:59:29,zhong
1972,芒种,1972-06-05 22:21:59,jie
1972,夏至,1972-06-21 15:06:10,zhong
1972,小暑,1972-07-07 08:42:53,jie
1972,大暑,1972-07-23 02:02:30,zhong
1972,立秋,1972-08-07 18:28:29,jie
1972,处暑,1972-08-23 09:03:01,zhong
1972,白露,1972-09-07 21:15:06,jie
1972,秋分,1972-09-23 06:32:45,zhong
1972,寒露,1972-10-08 12:41:45,jie
1972,霜降,1972-10-23 15:41:27,zhong
1972,立冬,1972-11-07 15:39:23,jie
1972,小雪,1972-11-22 13:02:41,zhong
1972,大雪,1972-12-07 08:18:42,jie
1972,冬至,1972-12-22 02:12:53,zhong
1973,小寒,1973-01-05 19:25:19,jie
1973,大寒,1973-01-20 12:48:12,zhong
1973,立春,1973-02-04 07:04:12,jie
1973,雨水,1973-02-19 03:01:09,zhong
1973,惊蛰,1973-03-06 01:12:36,jie
1973,春分,1973-03-21 02:12:26,zhong
1973,清明,1973-04-05 06:13:53,jie
1973,谷雨,1973-04-20 13:30:21,zhong
1973,立夏,1973-05-05 23:46:23,jie
1973,小满,1973-05-21 12:53:49,zhong
1973,芒种,1973-06-06 04:06:50,jie
1973,夏至,1973-06-21 21:00:34,zhong
1973,小暑,1973-07-07 14:27:21,jie
1973,大暑,1973-07-23 07:55:32,zhong
1973,立秋,1973-08-08 00:12:48,jie
1973,处暑,1973-08-23 14:53:27,zhong
1973,白露,1973-09-08 02:59:24,jie
1973,秋分,1973-09-23 12:21:06,zhong
1973,寒露,1973-10-08 18:27:15,jie
1973,霜降,1973-10-23 21:30:09,zhong
1973,立冬,1973-11-07 21:27:38,jie
1973,小雪,1973-11-22 18:54:00,zhong
1973,大雪,1973-12-07 14:10:23,jie
1973,冬至,1973-12-22 08:07:41,zhong
1974,小寒,1974-01-06 01:19:55,jie
1974,大寒,1974-01-20 18:45:40,zhong
1974,立春,1974-02-04 13:00:05,jie
1974,雨水,1974-02-19 08:58:41,zhong
1974,惊蛰,1974-03-06 07:07:06,jie
1974,春分,1974-03-21 08:06:38,zhong
1974,清明,1974-04-05 12:05:00,jie
1974,谷雨,1974-04-20 19:18:51,zhong
1974,立夏,1974-05-06 05:33:52,jie
1974,小满,1974-05-21 18:36:02,zhong
1974,芒种,1974-06-06 09:51:39,jie
1974,夏至,1974-06-22 02:37:36,zhong
1974,小暑,1974-07-07 20:11:06,jie
1974,大暑,1974-07-23 13:30:10,zhong
1974,立秋,1974-08-08 05:57:10,jie
1974,处暑,1974-08-23 20:28:40,zhong
1974,白露,1974-09-08 08:45:04,jie
1974,秋分,1974-09-23 17:58:26,zhong
1974,寒露,1974-10-09 00:14:39,jie
1974,霜降,1974-10-24 03:10:36,zhong
1974,立冬,1974-11-08 03:17:58,jie
1974,小雪,1974-11-23 00:38:27,zhong
1974,大雪,1974-12-07 20:04:37,jie
1974,冬至,1974-12-22 13:55:56,zhong
1975,小寒,1975-01-06 07:17:30,jie
1975,大寒,1975-01-21 00:36:14,zhong
1975,立春,1975-02-04 18:59:12,jie
1975,雨水,1975-02-19 14:49:41,zhong
1975,惊蛰,1975-03-06 13:05:47,jie
1975,春分,1975-03-21 13:56:39,zhong
1975,清明,1975-04-05 18:01:30,jie
1975,谷雨,1975-04-21 01:07:12,zhong
1975,立夏,1975-05-06 11:27:11,jie
1975,小满,1975-05-22 00:23:40,zhong
1975,芒种,1975-06-06 15:42:01,jie
1975,夏至,1975-06-22 08:26:25,zhong
1975,小暑,1975-07-08 01:59:24,jie
1975,大暑,1975-07-23 19:21:44,zhong
1975,立秋,1975-08-08 11:44:53,jie
1975,处暑,1975-08-24 02:23:37,zhong
1975,白露,1975-09-08 14:33:17,jie
1975,秋分,1975-09-23 23:55:12,zhong
1975,寒露,1975-10-09 06:02:04,jie
1975,霜降,1975-10-24 09:06:01,zhong
1975,立冬,1975-11-08 09:02:36,jie
1975,小雪,1975-11-23 06:30:42,zhong
1975,大雪,1975-12-08 01:46:09,jie
1975,冬至,1975-12-22 19:45:33,zhong
1976,小寒,1976-01-06 12:57:22,jie
1976,大寒,1976-01-21 06:25:06,zhong
1976,立春,1976-02-05 00:39:28,jie
1976,雨水,1976-02-19 20:39:55,zhong
1976,惊蛰,1976-03-05 18:48:06,jie
1976,春分,1976-03-20 19:49:36,zhong
1976,清明,1976-04-04 23:46:27,jie
1976,谷雨,1976-04-20 07:02:56,zhong
1976,立夏,1976-05-05 17:14:24,jie
1976,小满,1976-05-21 06:21:04,zhong
1976,芒种,1976-06-05 21:31:13,jie
1976,夏至,1976-06-21 14:24:11,zhong
1976,小暑,1976-07-07 07:50:50,jie
1976,大暑,1976-07-23 01:18:26,zhong
1976,立秋,1976-08-07 17:38:21,jie
1976,处暑,1976-08-23 08:18:15,zhong
1976,白露,1976-09-07 20:28:12,jie
1976,秋分,1976-09-23 05:48:11,zhong
1976,寒露,1976-10-08 11:58:03,jie
1976,霜降,1976-10-23 14:58:01,zhong
1976,立冬,1976-11-07 14:58:34,jie
1976,小雪,1976-11-22 12:21:28,zhong
1976,大雪,1976-12-07 07:40:56,jie
1976,冬至,1976-12-22 01:35:06,zhong
1977,小寒,1977-01-05 18:51:03,jie
1977,大寒,1977-01-20 12:14:25,zhong
1977,立春,1977-02-04 06:33:25,jie
1977,雨水,1977-02-19 02:30:25,zhong
1977,惊蛰,1977-03-06 00:44:09,jie
1977,春分,1977-03-21 01:42:15,zhong
1977,清明,1977-04-05 05:45:44,jie
1977,谷雨,1977-04-20 12:57:12,zhong
1977,立夏,1977-05-05 23:16:00,jie
1977,小满,1977-05-21 12:14:20,zhong
1977,芒种,1977-06-06 03:32:01,jie
1977,夏至,1977-06-21 20:13:44,zhong
1977,小暑,1977-07-07 13:47:52,jie
1977,大暑,1977-07-23 07:03:38,zhong
1977,立秋,1977-08-07 23:30:14,jie
1977,处暑,1977-08-23 14:00:14,zhong
1977,白露,1977-09-08 02:15:41,jie
1977,秋分,1977-09-23 11:29:13,zhong
1977,寒露,1977-10-08 17:43:56,jie
1977,霜降,1977-10-23 20:40:39,zhong
1977,立冬,1977-11-07 20:45:49,jie
1977,小雪,1977-11-22 18:06:59,zhong
1977,大雪,1977-12-07 13:30:49,jie
1977,冬至,1977-12-22 07:23:08,zhong
1978,小寒,1978-01-06 00:43:12,jie
1978,大寒,1978-01-20 18:03:59,zhong
1978,立春,1978-02-04 12:26:57,jie
1978,雨水,1978-02-19 08:20:57,zhong
1978,惊蛰,1978-03-06 06:38:11,jie
1978,春分,1978-03-21 07:33:34,zhong
1978,清明,1978-04-05 11:39:20,jie
1978,谷雨,1978-04-20 18:49:32,zhong
1978,立夏,1978-05-06 05:08:32,jie
1978,小满,1978-05-21 18:08:26,zhong
1978,芒种,1978-06-06 09:23:05,jie
1978,夏至,1978-06-22 02:09:33,zhong
1978,小暑,1978-07-07 19:36:57,jie
1978,大暑,1978-07-23 13:00:14,zhong
1978,立秋,1978-08-08 05:17:40,jie
1978,处暑,1978-08-23 19:56:46,zhong
1978,白露,1978-09-08 08:02:24,jie
1978,秋分,1978-09-23 17:25:24,zhong
1978,寒露,1978-10-08 23:30:54,jie
1978,霜降,1978-10-24 02:37:09,zhong
1978,立冬,1978-11-08 02:34:01,jie
1978,小雪,1978-11-23 00:04:36,zhong
1978,大雪,1978-12-07 19:20:01,jie
1978,冬至,1978-12-22 13:20:57,zhong
1979,小寒,1979-01-06 06:31:33,jie
1979,大寒,1979-01-20 23:59:56,zhong
1979,立春,1979-02-04 18:12:18,jie
1979,雨水,1979-02-19 14:13:13,zhong
1979,惊蛰,1979-03-06 12:19:38,jie
1979,春分,1979-03-21 13:21:55,zhong
1979,清明,1979-04-05 17:17:57,jie
1979,谷雨,1979-04-21 00:35:21,zhong
1979,立夏,1979-05-06 10:47:10,jie
1979,小满,1979-05-21 23:53:50,zhong
1979,芒种,1979-06-06 15:05:11,jie
1979,夏至,1979-06-22 07:56:09,zhong
1979,小暑,1979-07-08 01:24:37,jie
1979,大暑,1979-07-23 18:48:32,zhong
1979,立秋,1979-08-08 11:10:53,jie
1979,处暑,1979-08-24 01:46:43,zhong
1979,白露,1979-09-08 13:59:45,jie
1979,秋分,1979-09-23 23:16:22,zhong
1979,寒露,1979-10-09 05:30:02,jie
1979,霜降,1979-10-24 08:27:50,zhong
1979,立冬,1979-11-08 08:32:47,jie
1979,小雪,1979-11-23 05:54:06,zhong
1979,大雪,1979-12-08 01:17:48,jie
1979,冬至,1979-12-22 19:09:45,zhong
1980,小寒,1980-01-06 12:28:53,jie
1980,大寒,1980-01-21 05:48:37,zhong
1980,立春,1980-02-05 00:09:28,jie
1980,雨水,1980-02-19 20:01:38,zhong
1980,惊蛰,1980-03-05 18:16:29,jie
1980,春分,1980-03-20 19:09:40,zhong
1980,清明,1980-04-04 23:14:42,jie
1980,谷雨,1980-04-20 06:22:41,zhong
1980,立夏,1980-05-05 16:44:28,jie
1980,小满,1980-05-21 05:42:02,zhong
1980,芒种,1980-06-05 21:03:44,jie
1980,夏至,1980-06-21 13:47:00,zhong
1980,小暑,1980-07-07 07:23:56,jie
1980,大暑,1980-07-23 00:41:59,zhong
1980,立秋,1980-08-07 17:08:30,jie
1980,处暑,1980-08-23 07:40:38,zhong
1980,白露,1980-09-07 19:53:27,jie
1980,秋分,1980-09-23 05:08:40,zhong
1980,寒露,1980-10-08 11:19:14,jie
1980,霜降,1980-10-23 14:17:30,zhong
1980,立冬,1980-11-07 14:18:13,jie
1980,小雪,1980-11-22 11:41:23,zhong
1980,大雪,1980-12-07 07:01:15,jie
1980,冬至,1980-12-22 00:56:04,zhong
1981,小寒,1981-01-05 18:12:38,jie
1981,大寒,1981-01-20 11:35:58,zhong
1981,立春,1981-02-04 05:55:23,jie
1981,雨水,1981-02-19 01:51:38,zhong
1981,惊蛰,1981-03-06 00:05:07,jie
1981,春分,1981-03-21 01:02:49,zhong
1981,清明,1981-04-05 05:05:02,jie
1981,谷雨,1981-04-20 12:18:31,zhong
1981,立夏,1981-05-05 22:34:47,jie
1981,小满,1981-05-21 11:39:25,zhong
1981,芒种,1981-06-06 02:52:39,jie
1981,夏至,1981-06-21 19:44:40,zhong
1981,小暑,1981-07-07 13:11:52,jie
1981,大暑,1981-07-23 06:39:43,zhong
1981,立秋,1981-08-07 22:57:09,jie
1981,处暑,1981-08-23 13:38:10,zhong
1981,白露,1981-09-08 01:43:13,jie
1981,秋分,1981-09-23 11:05:11,zhong
1981,寒露,1981-10-08 17:09:32,jie
1981,霜降,1981-10-23 20:12:49,zhong
1981,立冬,1981-11-07 20:08:29,jie
1981,小雪,1981-11-22 17:35:56,zhong
1981,大雪,1981-12-07 12:51:15,jie
1981,冬至,1981-12-22 06:50:31,zhong
1982,小寒,1982-01-06 00:02:35,jie
1982,大寒,1982-01-20 17:30:53,zhong
1982,立春,1982-02-04 11:45:28,jie
1982,雨水,1982-02-19 07:46:31,zhong
1982,惊蛰,1982-03-06 05:54:34,jie
1982,春分,1982-03-21 06:55:50,zhong
1982,清明,1982-04-05 10:52:41,jie
1982,谷雨,1982-04-20 18:07:27,zhong
1982,立夏,1982-05-06 04:19:59,jie
1982,小满,1982-05-21 17:22:53,zhong
1982,芒种,1982-06-06 08:35:53,jie
1982,夏至,1982-06-22 01:22:59,zhong
1982,小暑,1982-07-07 18:54:35,jie
1982,大暑,1982-07-23 12:15:23,zhong
1982,立秋,1982-08-08 04:41:45,jie
1982,处暑,1982-08-23 19:15:13,zhong
1982,白露,1982-09-08 07:31:43,jie
1982,秋分,1982-09-23 16:46:11,zhong
1982,寒露,1982-10-08 23:02:09,jie
1982,霜降,1982-10-24 01:57:47,zhong
1982,立冬,1982-11-08 02:04:06,jie
1982,小雪,1982-11-22 23:23:18,zhong
1982,大雪,1982-12-07 18:48:05,jie
1982,冬至,1982-12-22 12:38:09,zhong
1983,小寒,1983-01-06 05:58:42,jie
1983,大寒,1983-01-20 23:16:56,zhong
1983,立春,1983-02-04 17:39:42,jie
1983,雨水,1983-02-19 13:30:34,zhong
1983,惊蛰,1983-03-06 11:47:12,jie
1983,春分,1983-03-21 12:38:44,zhong
1983,清明,1983-04-05 16:44:23,jie
1983,谷雨,1983-04-20 23:50:09,zhong
1983,立夏,1983-05-06 10:10:51,jie
1983,小满,1983-05-21 23:06:26,zhong
1983,芒种,1983-06-06 14:25:42,jie
1983,夏至,1983-06-22 07:08:41,zhong
1983,小暑,1983-07-08 00:43:13,jie
1983,大暑,1983-07-23 18:04:07,zhong
1983,立秋,1983-08-08 10:29:37,jie
1983,处暑,1983-08-24 01:07:29,zhong
1983,白露,1983-09-08 13:20:03,jie
1983,秋分,1983-09-23 22:41:37,zhong
1983,寒露,1983-10-09 04:51:04,jie
1983,霜降,1983-10-24 07:54:17,zhong
1983,立冬,1983-11-08 07:52:12,jie
1983,小雪,1983-11-23 05:18:20,zhong
1983,大雪,1983-12-08 00:33:40,jie
1983,冬至,1983-12-22 18:29:55,zhong
1984,小寒,1984-01-06 11:40:51,jie
1984,大寒,1984-01-21 05:05:02,zhong
1984,立春,1984-02-04 23:18:44,jie
1984,雨水,1984-02-19 19:16:13,zhong
1984,惊蛰,1984-03-05 17:24:39,jie
1984,春分,1984-03-20 18:24:19,zhong
1984,清明,1984-04-04 22:22:20,jie
1984,谷雨,1984-04-20 05:38:06,zhong
1984,立夏,1984-05-05 15:50:57,jie
1984,小满,1984-05-21 04:57:36,zhong
1984,芒种,1984-06-05 20:08:37,jie
1984,夏至,1984-06-21 13:02:14,zhong
1984,小暑,1984-07-07 06:29:06,jie
1984,大暑,1984-07-22 23:58:12,zhong
1984,立秋,1984-08-07 16:17:53,jie
1984,处暑,1984-08-23 07:00:10,zhong
1984,白露,1984-09-07 19:09:50,jie
1984,秋分,1984-09-23 04:32:53,zhong
1984,寒露,1984-10-08 10:42:35,jie
1984,霜降,1984-10-23 13:45:39,zhong
1984,立冬,1984-11-07 13:45:32,jie
1984,小雪,1984-11-22 11:10:38,zhong
1984,大雪,1984-12-07 06:28:03,jie
1984,冬至,1984-12-22 00:22:48,zhong
1985,小寒,1985-01-05 17:35:05,jie
1985,大寒,1985-01-20 10:57:33,zhong
1985,立春,1985-02-04 05:11:47,jie
1985,雨水,1985-02-19 01:07:21,zhong
1985,惊蛰,1985-03-05 23:16:21,jie
1985,春分,1985-03-21 00:13:43,zhong
1985,清明,1985-04-05 04:13:35,jie
1985,谷雨,1985-04-20 11:25:46,zhong
1985,立夏,1985-05-05 21:42:32,jie
1985,小满,1985-05-21 10:42:55,zhong
1985,芒种,1985-06-06 01:59:56,jie
1985,夏至,1985-06-21 18:44:07,zhong
1985,小暑,1985-07-07 12:18:35,jie
1985,大暑,1985-07-23 05:36:26,zhong
1985,立秋,1985-08-07 22:04:16,jie
1985,处暑,1985-08-23 12:35:41,zhong
1985,白露,1985-09-08 00:53:01,jie
1985,秋分,1985-09-23 10:07:27,zhong
1985,寒露,1985-10-08 16:24:33,jie
1985,霜降,1985-10-23 19:21:52,zhong
1985,立冬,1985-11-07 19:29:29,jie
1985,小雪,1985-11-22 16:50:46,zhong
1985,大雪,1985-12-07 12:16:21,jie
1985,冬至,1985-12-22 06:07:40,zhong
1986,小寒,1986-01-05 23:28:02,jie
1986,大寒,1986-01-20 16:46:12,zhong
1986,立春,1986-02-04 11:07:42,jie
1986,雨水,1986-02-19 06:57:31,zhong
1986,惊蛰,1986-03-06 05:12:08,jie
1986,春分,1986-03-21 06:02:41,zhong
1986,清明,1986-04-05 10:06:07,jie
1986,谷雨,1986-04-20 17:12:08,zhong
1986,立夏,1986-05-06 03:30:36,jie
1986,小满,1986-05-21 16:27:55,zhong
1986,芒种,1986-06-06 07:44:23,jie
1986,夏至,1986-06-22 00:29:57,zhong
1986,小暑,1986-07-07 18:00:45,jie
1986,大暑,1986-07-23 11:24:23,zhong
1986,立秋,1986-08-08 03:45:36,jie
1986,处暑,1986-08-23 18:25:47,zhong
1986,白露,1986-09-08 06:34:37,jie
1986,秋分,1986-09-23 15:58:52,zhong
1986,寒露,1986-10-08 22:06:45,jie
1986,霜降,1986-10-24 01:14:11,zhong
1986,立冬,1986-11-08 01:12:49,jie
1986,小雪,1986-11-22 22:44:20,zhong
1986,大雪,1986-12-07 18:00:56,jie
1986,冬至,1986-12-22 12:02:07,zhong
1987,小寒,1987-01-06 05:13:00,jie
1987,大寒,1987-01-20 22:40:23,zhong
1987,立春,1987-02-04 16:51:40,jie
1987,雨水,1987-02-19 12:49:57,zhong
1987,惊蛰,1987-03-06 10:53:37,jie
1987,春分,1987-03-21 11:51:58,zhong
1987,清明,1987-04-05 15:44:08,jie
1987,谷雨,1987-04-20 22:57:32,zhong
1987,立夏,1987-05-06 09:05:35,jie
1987,小满,1987-05-21 22:10:01,zhong
1987,芒种,1987-06-06 13:18:58,jie
1987,夏至,1987-06-22 06:10:45,zhong
1987,小暑,1987-07-07 23:38:39,jie
1987,大暑,1987-07-23 17:06:02,zhong
1987,立秋,1987-08-08 09:29:13,jie
1987,处暑,1987-08-24 00:09:50,zhong
1987,白露,1987-09-08 12:24:07,jie
1987,秋分,1987-09-23 21:45:16,zhong
1987,寒露,1987-10-09 03:59:40,jie
1987,霜降,1987-10-24 07:00:52,zhong
1987,立冬,1987-11-08 07:05:40,jie
1987,小雪,1987-11-23 04:29:23,zhong
1987,大雪,1987-12-07 23:52:12,jie
1987,冬至,1987-12-22 17:45:52,zhong
1988,小寒,1988-01-06 11:03:30,jie
1988,大寒,1988-01-21 04:24:17,zhong
1988,立春,1988-02-04 22:42:49,jie
1988,雨水,1988-02-19 18:35:07,zhong
1988,惊蛰,1988-03-05 16:46:32,jie
1988,春分,1988-03-20 17:38:35,zhong
1988,清明,1988-04-04 21:39:04,jie
1988,谷雨,1988-04-20 04:44:47,zhong
1988,立夏,1988-05-05 15:01:43,jie
1988,小满,1988-05-21 03:56:40,zhong
1988,芒种,1988-06-05 19:14:53,jie
1988,夏至,1988-06-21 11:56:31,zhong
1988,小暑,1988-07-07 05:32:54,jie
1988,大暑,1988-07-22 22:51:05,zhong
1988,立秋,1988-08-07 15:20:15,jie
1988,处暑,1988-08-23 05:54:00,zhong
1988,白露,1988-09-07 18:11:31,jie
1988,秋分,1988-09-23 03:28:50,zhong
1988,寒露,1988-10-08 09:44:30,jie
1988,霜降,1988-10-23 12:44:06,zhong
1988,立冬,1988-11-07 12:48:55,jie
1988,小雪,1988-11-22 10:11:59,zhong
1988,大雪,1988-12-07 05:34:28,jie
1988,冬至,1988-12-21 23:27:53,zhong
1989,小寒,1989-01-05 16:45:55,jie
1989,大寒,1989-01-20 10:06:59,zhong
1989,立春,1989-02-04 04:27:09,jie
1989,雨水,1989-02-19 00:20:30,zhong
1989,惊蛰,1989-03-05 22:34:08,jie
1989,春分,1989-03-20 23:28:15,zhong
1989,清明,1989-04-05 03:29:54,jie
1989,谷雨,1989-04-20 10:38:56,zhong
1989,立夏,1989-05-05 20:53:55,jie
1989,小满,1989-05-21 09:53:32,zhong
1989,芒种,1989-06-06 01:05:13,jie
1989,夏至,1989-06-21 17:53:00,zhong
1989,小暑,1989-07-07 11:19:25,jie
1989,大暑,1989-07-23 04:45:28,zhong
1989,立秋,1989-08-07 21:03:52,jie
1989,处暑,1989-08-23 11:46:13,zhong
1989,白露,1989-09-07 23:53:53,jie
1989,秋分,1989-09-23 09:19:37,zhong
1989,寒露,1989-10-08 15:27:19,jie
1989,霜降,1989-10-23 18:35:08,zhong
1989,立冬,1989-11-07 18:33:32,jie
1989,小雪,1989-11-22 16:04:37,zhong
1989,大雪,1989-12-07 11:20:57,jie
1989,冬至,1989-12-22 05:22:00,zhong
1990,小寒,1990-01-05 22:33:14,jie
1990,大寒,1990-01-20 16:01:33,zhong
1990,立春,1990-02-04 10:14:00,jie
1990,雨水,1990-02-19 06:14:01,zhong
1990,惊蛰,1990-03-06 04:19:18,jie
1990,春分,1990-03-21 05:19:15,zhong
1990,清明,1990-04-05 09:12:56,jie
1990,谷雨,1990-04-20 16:26:32,zhong
1990,立夏,1990-05-06 02:35:26,jie
1990,小满,1990-05-21 15:37:23,zhong
1990,芒种,1990-06-06 06:46:18,jie
1990,夏至,1990-06-21 23:32:46,zhong
1990,小暑,1990-07-07 17:00:28,jie
1990,大暑,1990-07-23 10:21:30,zhong
1990,立秋,1990-08-08 02:45:32,jie
1990,处暑,1990-08-23 17:20:49,zhong
1990,白露,1990-09-08 05:37:28,jie
1990,秋分,1990-09-23 14:55:29,zhong
1990,寒露,1990-10-08 21:13:49,jie
1990,霜降,1990-10-24 00:13:56,zhong
1990,立冬,1990-11-08 00:23:30,jie
1990,小雪,1990-11-22 21:46:55,zhong
1990,大雪,1990-12-07 17:14:10,jie
1990,冬至,1990-12-22 11:06:59,zhong
1991,小寒,1991-01-06 04:28:07,jie
1991,大寒,1991-01-20 21:47:05,zhong
1991,立春,1991-02-04 16:08:24,jie
1991,雨水,1991-02-19 11:58:20,zhong
1991,惊蛰,1991-03-06 10:12:15,jie
1991,春分,1991-03-21 11:01:56,zhong
1991,清明,1991-04-05 15:04:42,jie
1991,谷雨,1991-04-20 22:08:23,zhong
1991,立夏,1991-05-06 08:26:53,jie
1991,小满,1991-05-21 21:20:14,zhong
1991,芒种,1991-06-06 12:38:17,jie
1991,夏至,1991-06-22 05:18:47,zhong
1991,小暑,1991-07-07 22:52:59,jie
1991,大暑,1991-07-23 16:11:08,zhong
1991,立秋,1991-08-08 08:37:15,jie
1991,处暑,1991-08-23 23:12:51,zhong
1991,白露,1991-09-08 11:27:21,jie
1991,秋分,1991-09-23 20:48:06,zhong
1991,寒露,1991-10-09 03:01:07,jie
1991,霜降,1991-10-24 06:05:10,zhong
1991,立冬,1991-11-08 06:07:50,jie
1991,小雪,1991-11-23 03:35:45,zhong
1991,大雪,1991-12-07 22:56:00,jie
1991,冬至,1991-12-22 16:53:38,zhong
1992,小寒,1992-01-06 10:08:31,jie
1992,大寒,1992-01-21 03:32:29,zhong
1992,立春,1992-02-04 21:48:17,jie
1992,雨水,1992-02-19 17:43:30,zhong
1992,惊蛰,1992-03-05 15:52:08,jie
1992,春分,1992-03-20 16:48:04,zhong
1992,清明,1992-04-04 20:45:08,jie
1992,谷雨,1992-04-20 03:56:53,zhong
1992,立夏,1992-05-05 14:08:40,jie
1992,小满,1992-05-21 03:12:08,zhong
1992,芒种,1992-06-05 18:22:19,jie
1992,夏至,1992-06-21 11:14:08,zhong
1992,小暑,1992-07-07 04:40:15,jie
1992,大暑,1992-07-22 22:08:49,zhong
1992,立秋,1992-08-07 14:27:24,jie
1992,处暑,1992-08-23 05:10:06,zhong
1992,白露,1992-09-07 17:18:20,jie
1992,秋分,1992-09-23 02:42:46,zhong
1992,寒露,1992-10-08 08:51:29,jie
1992,霜降,1992-10-23 11:57:07,zhong
1992,立冬,1992-11-07 11:57:02,jie
1992,小雪,1992-11-22 09:25:51,zhong
1992,大雪,1992-12-07 04:44:12,jie
1992,冬至,1992-12-21 22:43:13,zhong
1993,小寒,1993-01-05 15:56:31,jie
1993,大寒,1993-01-20 09:22:49,zhong
1993,立春,1993-02-04 03:37:09,jie
1993,雨水,1993-02-18 23:35:10,zhong
1993,惊蛰,1993-03-05 21:42:32,jie
1993,春分,1993-03-20 22:40:39,zhong
1993,清明,1993-04-05 02:37:11,jie
1993,谷雨,1993-04-20 09:49:01,zhong
1993,立夏,1993-05-05 20:01:43,jie
1993,小满,1993-05-21 09:01:43,zhong
1993,芒种,1993-06-06 00:15:13,jie
1993,夏至,1993-06-21 16:59:44,zhong
1993,小暑,1993-07-07 10:32:02,jie
1993,大暑,1993-07-23 03:50:49,zhong
1993,立秋,1993-08-07 20:17:58,jie
1993,处暑,1993-08-23 10:50:18,zhong
1993,白露,1993-09-07 23:07:47,jie
1993,秋分,1993-09-23 08:22:30,zhong
1993,寒露,1993-10-08 14:40:02,jie
1993,霜降,1993-10-23 17:37:08,zhong
1993,立冬,1993-11-07 17:45:33,jie
1993,小雪,1993-11-22 15:06:51,zhong
1993,大雪,1993-12-07 10:33:49,jie
1993,冬至,1993-12-22 04:25:48,zhong
1994,小寒,1994-01-05 21:48:07,jie
1994,大寒,1994-01-20 15:07:24,zhong
1994,立春,1994-02-04 09:30:56,jie
1994,雨水,1994-02-19 05:21:38,zhong
1994,惊蛰,1994-03-06 03:37:42,jie
1994,春分,1994-03-21 04:28:01,zhong
1994,清明,1994-04-05 08:31:48,jie
1994,谷雨,1994-04-20 15:36:00,zhong
1994,立夏,1994-05-06 01:54:05,jie
1994,小满,1994-05-21 14:48:28,zhong
1994,芒种,1994-06-06 06:04:52,jie
1994,夏至,1994-06-21 22:47:32,zhong
1994,小暑,1994-07-07 16:19:22,jie
1994,大暑,1994-07-23 09:41:00,zhong
1994,立秋,1994-08-08 02:04:22,jie
1994,处暑,1994-08-23 16:43:45,zhong
1994,白露,1994-09-08 04:55:07,jie
1994,秋分,1994-09-23 14:19:13,zhong
1994,寒露,1994-10-08 20:29:05,jie
1994,霜降,1994-10-23 23:36:01,zhong
1994,立冬,1994-11-07 23:35:36,jie
1994,小雪,1994-11-22 21:05:58,zhong
1994,大雪,1994-12-07 16:22:53,jie
1994,冬至,1994-12-22 10:22:43,zhong
1995,小寒,1995-01-06 03:34:05,jie
1995,大寒,1995-01-20 21:00:27,zhong
1995,立春,1995-02-04 15:12:51,jie
1995,雨水,1995-02-19 11:10:44,zhong
1995,惊蛰,1995-03-06 09:16:04,jie
1995,春分,1995-03-21 10:14:27,zhong
1995,清明,1995-04-05 14:08:06,jie
1995,谷雨,1995-04-20 21:21:29,zhong
1995,立夏,1995-05-06 07:30:03,jie
1995,小满,1995-05-21 20:34:11,zhong
1995,芒种,1995-06-06 11:42:28,jie
1995,夏至,1995-06-22 04:34:22,zhong
1995,小暑,1995-07-07 22:01:00,jie
1995,大暑,1995-07-23 15:29:40,zhong
1995,立秋,1995-08-08 07:51:44,jie
1995,处暑,1995-08-23 22:34:50,zhong
1995,白露,1995-09-08 10:48:34,jie
1995,秋分,1995-09-23 20:13:00,zhong
1995,寒露,1995-10-09 02:27:12,jie
1995,霜降,1995-10-24 05:31:31,zhong
1995,立冬,1995-11-08 05:35:35,jie
1995,小雪,1995-11-23 03:01:23,zhong
1995,大雪,1995-12-07 22:22:15,jie
1995,冬至,1995-12-22 16:16:47,zhong
1996,小寒,1996-01-06 09:31:27,jie
1996,大寒,1996-01-21 02:52:30,zhong
1996,立春,1996-02-04 21:07:54,jie
1996,雨水,1996-02-19 17:00:43,zhong
1996,惊蛰,1996-03-05 15:09:39,jie
1996,春分,1996-03-20 16:03:04,zhong
1996,清明,1996-04-04 20:02:01,jie
1996,谷雨,1996-04-20 03:09:53,zhong
1996,立夏,1996-05-05 13:26:02,jie
1996,小满,1996-05-21 02:23:06,zhong
1996,芒种,1996-06-05 17:40:47,jie
1996,夏至,1996-06-21 10:23:44,zhong
1996,小暑,1996-07-07 04:00:00,jie
1996,大暑,1996-07-22 21:18:42,zhong
1996,立秋,1996-08-07 13:48:49,jie
1996,处暑,1996-08-23 04:22:50,zhong
1996,白露,1996-09-07 16:42:25,jie
1996,秋分,1996-09-23 02:00:06,zhong
1996,寒露,1996-10-08 08:18:42,jie
1996,霜降,1996-10-23 11:18:42,zhong
1996,立冬,1996-11-07 11:26:33,jie
1996,小雪,1996-11-22 08:49:24,zhong
1996,大雪,1996-12-07 04:14:00,jie
1996,冬至,1996-12-21 22:05:53,zhong
1997,小寒,1997-01-05 15:24:28,jie
1997,大寒,1997-01-20 08:42:31,zhong
1997,立春,1997-02-04 03:01:57,jie
1997,雨水,1997-02-18 22:51:29,zhong
1997,惊蛰,1997-03-05 21:04:07,jie
1997,春分,1997-03-20 21:54:40,zhong
1997,清明,1997-04-05 01:56:16,jie
1997,谷雨,1997-04-20 09:02:49,zhong
1997,立夏,1997-05-05 19:19:26,jie
1997,小满,1997-05-21 08:17:53,zhong
1997,芒种,1997-06-05 23:32:31,jie
1997,夏至,1997-06-21 16:19:56,zhong
1997,小暑,1997-07-07 09:49:23,jie
1997,大暑,1997-07-23 03:15:26,zhong
1997,立秋,1997-08-07 19:36:18,jie
1997,处暑,1997-08-23 10:19:11,zhong
1997,白露,1997-09-07 22:28:49,jie
1997,秋分,1997-09-23 07:55:47,zhong
1997,寒露,1997-10-08 14:05:10,jie
1997,霜降,1997-10-23 17:14:45,zhong
1997,立冬,1997-11-07 17:14:38,jie
1997,小雪,1997-11-22 14:47:33,zhong
1997,大雪,1997-12-07 10:04:52,jie
1997,冬至,1997-12-22 04:07:02,zhong
1998,小寒,1998-01-05 21:18:09,jie
1998,大寒,1998-01-20 14:46:04,zhong
1998,立春,1998-02-04 08:56:52,jie
1998,雨水,1998-02-19 04:54:53,zhong
1998,惊蛰,1998-03-06 02:57:15,jie
1998,春分,1998-03-21 03:54:32,zhong
1998,清明,1998-04-05 07:44:57,jie
1998,谷雨,1998-04-20 14:56:43,zhong
1998,立夏,1998-05-06 01:03:10,jie
1998,小满,1998-05-21 14:05:26,zhong
1998,芒种,1998-06-06 05:13:22,jie
1998,夏至,1998-06-21 22:02:34,zhong
1998,小暑,1998-07-07 15:30:25,jie
1998,大暑,1998-07-23 08:55:22,zhong
1998,立秋,1998-08-08 01:19:50,jie
1998,处暑,1998-08-23 15:58:56,zhong
1998,白露,1998-09-08 04:15:55,jie
1998,秋分,1998-09-23 13:37:11,zhong
1998,寒露,1998-10-08 19:55:45,jie
1998,霜降,1998-10-23 22:58:35,zhong
1998,立冬,1998-11-07 23:08:23,jie
1998,小雪,1998-11-22 20:34:12,zhong
1998,大雪,1998-12-07 16:01:35,jie
1998,冬至,1998-12-22 09:56:27,zhong
1999,小寒,1999-01-06 03:17:09,jie
1999,大寒,1999-01-20 20:37:21,zhong
1999,立春,1999-02-04 14:57:03,jie
1999,雨水,1999-02-19 10:46:50,zhong
1999,惊蛰,1999-03-06 08:57:42,jie
1999,春分,1999-03-21 09:45:50,zhong
1999,清明,1999-04-05 13:44:37,jie
1999,谷雨,1999-04-20 20:46:00,zhong
1999,立夏,1999-05-06 07:01:00,jie
1999,小满,1999-05-21 19:52:25,zhong
1999,芒种,1999-06-06 11:09:07,jie
1999,夏至,1999-06-22 03:49:07,zhong
1999,小暑,1999-07-07 21:24:59,jie
1999,大暑,1999-07-23 14:44:06,zhong
1999,立秋,1999-08-08 07:14:06,jie
1999,处暑,1999-08-23 21:51:05,zhong
1999,白露,1999-09-08 10:09:59,jie
1999,秋分,1999-09-23 19:31:31,zhong
1999,寒露,1999-10-09 01:48:21,jie
1999,霜降,1999-10-24 04:52:14,zhong
1999,立冬,1999-11-08 04:57:51,jie
1999,小雪,1999-11-23 02:24:50,zhong
1999,大雪,1999-12-07 21:47:27,jie
1999,冬至,1999-12-22 15:43:48,zhong
2000,小寒,2000-01-06 09:00:42,jie
2000,大寒,2000-01-21 02:23:03,zhong
2000,立春,2000-02-04 20:40:24,jie
2000,雨水,2000-02-19 16:33:18,zhong
2000,惊蛰,2000-03-05 14:42:40,jie
2000,春分,2000-03-20 15:35:15,zhong
2000,清明,2000-04-04 19:31:58,jie
2000,谷雨,2000-04-20 02:39:30,zhong
2000,立夏,2000-05-05 12:50:10,jie
2000,小满,2000-05-21 01:49:24,zhong
2000,芒种,2000-06-05 16:58:34,jie
2000,夏至,2000-06-21 09:47:43,zhong
2000,小暑,2000-07-07 03:13:56,jie
2000,大暑,2000-07-22 20:42:41,zhong
2000,立秋,2000-08-07 13:02:59,jie
2000,处暑,2000-08-23 03:48:31,zhong
2000,白露,2000-09-07 15:59:10,jie
2000,秋分,2000-09-23 01:27:35,zhong
2000,寒露,2000-10-08 07:38:13,jie
2000,霜降,2000-10-23 10:47:28,zhong
2000,立冬,2000-11-07 10:48:04,jie
2000,小雪,2000-11-22 08:19:20,zhong
2000,大雪,2000-12-07 03:37:02,jie
2000,冬至,2000-12-21 21:37:26,zhong
2001,小寒,2001-01-05 14:49:16,jie
2001,大寒,2001-01-20 08:16:18,zhong
2001,立春,2001-02-04 02:28:49,jie
2001,雨水,2001-02-18 22:27:16,zhong
2001,惊蛰,2001-03-05 20:32:28,jie
2001,春分,2001-03-20 21:30:44,zhong
2001,清明,2001-04-05 01:24:22,jie
2001,谷雨,2001-04-20 08:35:53,zhong
2001,立夏,2001-05-05 18:44:50,jie
2001,小满,2001-05-21 07:44:12,zhong
2001,芒种,2001-06-05 22:53:35,jie
2001,夏至,2001-06-21 15:37:43,zhong
2001,小暑,2001-07-07 09:06:42,jie
2001,大暑,2001-07-23 02:26:14,zhong
2001,立秋,2001-08-07 18:52:21,jie
2001,处暑,2001-08-23 09:27:08,zhong
2001,白露,2001-09-07 21:46:11,jie
2001,秋分,2001-09-23 07:04:28,zhong
2001,寒露,2001-10-08 13:25:01,jie
2001,霜降,2001-10-23 16:25:36,zhong
2001,立冬,2001-11-07 16:36:52,jie
2001,小雪,2001-11-22 14:00:28,zhong
2001,大雪,2001-12-07 09:28:53,jie
2001,冬至,2001-12-22 03:21:30,zhong
2002,小寒,2002-01-05 20:43:30,jie
2002,大寒,2002-01-20 14:02:01,zhong
2002,立春,2002-02-04 08:24:05,jie
2002,雨水,2002-02-19 04:13:18,zhong
2002,惊蛰,2002-03-06 02:27:33,jie
2002,春分,2002-03-21 03:16:07,zhong
2002,清明,2002-04-05 07:18:17,jie
2002,谷雨,2002-04-20 14:20:28,zhong
2002,立夏,2002-05-06 00:37:18,jie
2002,小满,2002-05-21 13:29:06,zhong
2002,芒种,2002-06-06 04:44:46,jie
2002,夏至,2002-06-21 21:24:24,zhong
2002,小暑,2002-07-07 14:56:11,jie
2002,大暑,2002-07-23 08:14:51,zhong
2002,立秋,2002-08-08 00:39:18,jie
2002,处暑,2002-08-23 15:16:58,zhong
2002,白露,2002-09-08 03:31:02,jie
2002,秋分,2002-09-23 12:55:23,zhong
2002,寒露,2002-10-08 19:09:18,jie
2002,霜降,2002-10-23 22:17:49,zhong
2002,立冬,2002-11-07 22:21:49,jie
2002,小雪,2002-11-22 19:53:44,zhong
2002,大雪,2002-12-07 15:14:14,jie
2002,冬至,2002-12-22 09:14:22,zhong
2003,小寒,2003-01-06 02:27:43,jie
2003,大寒,2003-01-20 19:52:35,zhong
2003,立春,2003-02-04 14:05:20,jie
2003,雨水,2003-02-19 10:00:13,zhong
2003,惊蛰,2003-03-06 08:04:52,jie
2003,春分,2003-03-21 08:59:46,zhong
2003,清明,2003-04-05 12:52:29,jie
2003,谷雨,2003-04-20 20:02:48,zhong
2003,立夏,2003-05-06 06:10:29,jie
2003,小满,2003-05-21 19:12:25,zhong
2003,芒种,2003-06-06 10:19:43,jie
2003,夏至,2003-06-22 03:10:28,zhong
2003,小暑,2003-07-07 20:35:39,jie
2003,大暑,2003-07-23 14:04:08,zhong
2003,立秋,2003-08-08 06:24:18,jie
2003,处暑,2003-08-23 21:08:10,zhong
2003,白露,2003-09-08 09:20:14,jie
2003,秋分,2003-09-23 18:46:49,zhong
2003,寒露,2003-10-09 01:00:33,jie
2003,霜降,2003-10-24 04:08:27,zhong
2003,立冬,2003-11-08 04:13:11,jie
2003,小雪,2003-11-23 01:43:21,zhong
2003,大雪,2003-12-07 21:05:09,jie
2003,冬至,2003-12-22 15:03:48,zhong
2004,小寒,2004-01-06 08:18:33,jie
2004,大寒,2004-01-21 01:42:22,zhong
2004,立春,2004-02-04 19:56:13,jie
2004,雨水,2004-02-19 15:49:59,zhong
2004,惊蛰,2004-03-05 13:55:38,jie
2004,春分,2004-03-20 14:48:38,zhong
2004,清明,2004-04-04 18:43:19,jie
2004,谷雨,2004-04-20 01:50:25,zhong
2004,立夏,2004-05-05 12:02:28,jie
2004,小满,2004-05-21 00:59:12,zhong
2004,芒种,2004-06-05 16:13:46,jie
2004,夏至,2004-06-21 08:56:51,zhong
2004,小暑,2004-07-07 02:31:16,jie
2004,大暑,2004-07-22 19:50:09,zhong
2004,立秋,2004-08-07 12:19:36,jie
2004,处暑,2004-08-23 02:53:15,zhong
2004,白露,2004-09-07 15:12:55,jie
2004,秋分,2004-09-23 00:29:50,zhong
2004,寒露,2004-10-08 06:49:18,jie
2004,霜降,2004-10-23 09:48:49,zhong
2004,立冬,2004-11-07 09:58:33,jie
2004,小雪,2004-11-22 07:21:40,zhong
2004,大雪,2004-12-07 02:48:57,jie
2004,冬至,2004-12-21 20:41:36,zhong
2005,小寒,2005-01-05 14:02:59,jie
2005,大寒,2005-01-20 07:21:34,zhong
2005,立春,2005-02-04 01:43:02,jie
2005,雨水,2005-02-18 21:31:57,zhong
2005,惊蛰,2005-03-05 19:45:10,jie
2005,春分,2005-03-20 20:33:26,zhong
2005,清明,2005-04-05 00:34:17,jie
2005,谷雨,2005-04-20 07:37:15,zhong
2005,立夏,2005-05-05 17:52:50,jie
2005,小满,2005-05-21 06:47:24,zhong
2005,芒种,2005-06-05 22:01:52,jie
2005,夏至,2005-06-21 14:46:07,zhong
2005,小暑,2005-07-07 08:16:34,jie
2005,大暑,2005-07-23 01:40:42,zhong
2005,立秋,2005-08-07 18:03:21,jie
2005,处暑,2005-08-23 08:45:27,zhong
2005,白露,2005-09-07 20:56:40,jie
2005,秋分,2005-09-23 06:23:11,zhong
2005,寒露,2005-10-08 12:33:18,jie
2005,霜降,2005-10-23 15:42:20,zhong
2005,立冬,2005-11-07 15:42:26,jie
2005,小雪,2005-11-22 13:14:58,zhong
2005,大雪,2005-12-07 08:32:41,jie
2005,冬至,2005-12-22 02:34:56,zhong
2006,小寒,2006-01-05 19:46:57,jie
2006,大寒,2006-01-20 13:15:18,zhong
2006,立春,2006-02-04 07:27:16,jie
2006,雨水,2006-02-19 03:25:34,zhong
2006,惊蛰,2006-03-06 01:28:40,jie
2006,春分,2006-03-21 02:25:34,zhong
2006,清明,2006-04-05 06:15:31,jie
2006,谷雨,2006-04-20 13:26:03,zhong
2006,立夏,2006-05-05 23:30:39,jie
2006,小满,2006-05-21 12:31:33,zhong
2006,芒种,2006-06-06 03:36:59,jie
2006,夏至,2006-06-21 20:25:52,zhong
2006,小暑,2006-07-07 13:51:27,jie
2006,大暑,2006-07-23 07:17:42,zhong
2006,立秋,2006-08-07 23:40:47,jie
2006,处暑,2006-08-23 14:22:35,zhong
2006,白露,2006-09-08 02:39:01,jie
2006,秋分,2006-09-23 12:03:22,zhong
2006,寒露,2006-10-08 18:21:23,jie
2006,霜降,2006-10-23 21:26:28,zhong
2006,立冬,2006-11-07 21:34:51,jie
2006,小雪,2006-11-22 19:01:45,zhong
2006,大雪,2006-12-07 14:26:49,jie
2006,冬至,2006-12-22 08:22:06,zhong
2007,小寒,2007-01-06 01:40:10,jie
2007,大寒,2007-01-20 19:00:50,zhong
2007,立春,2007-02-04 13:18:12,jie
2007,雨水,2007-02-19 09:08:56,zhong
2007,惊蛰,2007-03-06 07:17:59,jie
2007,春分,2007-03-21 08:07:26,zhong
2007,清明,2007-04-05 12:04:39,jie
2007,谷雨,2007-04-20 19:07:05,zhong
2007,立夏,2007-05-06 05:20:24,jie
2007,小满,2007-05-21 18:11:57,zhong
2007,芒种,2007-06-06 09:27:04,jie
2007,夏至,2007-06-22 02:06:26,zhong
2007,小暑,2007-07-07 19:41:44,jie
2007,大暑,2007-07-23 13:00:10,zhong
2007,立秋,2007-08-08 05:31:15,jie
2007,处暑,2007-08-23 20:07:57,zhong
2007,白露,2007-09-08 08:29:29,jie
2007,秋分,2007-09-23 17:51:14,zhong
2007,寒露,2007-10-09 00:11:29,jie
2007,霜降,2007-10-24 03:15:24,zhong
2007,立冬,2007-11-08 03:24:01,jie
2007,小雪,2007-11-23 00:49:53,zhong
2007,大雪,2007-12-07 20:14:05,jie
2007,冬至,2007-12-22 14:07:48,zhong
2008,小寒,2008-01-06 07:24:50,jie
2008,大寒,2008-01-21 00:43:32,zhong
2008,立春,2008-02-04 19:00:24,jie
2008,雨水,2008-02-19 14:49:33,zhong
2008,惊蛰,2008-03-05 12:58:48,jie
2008,春分,2008-03-20 13:48:17,zhong
2008,清明,2008-04-04 17:45:52,jie
2008,谷雨,2008-04-20 00:51:08,zhong
2008,立夏,2008-05-05 11:03:26,jie
2008,小满,2008-05-21 00:00:54,zhong
2008,芒种,2008-06-05 15:11:44,jie
2008,夏至,2008-06-21 07:59:21,zhong
2008,小暑,2008-07-07 01:26:49,jie
2008,大暑,2008-07-22 18:54:48,zhong
2008,立秋,2008-08-07 11:16:10,jie
2008,处暑,2008-08-23 02:02:14,zhong
2008,白露,2008-09-07 14:14:08,jie
2008,秋分,2008-09-22 23:44:30,zhong
2008,寒露,2008-10-08 05:56:38,jie
2008,霜降,2008-10-23 09:08:39,zhong
2008,立冬,2008-11-07 09:10:34,jie
2008,小雪,2008-11-22 06:44:20,zhong
2008,大雪,2008-12-07 02:02:18,jie
2008,冬至,2008-12-21 20:03:45,zhong
2009,小寒,2009-01-05 13:14:08,jie
2009,大寒,2009-01-20 06:40:20,zhong
2009,立春,2009-02-04 00:49:48,jie
2009,雨水,2009-02-18 20:46:07,zhong
2009,惊蛰,2009-03-05 18:47:31,jie
2009,春分,2009-03-20 19:43:39,zhong
2009,清明,2009-04-04 23:33:47,jie
2009,谷雨,2009-04-20 06:44:25,zhong
2009,立夏,2009-05-05 16:50:50,jie
2009,小满,2009-05-21 05:51:10,zhong
2009,芒种,2009-06-05 20:59:04,jie
2009,夏至,2009-06-21 13:45:30,zhong
2009,小暑,2009-07-07 07:13:29,jie
2009,大暑,2009-07-23 00:35:42,zhong
2009,立秋,2009-08-07 17:01:09,jie
2009,处暑,2009-08-23 07:38:34,zhong
2009,白露,2009-09-07 19:57:37,jie
2009,秋分,2009-09-23 05:18:36,zhong
2009,寒露,2009-10-08 11:40:04,jie
2009,霜降,2009-10-23 14:43:28,zhong
2009,立冬,2009-11-07 14:56:16,jie
2009,小雪,2009-11-22 12:22:34,zhong
2009,大雪,2009-12-07 07:52:14,jie
2009,冬至,2009-12-22 01:46:47,zhong
2010,小寒,2010-01-05 19:08:47,jie
2010,大寒,2010-01-20 12:27:42,zhong
2010,立春,2010-02-04 06:47:51,jie
2010,雨水,2010-02-19 02:35:38,zhong
2010,惊蛰,2010-03-06 00:46:22,jie
2010,春分,2010-03-21 01:32:13,zhong
2010,清明,2010-04-05 05:30:30,jie
2010,谷雨,2010-04-20 12:29:48,zhong
2010,立夏,2010-05-05 22:44:02,jie
2010,小满,2010-05-21 11:33:54,zhong
2010,芒种,2010-06-06 02:49:24,jie
2010,夏至,2010-06-21 19:28:25,zhong
2010,小暑,2010-07-07 13:02:23,jie
2010,大暑,2010-07-23 06:21:13,zhong
2010,立秋,2010-08-07 22:49:07,jie
2010,处暑,2010-08-23 13:26:57,zhong
2010,白露,2010-09-08 01:44:41,jie
2010,秋分,2010-09-23 11:09:03,zhong
2010,寒露,2010-10-08 17:26:29,jie
2010,霜降,2010-10-23 20:35:04,zhong
2010,立冬,2010-11-07 20:42:30,jie
2010,小雪,2010-11-22 18:14:34,zhong
2010,大雪,2010-12-07 13:38:23,jie
2010,冬至,2010-12-22 07:38:27,zhong
2011,小寒,2011-01-06 00:54:37,jie
2011,大寒,2011-01-20 18:18:32,zhong
2011,立春,2011-02-04 12:32:56,jie
2011,雨水,2011-02-19 08:25:20,zhong
2011,惊蛰,2011-03-06 06:29:59,jie
2011,春分,2011-03-21 07:20:44,zhong
2011,清明,2011-04-05 11:11:59,jie
2011,谷雨,2011-04-20 18:17:26,zhong
2011,立夏,2011-05-06 04:23:13,jie
2011,小满,2011-05-21 17:21:10,zhong
2011,芒种,2011-06-06 08:27:20,jie
2011,夏至,2011-06-22 01:16:30,zhong
2011,小暑,2011-07-07 18:42:00,jie
2011,大暑,2011-07-23 12:11:49,zhong
2011,立秋,2011-08-08 04:33:26,jie
2011,处暑,2011-08-23 19:20:38,zhong
2011,白露,2011-09-08 07:34:14,jie
2011,秋分,2011-09-23 17:04:38,zhong
2011,寒露,2011-10-08 23:19:06,jie
2011,霜降,2011-10-24 02:30:19,zhong
2011,立冬,2011-11-08 02:34:56,jie
2011,小雪,2011-11-23 00:07:49,zhong
2011,大雪,2011-12-07 19:29:00,jie
2011,冬至,2011-12-22 13:30:02,zhong
2012,小寒,2012-01-06 06:43:55,jie
2012,大寒,2012-01-21 00:09:50,zhong
2012,立春,2012-02-04 18:22:24,jie
2012,雨水,2012-02-19 14:17:36,zhong
2012,惊蛰,2012-03-05 12:21:03,jie
2012,春分,2012-03-20 13:14:26,zhong
2012,清明,2012-04-04 17:05:37,jie
2012,谷雨,2012-04-20 00:12:05,zhong
2012,立夏,2012-05-05 10:19:41,jie
2012,小满,2012-05-20 23:15:31,zhong
2012,芒种,2012-06-05 14:25:54,jie
2012,夏至,2012-06-21 07:08:48,zhong
2012,小暑,2012-07-07 00:40:43,jie
2012,大暑,2012-07-22 18:00:52,zhong
2012,立秋,2012-08-07 10:30:33,jie
2012,处暑,2012-08-23 01:06:50,zhong
2012,白露,2012-09-07 13:29:01,jie
2012,秋分,2012-09-22 22:48:59,zhong
2012,寒露,2012-10-08 05:11:43,jie
2012,霜降,2012-10-23 08:13:34,zhong
2012,立冬,2012-11-07 08:25:57,jie
2012,小雪,2012-11-22 05:50:08,zhong
2012,大雪,2012-12-07 01:18:56,jie
2012,冬至,2012-12-21 19:11:36,zhong
2013,小寒,2013-01-05 12:33:38,jie
2013,大寒,2013-01-20 05:51:43,zhong
2013,立春,2013-02-04 00:13:25,jie
2013,雨水,2013-02-18 20:01:36,zhong
2013,惊蛰,2013-03-05 18:14:51,jie
2013,春分,2013-03-20 19:01:56,zhong
2013,清明,2013-04-04 23:02:27,jie
2013,谷雨,2013-04-20 06:03:18,zhong
2013,立夏,2013-05-05 16:18:10,jie
2013,小满,2013-05-21 05:09:30,zhong
2013,芒种,2013-06-05 20:23:19,jie
2013,夏至,2013-06-21 13:03:56,zhong
2013,小暑,2013-07-07 06:34:36,jie
2013,大暑,2013-07-22 23:55:58,zhong
2013,立秋,2013-08-07 16:20:22,jie
2013,处暑,2013-08-23 07:01:42,zhong
2013,白露,2013-09-07 19:16:16,jie
2013,秋分,2013-09-23 04:44:08,zhong
2013,寒露,2013-10-08 10:58:30,jie
2013,霜降,2013-10-23 14:09:48,zhong
2013,立冬,2013-11-07 14:13:53,jie
2013,小雪,2013-11-22 11:48:07,zhong
2013,大雪,2013-12-07 07:08:32,jie
2013,冬至,2013-12-22 01:11:00,zhong
2014,小寒,2014-01-05 18:24:11,jie
2014,大寒,2014-01-20 11:51:15,zhong
2014,立春,2014-02-04 06:03:16,jie
2014,雨水,2014-02-19 01:59:30,zhong
2014,惊蛰,2014-03-06 00:02:16,jie
2014,春分,2014-03-21 00:57:06,zhong
2014,清明,2014-04-05 04:46:40,jie
2014,谷雨,2014-04-20 11:55:33,zhong
2014,立夏,2014-05-05 21:59:26,jie
2014,小满,2014-05-21 10:59:02,zhong
2014,芒种,2014-06-06 02:03:02,jie
2014,夏至,2014-06-21 18:51:13,zhong
2014,小暑,2014-07-07 12:14:46,jie
2014,大暑,2014-07-23 05:41:21,zhong
2014,立秋,2014-08-07 22:02:28,jie
2014,处暑,2014-08-23 12:45:59,zhong
2014,白露,2014-09-08 01:01:25,jie
2014,秋分,2014-09-23 10:29:05,zhong
2014,寒露,2014-10-08 16:47:30,jie
2014,霜降,2014-10-23 19:57:03,zhong
2014,立冬,2014-11-07 20:06:40,jie
2014,小雪,2014-11-22 17:38:11,zhong
2014,大雪,2014-12-07 13:04:05,jie
2014,冬至,2014-12-22 07:03:01,zhong
2015,小寒,2015-01-06 00:20:32,jie
2015,大寒,2015-01-20 17:43:14,zhong
2015,立春,2015-02-04 11:58:27,jie
2015,雨水,2015-02-19 07:49:48,zhong
2015,惊蛰,2015-03-06 05:55:40,jie
2015,春分,2015-03-21 06:45:08,zhong
2015,清明,2015-04-05 10:39:07,jie
2015,谷雨,2015-04-20 17:41:51,zhong
2015,立夏,2015-05-06 03:52:36,jie
2015,小满,2015-05-21 16:44:46,zhong
2015,芒种,2015-06-06 07:58:10,jie
2015,夏至,2015-06-22 00:37:54,zhong
2015,小暑,2015-07-07 18:12:15,jie
2015,大暑,2015-07-23 11:30:26,zhong
2015,立秋,2015-08-08 04:01:24,jie
2015,处暑,2015-08-23 18:37:17,zhong
2015,白露,2015-09-08 06:59:34,jie
2015,秋分,2015-09-23 16:20:32,zhong
2015,寒露,2015-10-08 22:42:49,jie
2015,霜降,2015-10-24 01:46:43,zhong
2015,立冬,2015-11-08 01:58:37,jie
2015,小雪,2015-11-22 23:25:17,zhong
2015,大雪,2015-12-07 18:53:21,jie
2015,冬至,2015-12-22 12:47:56,zhong
2016,小寒,2016-01-06 06:08:23,jie
2016,大寒,2016-01-20 23:27:06,zhong
2016,立春,2016-02-04 17:46:03,jie
2016,雨水,2016-02-19 13:33:43,zhong
2016,惊蛰,2016-03-05 11:43:33,jie
2016,春分,2016-03-20 12:30:11,zhong
2016,清明,2016-04-04 16:27:31,jie
2016,谷雨,2016-04-19 23:29:26,zhong
2016,立夏,2016-05-05 09:41:53,jie
2016,小满,2016-05-20 22:36:29,zhong
2016,芒种,2016-06-05 13:48:30,jie
2016,夏至,2016-06-21 06:34:11,zhong
2016,小暑,2016-07-07 00:03:21,jie
2016,大暑,2016-07-22 17:30:12,zhong
2016,立秋,2016-08-07 09:53:01,jie
2016,处暑,2016-08-23 00:38:29,zhong
2016,白露,2016-09-07 12:51:05,jie
2016,秋分,2016-09-22 22:21:08,zhong
2016,寒露,2016-10-08 04:33:23,jie
2016,霜降,2016-10-23 07:45:33,zhong
2016,立冬,2016-11-07 07:47:41,jie
2016,小雪,2016-11-22 05:22:23,zhong
2016,大雪,2016-12-07 00:41:07,jie
2016,冬至,2016-12-21 18:44:10,zhong
2017,小寒,2017-01-05 11:55:45,jie
2017,大寒,2017-01-20 05:23:36,zhong
2017,立春,2017-02-03 23:34:04,jie
2017,雨水,2017-02-18 19:31:19,zhong
2017,惊蛰,2017-03-05 17:32:43,jie
2017,春分,2017-03-20 18:28:38,zhong
2017,清明,2017-04-04 22:17:19,jie
2017,谷雨,2017-04-20 05:27:01,zhong
2017,立夏,2017-05-05 15:31:02,jie
2017,小满,2017-05-21 04:30:56,zhong
2017,芒种,2017-06-05 19:36:36,jie
2017,夏至,2017-06-21 12:24:09,zhong
2017,小暑,2017-07-07 05:50:42,jie
2017,大暑,2017-07-22 23:15:21,zhong
2017,立秋,2017-08-07 15:40:01,jie
2017,处暑,2017-08-23 06:20:13,zhong
2017,白露,2017-09-07 18:38:38,jie
2017,秋分,2017-09-23 04:01:47,zhong
2017,寒露,2017-10-08 10:22:09,jie
2017,霜降,2017-10-23 13:26:40,zhong
2017,立冬,2017-11-07 13:37:49,jie
2017,小雪,2017-11-22 11:04:38,zhong
2017,大雪,2017-12-07 06:32:39,jie
2017,冬至,2017-12-22 00:27:57,zhong
2018,小寒,2018-01-05 17:48:45,jie
2018,大寒,2018-01-20 11:09:02,zhong
2018,立春,2018-02-04 05:28:30,jie
2018,雨水,2018-02-19 01:18:01,zhong
2018,惊蛰,2018-03-05 23:28:11,jie
2018,春分,2018-03-21 00:15:28,zhong
2018,清明,2018-04-05 04:12:47,jie
2018,谷雨,2018-04-20 11:12:33,zhong
2018,立夏,2018-05-05 21:25:22,jie
2018,小满,2018-05-21 10:14:38,zhong
2018,芒种,2018-06-06 01:29:09,jie
2018,夏至,2018-06-21 18:07:18,zhong
2018,小暑,2018-07-07 11:41:53,jie
2018,大暑,2018-07-23 05:00:21,zhong
2018,立秋,2018-08-07 21:30:40,jie
2018,处暑,2018-08-23 12:08:35,zhong
2018,白露,2018-09-08 00:29:42,jie
2018,秋分,2018-09-23 09:54:07,zhong
2018,寒露,2018-10-08 16:14:43,jie
2018,霜降,2018-10-23 19:22:24,zhong
2018,立冬,2018-11-07 19:31:45,jie
2018,小雪,2018-11-22 17:01:30,zhong
2018,大雪,2018-12-07 12:25:55,jie
2018,冬至,2018-12-22 06:22:45,zhong
2019,小寒,2019-01-05 23:38:58,jie
2019,大寒,2019-01-20 16:59:34,zhong
2019,立春,2019-02-04 11:14:21,jie
2019,雨水,2019-02-19 07:03:58,zhong
2019,惊蛰,2019-03-06 05:09:46,jie
2019,春分,2019-03-21 05:58:27,zhong
2019,清明,2019-04-05 09:51:28,jie
2019,谷雨,2019-04-20 16:55:17,zhong
2019,立夏,2019-05-06 03:02:48,jie
2019,小满,2019-05-21 15:59:09,zhong
2019,芒种,2019-06-06 07:06:26,jie
2019,夏至,2019-06-21 23:54:17,zhong
2019,小暑,2019-07-07 17:20:33,jie
2019,大暑,2019-07-23 10:50:24,zhong
2019,立秋,2019-08-08 03:13:05,jie
2019,处暑,2019-08-23 18:02:01,zhong
2019,白露,2019-09-08 06:16:54,jie
2019,秋分,2019-09-23 15:50:11,zhong
2019,寒露,2019-10-08 22:05:40,jie
2019,霜降,2019-10-24 01:19:46,zhong
2019,立冬,2019-11-08 01:24:24,jie
2019,小雪,2019-11-22 22:58:57,zhong
2019,大雪,2019-12-07 18:18:30,jie
2019,冬至,2019-12-22 12:19:28,zhong
2020,小寒,2020-01-06 05:30:06,jie
2020,大寒,2020-01-20 22:54:40,zhong
2020,立春,2020-02-04 17:03:19,jie
2020,雨水,2020-02-19 12:57:00,zhong
2020,惊蛰,2020-03-05 10:56:52,jie
2020,春分,2020-03-20 11:49:37,zhong
2020,清明,2020-04-04 15:38:09,jie
2020,谷雨,2020-04-19 22:45:29,zhong
2020,立夏,2020-05-05 08:51:23,jie
2020,小满,2020-05-20 21:49:17,zhong
2020,芒种,2020-06-05 12:58:26,jie
2020,夏至,2020-06-21 05:43:41,zhong
2020,小暑,2020-07-06 23:14:28,jie
2020,大暑,2020-07-22 16:36:52,zhong
2020,立秋,2020-08-07 09:06:11,jie
2020,处暑,2020-08-22 23:44:56,zhong
2020,白露,2020-09-07 12:08:02,jie
2020,秋分,2020-09-22 21:30:40,zhong
2020,寒露,2020-10-08 03:55:16,jie
2020,霜降,2020-10-23 06:59:34,zhong
2020,立冬,2020-11-07 07:13:55,jie
2020,小雪,2020-11-22 04:39:46,zhong
2020,大雪,2020-12-07 00:09:30,jie
2020,冬至,2020-12-21 18:02:21,zhong
2021,小寒,2021-01-05 11:23:26,jie
2021,大寒,2021-01-20 04:39:51,zhong
2021,立春,2021-02-03 22:58:48,jie
2021,雨水,2021-02-18 18:43:58,zhong
2021,惊蛰,2021-03-05 16:53:42,jie
2021,春分,2021-03-20 17:37:28,zhong
2021,清明,2021-04-04 21:35:07,jie
2021,谷雨,2021-04-20 04:33:23,zhong
2021,立夏,2021-05-05 14:47:11,jie
2021,小满,2021-05-21 03:37:07,zhong
2021,芒种,2021-06-05 18:52:06,jie
2021,夏至,2021-06-21 11:32:10,zhong
2021,小暑,2021-07-07 05:05:29,jie
2021,大暑,2021-07-22 22:26:25,zhong
2021,立秋,2021-08-07 14:53:58,jie
2021,处暑,2021-08-23 05:34:58,zhong
2021,白露,2021-09-07 17:52:56,jie
2021,秋分,2021-09-23 03:21:05,zhong
2021,寒露,2021-10-08 09:39:03,jie
2021,霜降,2021-10-23 12:51:10,zhong
2021,立冬,2021-11-07 12:58:47,jie
2021,小雪,2021-11-22 10:33:45,zhong
2021,大雪,2021-12-07 05:57:06,jie
2021,冬至,2021-12-21 23:59:19,zhong
2022,小寒,2022-01-05 17:14:04,jie
2022,大寒,2022-01-20 10:39:06,zhong
2022,立春,2022-02-04 04:50:47,jie
2022,雨水,2022-02-19 00:43:01,zhong
2022,惊蛰,2022-03-05 22:43:45,jie
2022,春分,2022-03-20 23:33:26,zhong
2022,清明,2022-04-05 03:20:14,jie
2022,谷雨,2022-04-20 10:24:18,zhong
2022,立夏,2022-05-05 20:25:57,jie
2022,小满,2022-05-21 09:22:36,zhong
2022,芒种,2022-06-06 00:25:49,jie
2022,夏至,2022-06-21 17:13:51,zhong
2022,小暑,2022-07-07 10:38:01,jie
2022,大暑,2022-07-23 04:07:00,zhong
2022,立秋,2022-08-07 20:29:08,jie
2022,处暑,2022-08-23 11:16:11,zhong
2022,白露,2022-09-07 23:32:18,jie
2022,秋分,2022-09-23 09:03:43,zhong
2022,寒露,2022-10-08 15:22:28,jie
2022,霜降,2022-10-23 18:35:43,zhong
2022,立冬,2022-11-07 18:45:30,jie
2022,小雪,2022-11-22 16:20:30,zhong
2022,大雪,2022-12-07 11:46:16,jie
2022,冬至,2022-12-22 05:48:12,zhong
2023,小寒,2023-01-05 23:04:51,jie
2023,大寒,2023-01-20 16:29:32,zhong
2023,立春,2023-02-04 10:42:33,jie
2023,雨水,2023-02-19 06:34:17,zhong
2023,惊蛰,2023-03-06 04:36:14,jie
2023,春分,2023-03-21 05:24:26,zhong
2023,清明,2023-04-05 09:13:04,jie
2023,谷雨,2023-04-20 16:13:37,zhong
2023,立夏,2023-05-06 02:18:46,jie
2023,小满,2023-05-21 15:09:10,zhong
2023,芒种,2023-06-06 06:18:21,jie
2023,夏至,2023-06-21 22:57:49,zhong
2023,小暑,2023-07-07 16:30:41,jie
2023,大暑,2023-07-23 09:50:27,zhong
2023,立秋,2023-08-08 02:22:53,jie
2023,处暑,2023-08-23 17:01:18,zhong
2023,白露,2023-09-08 05:26:43,jie
2023,秋分,2023-09-23 14:49:58,zhong
2023,寒露,2023-10-08 21:15:34,jie
2023,霜降,2023-10-24 00:20:50,zhong
2023,立冬,2023-11-08 00:35:35,jie
2023,小雪,2023-11-22 22:02:41,zhong
2023,大雪,2023-12-07 17:32:55,jie
2023,冬至,2023-12-22 11:27:20,zhong
2024,小寒,2024-01-06 04:49:22,jie
2024,大寒,2024-01-20 22:07:22,zhong
2024,立春,2024-02-04 16:27:07,jie
2024,雨水,2024-02-19 12:13:12,zhong
2024,惊蛰,2024-03-05 10:22:45,jie
2024,春分,2024-03-20 11:06:25,zhong
2024,清明,2024-04-04 15:02:17,jie
2024,谷雨,2024-04-19 21:59:47,zhong
2024,立夏,2024-05-05 08:10:05,jie
2024,小满,2024-05-20 20:59:31,zhong
2024,芒种,2024-06-05 12:09:54,jie
2024,夏至,2024-06-21 04:51:00,zhong
2024,小暑,2024-07-06 22:20:03,jie
2024,大暑,2024-07-22 15:44:26,zhong
2024,立秋,2024-08-07 08:09:16,jie
2024,处暑,2024-08-22 22:55:03,zhong
2024,白露,2024-09-07 11:11:20,jie
2024,秋分,2024-09-22 20:43:42,zhong
2024,寒露,2024-10-08 02:59:57,jie
2024,霜降,2024-10-23 06:14:47,zhong
2024,立冬,2024-11-07 06:20:04,jie
2024,小雪,2024-11-22 03:56:31,zhong
2024,大雪,2024-12-06 23:17:03,jie
2024,冬至,2024-12-21 17:20:35,zhong
2025,小寒,2025-01-05 10:32:47,jie
2025,大寒,2025-01-20 04:00:08,zhong
2025,立春,2025-02-03 22:10:28,jie
2025,雨水,2025-02-18 18:06:34,zhong
2025,惊蛰,2025-03-05 16:07:18,jie
2025,春分,2025-03-20 17:01:29,zhong
2025,清明,2025-04-04 20:48:36,jie
2025,谷雨,2025-04-20 03:56:01,zhong
2025,立夏,2025-05-05 13:57:13,jie
2025,小满,2025-05-21 02:54:39,zhong
2025,芒种,2025-06-05 17:56:32,jie
2025,夏至,2025-06-21 10:42:16,zhong
2025,小暑,2025-07-07 04:04:59,jie
2025,大暑,2025-07-22 21:29:27,zhong
2025,立秋,2025-08-07 13:51:35,jie
2025,处暑,2025-08-23 04:33:51,zhong
2025,白露,2025-09-07 16:51:57,jie
2025,秋分,2025-09-23 02:19:20,zhong
2025,寒露,2025-10-08 08:41:13,jie
2025,霜降,2025-10-23 11:50:56,zhong
2025,立冬,2025-11-07 12:04:04,jie
2025,小雪,2025-11-22 09:35:35,zhong
2025,大雪,2025-12-07 05:04:37,jie
2025,冬至,2025-12-21 23:03:05,zhong
2026,小寒,2026-01-05 16:23:10,jie
2026,大寒,2026-01-20 09:44:56,zhong
2026,立春,2026-02-04 04:02:08,jie
2026,雨水,2026-02-18 23:51:56,zhong
2026,惊蛰,2026-03-05 21:59:00,jie
2026,春分,2026-03-20 22:45:59,zhong
2026,清明,2026-04-05 02:40:00,jie
2026,谷雨,2026-04-20 09:39:08,zhong
2026,立夏,2026-05-05 19:48:44,jie
2026,小满,2026-05-21 08:36:45,zhong
2026,芒种,2026-06-05 23:48:21,jie
2026,夏至,2026-06-21 16:24:30,zhong
2026,小暑,2026-07-07 09:56:57,jie
2026,大暑,2026-07-23 03:13:05,zhong
2026,立秋,2026-08-07 19:42:43,jie
2026,处暑,2026-08-23 10:18:49,zhong
2026,白露,2026-09-07 22:41:16,jie
2026,秋分,2026-09-23 08:05:14,zhong
2026,寒露,2026-10-08 14:29:17,jie
2026,霜降,2026-10-23 17:37:57,zhong
2026,立冬,2026-11-07 17:52:05,jie
2026,小雪,2026-11-22 15:23:21,zhong
2026,大雪,2026-12-07 10:52:32,jie
2026,冬至,2026-12-22 04:50:14,zhong
2027,小寒,2027-01-05 22:09:58,jie
2027,大寒,2027-01-20 15:29:50,zhong
2027,立春,2027-02-04 09:46:18,jie
2027,雨水,2027-02-19 05:33:29,zhong
2027,惊蛰,2027-03-06 03:39:33,jie
2027,春分,2027-03-21 04:24:42,zhong
2027,清明,2027-04-05 08:17:31,jie
2027,谷雨,2027-04-20 15:17:38,zhong
2027,立夏,2027-05-06 01:25:12,jie
2027,小满,2027-05-21 14:18:14,zhong
2027,芒种,2027-06-06 05:25:48,jie
2027,夏至,2027-06-21 22:10:50,zhong
2027,小暑,2027-07-07 15:37:03,jie
2027,大暑,2027-07-23 09:04:39,zhong
2027,立秋,2027-08-08 01:26:46,jie
2027,处暑,2027-08-23 16:14:19,zhong
2027,白露,2027-09-08 04:28:28,jie
2027,秋分,2027-09-23 14:01:43,zhong
2027,寒露,2027-10-08 20:17:06,jie
2027,霜降,2027-10-23 23:32:52,zhong
2027,立冬,2027-11-07 23:38:35,jie
2027,小雪,2027-11-22 21:16:14,zhong
2027,大雪,2027-12-07 16:37:41,jie
2027,冬至,2027-12-22 10:42:10,zhong
2028,小寒,2028-01-06 03:54:39,jie
2028,大寒,2028-01-20 21:21:57,zhong
2028,立春,2028-02-04 15:31:13,jie
2028,雨水,2028-02-19 11:26:02,zhong
2028,惊蛰,2028-03-05 09:24:47,jie
2028,春分,2028-03-20 10:17:10,zhong
2028,清明,2028-04-04 14:03:06,jie
2028,谷雨,2028-04-19 21:09:31,zhong
2028,立夏,2028-05-05 07:12:12,jie
2028,小满,2028-05-20 20:09:49,zhong
2028,芒种,2028-06-05 11:16:00,jie
2028,夏至,2028-06-21 04:02:00,zhong
2028,小暑,2028-07-06 21:30:18,jie
2028,大暑,2028-07-22 14:53:59,zhong
2028,立秋,2028-08-07 07:21:11,jie
2028,处暑,2028-08-22 22:00:56,zhong
2028,白露,2028-09-07 10:22:10,jie
2028,秋分,2028-09-22 19:45:20,zhong
2028,寒露,2028-10-08 02:08:31,jie
2028,霜降,2028-10-23 05:13:24,zhong
2028,立冬,2028-11-07 05:27:16,jie
2028,小雪,2028-11-22 02:54:24,zhong
2028,大雪,2028-12-06 22:24:41,jie
2028,冬至,2028-12-21 16:19:41,zhong
2029,小寒,2029-01-05 09:41:55,jie
2029,大寒,2029-01-20 03:00:53,zhong
2029,立春,2029-02-03 21:20:47,jie
2029,雨水,2029-02-18 17:07:56,zhong
2029,惊蛰,2029-03-05 15:17:37,jie
2029,春分,2029-03-20 16:01:59,zhong
2029,清明,2029-04-04 19:58:24,jie
2029,谷雨,2029-04-20 02:55:42,zhong
2029,立夏,2029-05-05 13:07:46,jie
2029,小满,2029-05-21 01:55:52,zhong
2029,芒种,2029-06-05 17:09:58,jie
2029,夏至,2029-06-21 09:48:17,zhong
2029,小暑,2029-07-07 03:22:23,jie
2029,大暑,2029-07-22 20:42:05,zhong
2029,立秋,2029-08-07 13:11:44,jie
2029,处暑,2029-08-23 03:51:37,zhong
2029,白露,2029-09-07 16:11:54,jie
2029,秋分,2029-09-23 01:38:31,zhong
2029,寒露,2029-10-08 07:58:08,jie
2029,霜降,2029-10-23 11:08:08,zhong
2029,立冬,2029-11-07 11:16:46,jie
2029,小雪,2029-11-22 08:49:24,zhong
2029,大雪,2029-12-07 04:13:48,jie
2029,冬至,2029-12-21 22:14:08,zhong
2030,小寒,2030-01-05 15:30:34,jie
2030,大寒,2030-01-20 08:54:24,zhong
2030,立春,2030-02-04 03:08:28,jie
2030,雨水,2030-02-18 22:59:57,zhong
2030,惊蛰,2030-03-05 21:03:18,jie
2030,春分,2030-03-20 21:52:07,zhong
2030,清明,2030-04-05 01:41:01,jie
2030,谷雨,2030-04-20 08:43:36,zhong
2030,立夏,2030-05-05 18:46:18,jie
2030,小满,2030-05-21 07:41:06,zhong
2030,芒种,2030-06-05 22:44:30,jie
2030,夏至,2030-06-21 15:31:18,zhong
2030,小暑,2030-07-07 08:55:29,jie
2030,大暑,2030-07-23 02:24:53,zhong
2030,立秋,2030-08-07 18:47:20,jie
2030,处暑,2030-08-23 09:36:24,zhong
2030,白露,2030-09-07 21:52:50,jie
2030,秋分,2030-09-23 07:26:55,zhong
2030,寒露,2030-10-08 13:45:17,jie
2030,霜降,2030-10-23 17:00:35,zhong
2030,立冬,2030-11-07 17:08:44,jie
2030,小雪,2030-11-22 14:44:36,zhong
2030,大雪,2030-12-07 10:07:37,jie
2030,冬至,2030-12-22 04:09:37,zhong
2031,小寒,2031-01-05 21:23:09,jie
2031,大寒,2031-01-20 14:47:58,zhong
2031,立春,2031-02-04 08:58:19,jie
2031,雨水,2031-02-19 04:50:55,zhong
2031,惊蛰,2031-03-06 02:51:03,jie
2031,春分,2031-03-21 03:40:58,zhong
2031,清明,2031-04-05 07:28:24,jie
2031,谷雨,2031-04-20 14:31:14,zhong
2031,立夏,2031-05-06 00:35:12,jie
2031,小满,2031-05-21 13:27:55,zhong
2031,芒种,2031-06-06 04:35:42,jie
2031,夏至,2031-06-21 21:17:08,zhong
2031,小暑,2031-07-07 14:48:51,jie
2031,大暑,2031-07-23 08:10:28,zhong
2031,立秋,2031-08-08 00:42:56,jie
2031,处暑,2031-08-23 15:23:20,zhong
2031,白露,2031-09-08 03:50:11,jie
2031,秋分,2031-09-23 13:15:19,zhong
2031,寒露,2031-10-08 19:42:59,jie
2031,霜降,2031-10-23 22:49:27,zhong
2031,立冬,2031-11-07 23:05:40,jie
2031,小雪,2031-11-22 20:32:36,zhong
2031,大雪,2031-12-07 16:02:53,jie
2031,冬至,2031-12-22 09:55:33,zhong
2032,小寒,2032-01-06 03:16:07,jie
2032,大寒,2032-01-20 20:31:19,zhong
2032,立春,2032-02-04 14:48:59,jie
2032,雨水,2032-02-19 10:32:15,zhong
2032,惊蛰,2032-03-05 08:40:15,jie
2032,春分,2032-03-20 09:21:55,zhong
2032,清明,2032-04-04 13:17:36,jie
2032,谷雨,2032-04-19 20:14:10,zhong
2032,立夏,2032-05-05 06:25:52,jie
2032,小满,2032-05-20 19:15:00,zhong
2032,芒种,2032-06-05 10:27:59,jie
2032,夏至,2032-06-21 03:08:46,zhong
2032,小暑,2032-07-06 20:40:54,jie
2032,大暑,2032-07-22 14:04:45,zhong
2032,立秋,2032-08-07 06:32:44,jie
2032,处暑,2032-08-22 21:18:21,zhong
2032,白露,2032-09-07 09:37:55,jie
2032,秋分,2032-09-22 19:10:55,zhong
2032,寒露,2032-10-08 01:30:25,jie
2032,霜降,2032-10-23 04:46:15,zhong
2032,立冬,2032-11-07 04:54:17,jie
2032,小雪,2032-11-22 02:31:12,zhong
2032,大雪,2032-12-06 21:53:20,jie
2032,冬至,2032-12-21 15:55:57,zhong
2033,小寒,2033-01-05 09:08:07,jie
2033,大寒,2033-01-20 02:32:48,zhong
2033,立春,2033-02-03 20:41:36,jie
2033,雨水,2033-02-18 16:33:50,zhong
2033,惊蛰,2033-03-05 14:32:22,jie
2033,春分,2033-03-20 15:22:45,zhong
2033,清明,2033-04-04 19:08:09,jie
2033,谷雨,2033-04-20 02:13:08,zhong
2033,立夏,2033-05-05 12:13:47,jie
2033,小满,2033-05-21 01:10:59,zhong
2033,芒种,2033-06-05 16:13:27,jie
2033,夏至,2033-06-21 09:01:09,zhong
2033,小暑,2033-07-07 02:24:57,jie
2033,大暑,2033-07-22 19:52:49,zhong
2033,立秋,2033-08-07 12:15:46,jie
2033,处暑,2033-08-23 03:01:51,zhong
2033,白露,2033-09-07 15:20:22,jie
2033,秋分,2033-09-23 00:51:41,zhong
2033,寒露,2033-10-08 07:13:57,jie
2033,霜降,2033-10-23 10:27:37,zhong
2033,立冬,2033-11-07 10:41:05,jie
2033,小雪,2033-11-22 08:16:11,zhong
2033,大雪,2033-12-07 03:44:56,jie
2033,冬至,2033-12-21 21:46:01,zhong
2034,小寒,2034-01-05 15:04:31,jie
2034,大寒,2034-01-20 08:27:19,zhong
2034,立春,2034-02-04 02:41:10,jie
2034,雨水,2034-02-18 22:30:13,zhong
2034,惊蛰,2034-03-05 20:32:24,jie
2034,春分,2034-03-20 21:17:30,zhong
2034,清明,2034-04-05 01:06:15,jie
2034,谷雨,2034-04-20 08:03:44,zhong
2034,立夏,2034-05-05 18:09:10,jie
2034,小满,2034-05-21 06:56:54,zhong
2034,芒种,2034-06-05 22:06:41,jie
2034,夏至,2034-06-21 14:44:12,zhong
2034,小暑,2034-07-07 08:17:39,jie
2034,大暑,2034-07-23 01:36:21,zhong
2034,立秋,2034-08-07 18:09:07,jie
2034,处暑,2034-08-23 08:47:46,zhong
2034,白露,2034-09-07 21:13:59,jie
2034,秋分,2034-09-23 06:39:35,zhong
2034,寒露,2034-10-08 13:07:07,jie
2034,霜降,2034-10-23 16:16:28,zhong
2034,立冬,2034-11-07 16:33:40,jie
2034,小雪,2034-11-22 14:04:58,zhong
2034,大雪,2034-12-07 09:36:49,jie
2034,冬至,2034-12-22 03:34:01,zhong
2035,小寒,2035-01-05 20:55:43,jie
2035,大寒,2035-01-20 14:14:16,zhong
2035,立春,2035-02-04 08:31:35,jie
2035,雨水,2035-02-19 04:16:10,zhong
2035,惊蛰,2035-03-06 02:21:39,jie
2035,春分,2035-03-21 03:02:43,zhong
2035,清明,2035-04-05 06:53:52,jie
2035,谷雨,2035-04-20 13:48:59,zhong
2035,立夏,2035-05-05 23:54:57,jie
2035,小满,2035-05-21 12:43:27,zhong
2035,芒种,2035-06-06 03:50:50,jie
2035,夏至,2035-06-21 20:33:09,zhong
2035,小暑,2035-07-07 14:01:11,jie
2035,大暑,2035-07-23 07:28:42,zhong
2035,立秋,2035-08-07 23:54:21,jie
2035,处暑,2035-08-23 14:44:11,zhong
2035,白露,2035-09-08 03:02:30,jie
2035,秋分,2035-09-23 12:38:58,zhong
2035,寒露,2035-10-08 18:57:42,jie
2035,霜降,2035-10-23 22:16:11,zhong
2035,立冬,2035-11-07 22:23:52,jie
2035,小雪,2035-11-22 20:03:13,zhong
2035,大雪,2035-12-07 15:25:32,jie
2035,冬至,2035-12-22 09:30:53,zhong
2036,小寒,2036-01-06 02:43:32,jie
2036,大寒,2036-01-20 20:11:04,zhong
2036,立春,2036-02-04 14:19:57,jie
2036,雨水,2036-02-19 10:14:19,zhong
2036,惊蛰,2036-03-05 08:11:51,jie
2036,春分,2036-03-20 09:02:52,zhong
2036,清明,2036-04-04 12:46:17,jie
2036,谷雨,2036-04-19 19:50:31,zhong
2036,立夏,2036-05-05 05:49:24,jie
2036,小满,2036-05-20 18:44:54,zhong
2036,芒种,2036-06-05 09:47:01,jie
2036,夏至,2036-06-21 02:32:15,zhong
2036,小暑,2036-07-06 19:57:34,jie
2036,大暑,2036-07-22 13:22:41,zhong
2036,立秋,2036-08-07 05:48:57,jie
2036,处暑,2036-08-22 20:32:25,zhong
2036,白露,2036-09-07 08:55:00,jie
2036,秋分,2036-09-22 18:23:20,zhong
2036,寒露,2036-10-08 00:49:00,jie
2036,霜降,2036-10-23 03:58:51,zhong
2036,立冬,2036-11-07 04:14:41,jie
2036,小雪,2036-11-22 01:45:19,zhong
2036,大雪,2036-12-06 21:16:03,jie
2036,冬至,2036-12-21 15:12:54,zhong
2037,小寒,2037-01-05 08:34:05,jie
2037,大寒,2037-01-20 01:53:45,zhong
2037,立春,2037-02-03 20:11:39,jie
2037,雨水,2037-02-18 15:58:56,zhong
2037,惊蛰,2037-03-05 14:06:13,jie
2037,春分,2037-03-20 14:50:18,zhong
2037,清明,2037-04-04 18:44:04,jie
2037,谷雨,2037-04-20 01:40:21,zhong
2037,立夏,2037-05-05 11:49:29,jie
2037,小满,2037-05-21 00:35:29,zhong
2037,芒种,2037-06-05 15:46:52,jie
2037,夏至,2037-06-21 08:22:27,zhong
2037,小暑,2037-07-07 01:55:09,jie
2037,大暑,2037-07-22 19:12:37,zhong
2037,立秋,2037-08-07 11:43:03,jie
2037,处暑,2037-08-23 02:22:03,zhong
2037,白露,2037-09-07 14:45:35,jie
2037,秋分,2037-09-23 00:13:07,zhong
2037,寒露,2037-10-08 06:37:51,jie
2037,霜降,2037-10-23 09:49:54,zhong
2037,立冬,2037-11-07 10:04:06,jie
2037,小雪,2037-11-22 07:38:25,zhong
2037,大雪,2037-12-07 03:07:19,jie
2037,冬至,2037-12-21 21:07:47,zhong
2038,小寒,2038-01-05 14:26:49,jie
2038,大寒,2038-01-20 07:48:52,zhong
2038,立春,2038-02-04 02:03:48,jie
2038,雨水,2038-02-18 21:52:09,zhong
2038,惊蛰,2038-03-05 19:55:30,jie
2038,春分,2038-03-20 20:40:40,zhong
2038,清明,2038-04-05 00:29:29,jie
2038,谷雨,2038-04-20 07:28:34,zhong
2038,立夏,2038-05-05 17:31:13,jie
2038,小满,2038-05-21 06:22:44,zhong
2038,芒种,2038-06-05 21:25:39,jie
2038,夏至,2038-06-21 14:09:25,zhong
2038,小暑,2038-07-07 07:32:33,jie
2038,大暑,2038-07-23 00:59:55,zhong
2038,立秋,2038-08-07 17:21:20,jie
2038,处暑,2038-08-23 08:10:09,zhong
2038,白露,2038-09-07 20:26:18,jie
2038,秋分,2038-09-23 06:02:16,zhong
2038,寒露,2038-10-08 12:21:36,jie
2038,霜降,2038-10-23 15:40:42,zhong
2038,立冬,2038-11-07 15:50:53,jie
2038,小雪,2038-11-22 13:31:21,zhong
2038,大雪,2038-12-07 08:56:24,jie
2038,冬至,2038-12-22 03:02:21,zhong
2039,小寒,2039-01-05 20:16:41,jie
2039,大寒,2039-01-20 13:43:41,zhong
2039,立春,2039-02-04 07:52:56,jie
2039,雨水,2039-02-19 03:45:46,zhong
2039,惊蛰,2039-03-06 01:43:04,jie
2039,春分,2039-03-21 02:32:03,zhong
2039,清明,2039-04-05 06:15:48,jie
2039,谷雨,2039-04-20 13:17:48,zhong
2039,立夏,2039-05-05 23:18:11,jie
2039,小满,2039-05-21 12:10:54,zhong
2039,芒种,2039-06-06 03:15:31,jie
2039,夏至,2039-06-21 19:57:27,zhong
2039,小暑,2039-07-07 13:26:11,jie
2039,大暑,2039-07-23 06:48:11,zhong
2039,立秋,2039-08-07 23:18:07,jie
2039,处暑,2039-08-23 13:58:41,zhong
2039,白露,2039-09-08 02:24:04,jie
2039,秋分,2039-09-23 11:49:38,zhong
2039,寒露,2039-10-08 18:17:18,jie
2039,霜降,2039-10-23 21:25:05,zhong
2039,立冬,2039-11-07 21:42:55,jie
2039,小雪,2039-11-22 19:12:13,zhong
2039,大雪,2039-12-07 14:45:06,jie
2039,冬至,2039-12-22 08:40:37,zhong
2040,小寒,2040-01-06 02:03:39,jie
2040,大寒,2040-01-20 19:21:05,zhong
2040,立春,2040-02-04 13:39:56,jie
2040,雨水,2040-02-19 09:23:51,zhong
2040,惊蛰,2040-03-05 07:31:16,jie
2040,春分,2040-03-20 08:11:44,zhong
2040,清明,2040-04-04 12:05:33,jie
2040,谷雨,2040-04-19 18:59:36,zhong
2040,立夏,2040-05-05 05:09:23,jie
2040,小满,2040-05-20 17:55:46,zhong
2040,芒种,2040-06-05 09:08:04,jie
2040,夏至,2040-06-21 01:46:25,zhong
2040,小暑,2040-07-06 19:19:16,jie
2040,大暑,2040-07-22 12:40:50,zhong
2040,立秋,2040-08-07 05:10:05,jie
2040,处暑,2040-08-22 19:53:21,zhong
2040,白露,2040-09-07 08:14:08,jie
2040,秋分,2040-09-22 17:44:57,zhong
2040,寒露,2040-10-08 00:05:34,jie
2040,霜降,2040-10-23 03:19:47,zhong
2040,立冬,2040-11-07 03:29:20,jie
2040,小雪,2040-11-22 01:05:33,zhong
2040,大雪,2040-12-06 20:30:05,jie
2040,冬至,2040-12-21 14:32:53,zhong
2041,小寒,2041-01-05 07:48:10,jie
2041,大寒,2041-01-20 01:13:20,zhong
2041,立春,2041-02-03 19:25:11,jie
2041,雨水,2041-02-18 15:17:19,zhong
2041,惊蛰,2041-03-05 13:17:52,jie
2041,春分,2041-03-20 14:06:51,zhong
2041,清明,2041-04-04 17:52:38,jie
2041,谷雨,2041-04-20 00:54:58,zhong
2041,立夏,2041-05-05 10:54:33,jie
2041,小满,2041-05-20 23:48:53,zhong
2041,芒种,2041-06-05 14:49:48,jie
2041,夏至,2041-06-21 07:35:53,zhong
2041,小暑,2041-07-07 00:58:31,jie
2041,大暑,2041-07-22 18:26:43,zhong
2041,立秋,2041-08-07 10:48:43,jie
2041,处暑,2041-08-23 01:36:19,zhong
2041,白露,2041-09-07 13:53:36,jie
2041,秋分,2041-09-22 23:26:36,zhong
2041,寒露,2041-10-08 05:47:00,jie
2041,霜降,2041-10-23 09:02:00,zhong
2041,立冬,2041-11-07 09:13:08,jie
2041,小雪,2041-11-22 06:49:20,zhong
2041,大雪,2041-12-07 02:15:50,jie
2041,冬至,2041-12-21 20:18:21,zhong
2042,小寒,2042-01-05 13:35:10,jie
2042,大寒,2042-01-20 07:00:05,zhong
2042,立春,2042-02-04 01:12:53,jie
2042,雨水,2042-02-18 21:04:30,zhong
2042,惊蛰,2042-03-05 19:05:50,jie
2042,春分,2042-03-20 19:53:21,zhong
2042,清明,2042-04-04 23:40:41,jie
2042,谷雨,2042-04-20 06:39:49,zhong
2042,立夏,2042-05-05 16:42:53,jie
2042,小满,2042-05-21 05:31:18,zhong
2042,芒种,2042-06-05 20:38:15,jie
2042,夏至,2042-06-21 13:15:52,zhong
2042,小暑,2042-07-07 06:47:18,jie
2042,大暑,2042-07-23 00:06:21,zhong
2042,立秋,2042-08-07 16:38:50,jie
2042,处暑,2042-08-23 07:18:09,zhong
2042,白露,2042-09-07 19:45:31,jie
2042,秋分,2042-09-23 05:11:34,zhong
2042,寒露,2042-10-08 11:40:37,jie
2042,霜降,2042-10-23 14:49:35,zhong
2042,立冬,2042-11-07 15:07:41,jie
2042,小雪,2042-11-22 12:37:25,zhong
2042,大雪,2042-12-07 08:09:16,jie
2042,冬至,2042-12-22 02:04:06,zhong
2043,小寒,2043-01-05 19:25:23,jie
2043,大寒,2043-01-20 12:41:38,zhong
2043,立春,2043-02-04 06:58:48,jie
2043,雨水,2043-02-19 02:41:43,zhong
2043,惊蛰,2043-03-06 00:47:48,jie
2043,春分,2043-03-21 01:27:50,zhong
2043,清明,2043-04-05 05:20:18,jie
2043,谷雨,2043-04-20 12:14:30,zhong
2043,立夏,2043-05-05 22:22:07,jie
2043,小满,2043-05-21 11:09:12,zhong
2043,芒种,2043-06-06 02:18:11,jie
2043,夏至,2043-06-21 18:58:25,zhong
2043,小暑,2043-07-07 12:27:53,jie
2043,大暑,2043-07-23 05:53:30,zhong
2043,立秋,2043-08-07 22:20:48,jie
2043,处暑,2043-08-23 13:09:50,zhong
2043,白露,2043-09-08 01:30:13,jie
2043,秋分,2043-09-23 11:07:00,zhong
2043,寒露,2043-10-08 17:27:45,jie
2043,霜降,2043-10-23 20:46:53,zhong
2043,立冬,2043-11-07 20:55:52,jie
2043,小雪,2043-11-22 18:35:07,zhong
2043,大雪,2043-12-07 13:57:24,jie
2043,冬至,2043-12-22 08:01:17,zhong
2044,小寒,2044-01-06 01:12:34,jie
2044,大寒,2044-01-20 18:37:29,zhong
2044,立春,2044-02-04 12:44:21,jie
2044,雨水,2044-02-19 08:35:52,zhong
2044,惊蛰,2044-03-05 06:31:39,jie
2044,春分,2044-03-20 07:20:37,zhong
2044,清明,2044-04-04 11:03:09,jie
2044,谷雨,2044-04-19 18:06:47,zhong
2044,立夏,2044-05-05 04:05:32,jie
2044,小满,2044-05-20 17:01:57,zhong
2044,芒种,2044-06-05 08:04:04,jie
2044,夏至,2044-06-21 00:51:11,zhong
2044,小暑,2044-07-06 18:15:59,jie
2044,大暑,2044-07-22 11:43:24,zhong
2044,立秋,2044-08-07 04:08:40,jie
2044,处暑,2044-08-22 18:54:44,zhong
2044,白露,2044-09-07 07:16:35,jie
2044,秋分,2044-09-22 16:47:55,zhong
2044,寒露,2044-10-07 23:13:22,jie
2044,霜降,2044-10-23 02:26:22,zhong
2044,立冬,2044-11-07 02:42:03,jie
2044,小雪,2044-11-22 00:15:22,zhong
2044,大雪,2044-12-06 19:45:16,jie
2044,冬至,2044-12-21 13:43:39,zhong
2045,小寒,2045-01-05 07:02:35,jie
2045,大寒,2045-01-20 00:22:17,zhong
2045,立春,2045-02-03 18:36:22,jie
2045,雨水,2045-02-18 14:22:26,zhong
2045,惊蛰,2045-03-05 12:25:06,jie
2045,春分,2045-03-20 13:07:42,zhong
2045,清明,2045-04-04 16:57:22,jie
2045,谷雨,2045-04-19 23:52:56,zhong
2045,立夏,2045-05-05 09:59:35,jie
2045,小满,2045-05-20 22:46:04,zhong
2045,芒种,2045-06-05 13:57:05,jie
2045,夏至,2045-06-21 06:33:58,zhong
2045,小暑,2045-07-07 00:08:08,jie
2045,大暑,2045-07-22 17:26:52,zhong
2045,立秋,2045-08-07 09:59:43,jie
2045,处暑,2045-08-23 00:39:14,zhong
2045,白露,2045-09-07 13:05:31,jie
2045,秋分,2045-09-22 22:33:01,zhong
2045,寒露,2045-10-08 05:00:43,jie
2045,霜降,2045-10-23 08:12:36,zhong
2045,立冬,2045-11-07 08:29:55,jie
2045,小雪,2045-11-22 06:03:55,zhong
2045,大雪,2045-12-07 01:35:38,jie
2045,冬至,2045-12-21 19:35:11,zhong
2046,小寒,2046-01-05 12:56:04,jie
2046,大寒,2046-01-20 06:15:56,zhong
2046,立春,2046-02-04 00:31:09,jie
2046,雨水,2046-02-18 20:15:42,zhong
2046,惊蛰,2046-03-05 18:17:52,jie
2046,春分,2046-03-20 18:57:57,zhong
2046,清明,2046-04-04 22:45:03,jie
2046,谷雨,2046-04-20 05:39:01,zhong
2046,立夏,2046-05-05 15:40:46,jie
2046,小满,2046-05-21 04:28:35,zhong
2046,芒种,2046-06-05 19:32:19,jie
2046,夏至,2046-06-21 12:14:43,zhong
2046,小暑,2046-07-07 05:40:21,jie
2046,大暑,2046-07-22 23:08:46,zhong
2046,立秋,2046-08-07 15:33:24,jie
2046,处暑,2046-08-23 06:24:36,zhong
2046,白露,2046-09-07 18:43:23,jie
2046,秋分,2046-09-23 04:21:48,zhong
2046,寒露,2046-10-08 10:42:30,jie
2046,霜降,2046-10-23 14:03:38,zhong
2046,立冬,2046-11-07 14:14:15,jie
2046,小雪,2046-11-22 11:56:21,zhong
2046,大雪,2046-12-07 07:21:22,jie
2046,冬至,2046-12-22 01:28:33,zhong
2047,小寒,2047-01-05 18:42:27,jie
2047,大寒,2047-01-20 12:10:02,zhong
2047,立春,2047-02-04 06:18:05,jie
2047,雨水,2047-02-19 02:10:28,zhong
2047,惊蛰,2047-03-06 00:05:22,jie
2047,春分,2047-03-21 00:52:45,zhong
2047,清明,2047-04-05 04:32:46,jie
2047,谷雨,2047-04-20 11:32:38,zhong
2047,立夏,2047-05-05 21:28:37,jie
2047,小满,2047-05-21 10:20:00,zhong
2047,芒种,2047-06-06 01:20:57,jie
2047,夏至,2047-06-21 18:03:34,zhong
2047,小暑,2047-07-07 11:30:34,jie
2047,大暑,2047-07-23 04:55:33,zhong
2047,立秋,2047-08-07 21:25:57,jie
2047,处暑,2047-08-23 12:10:57,zhong
2047,白露,2047-09-08 00:38:15,jie
2047,秋分,2047-09-23 10:08:11,zhong
2047,寒露,2047-10-08 16:37:46,jie
2047,霜降,2047-10-23 19:48:40,zhong
2047,立冬,2047-11-07 20:07:25,jie
2047,小雪,2047-11-22 17:38:21,zhong
2047,大雪,2047-12-07 13:11:06,jie
2047,冬至,2047-12-22 07:07:19,zhong
2048,小寒,2048-01-06 00:29:29,jie
2048,大寒,2048-01-20 17:47:13,zhong
2048,立春,2048-02-04 12:04:44,jie
2048,雨水,2048-02-19 07:48:36,zhong
2048,惊蛰,2048-03-05 05:54:14,jie
2048,春分,2048-03-20 06:33:56,zhong
2048,清明,2048-04-04 10:25:24,jie
2048,谷雨,2048-04-19 17:17:33,zhong
2048,立夏,2048-05-05 03:24:36,jie
2048,小满,2048-05-20 16:08:09,zhong
2048,芒种,2048-06-05 07:18:24,jie
2048,夏至,2048-06-20 23:54:02,zhong
2048,小暑,2048-07-06 17:26:54,jie
2048,大暑,2048-07-22 10:47:02,zhong
2048,立秋,2048-08-07 03:18:58,jie
2048,处暑,2048-08-22 18:02:36,zhong
2048,白露,2048-09-07 06:28:12,jie
2048,秋分,2048-09-22 16:00:45,zhong
2048,寒露,2048-10-07 22:26:50,jie
2048,霜降,2048-10-23 01:42:50,zhong
2048,立冬,2048-11-07 01:56:56,jie
2048,小雪,2048-11-21 23:33:36,zhong
2048,大雪,2048-12-06 19:00:55,jie
2048,冬至,2048-12-21 13:02:21,zhong
2049,小寒,2049-01-05 06:18:48,jie
2049,大寒,2049-01-19 23:41:19,zhong
2049,立春,2049-02-03 17:53:27,jie
2049,雨水,2049-02-18 13:42:23,zhong
2049,惊蛰,2049-03-05 11:43:01,jie
2049,春分,2049-03-20 12:28:44,zhong
2049,清明,2049-04-04 16:14:29,jie
2049,谷雨,2049-04-19 23:13:35,zhong
2049,立夏,2049-05-05 09:12:44,jie
2049,小满,2049-05-20 22:03:55,zhong
2049,芒种,2049-06-05 13:03:50,jie
2049,夏至,2049-06-21 05:47:24,zhong
2049,小暑,2049-07-06 23:08:55,jie
2049,大暑,2049-07-22 16:36:24,zhong
2049,立秋,2049-08-07 08:58:01,jie
2049,处暑,2049-08-22 23:47:27,zhong
2049,白露,2049-09-07 12:05:38,jie
2049,秋分,2049-09-22 21:42:44,zhong
2049,寒露,2049-10-08 04:05:07,jie
2049,霜降,2049-10-23 07:25:18,zhong
2049,立冬,2049-11-07 07:38:30,jie
2049,小雪,2049-11-22 05:19:23,zhong
2049,大雪,2049-12-07 00:46:44,jie
2049,冬至,2049-12-21 18:52:15,zhong
2050,小寒,2050-01-05 12:08:00,jie
2050,大寒,2050-01-20 05:33:56,zhong
2050,立春,2050-02-03 23:43:54,jie
2050,雨水,2050-02-18 19:35:13,zhong
2050,惊蛰,2050-03-05 17:32:50,jie
2050,春分,2050-03-20 18:19:43,zhong
2050,清明,2050-04-04 22:03:21,jie
2050,谷雨,2050-04-20 05:02:19,zhong
2050,立夏,2050-05-05 15:02:06,jie
2050,小满,2050-05-21 03:50:57,zhong
2050,芒种,2050-06-05 18:54:57,jie
2050,夏至,2050-06-21 11:33:08,zhong
2050,小暑,2050-07-07 05:02:00,jie
2050,大暑,2050-07-22 22:21:30,zhong
2050,立秋,2050-08-07 14:52:37,jie
2050,处暑,2050-08-23 05:32:48,zhong
2050,白露,2050-09-07 18:00:47,jie
2050,秋分,2050-09-23 03:28:39,zhong
2050,寒露,2050-10-08 10:00:17,jie
2050,霜降,2050-10-23 13:11:57,zhong
2050,立冬,2050-11-07 13:33:47,jie
2050,小雪,2050-11-22 11:06:26,zhong
2050,大雪,2050-12-07 06:41:54,jie
2050,冬至,2050-12-22 00:38:48,zhong
2051,小寒,2051-01-05 18:02:18,jie
2051,大寒,2051-01-20 11:18:54,zhong
2051,立春,2051-02-04 05:36:14,jie
2051,雨水,2051-02-19 01:17:35,zhong
2051,惊蛰,2051-03-05 23:22:10,jie
2051,春分,2051-03-20 23:59:19,zhong
2051,清明,2051-04-05 03:49:48,jie
2051,谷雨,2051-04-20 10:40:47,zhong
2051,立夏,2051-05-05 20:47:14,jie
2051,小满,2051-05-21 09:31:32,zhong
2051,芒种,2051-06-06 00:40:50,jie
2051,夏至,2051-06-21 17:18:47,zhong
2051,小暑,2051-07-07 10:49:34,jie
2051,大暑,2051-07-23 04:13:05,zhong
2051,立秋,2051-08-07 20:41:57,jie
2051,处暑,2051-08-23 11:29:17,zhong
2051,白露,2051-09-07 23:51:26,jie
2051,秋分,2051-09-23 09:27:30,zhong
2051,寒露,2051-10-08 15:50:35,jie
2051,霜降,2051-10-23 19:10:14,zhong
2051,立冬,2051-11-07 19:22:15,jie
2051,小雪,2051-11-22 17:02:58,zhong
2051,大雪,2051-12-07 12:28:45,jie
2051,冬至,2051-12-22 06:34:14,zhong
2052,小寒,2052-01-05 23:48:40,jie
2052,大寒,2052-01-20 17:14:20,zhong
2052,立春,2052-02-04 11:23:05,jie
2052,雨水,2052-02-19 07:13:45,zhong
2052,惊蛰,2052-03-05 05:09:40,jie
2052,春分,2052-03-20 05:56:13,zhong
2052,清明,2052-04-04 09:37:27,jie
2052,谷雨,2052-04-19 16:38:03,zhong
2052,立夏,2052-05-05 02:34:54,jie
2052,小满,2052-05-20 15:29:06,zhong
2052,芒种,2052-06-05 06:29:34,jie
2052,夏至,2052-06-20 23:16:20,zhong
2052,小暑,2052-07-06 16:40:06,jie
2052,大暑,2052-07-22 10:08:58,zhong
2052,立秋,2052-08-07 02:33:22,jie
2052,处暑,2052-08-22 17:21:36,zhong
2052,白露,2052-09-07 05:42:16,jie
2052,秋分,2052-09-22 15:15:48,zhong
2052,寒露,2052-10-07 21:39:56,jie
2052,霜降,2052-10-23 00:55:17,zhong
2052,立冬,2052-11-07 01:09:59,jie
2052,小雪,2052-11-21 22:46:06,zhong
2052,大雪,2052-12-06 18:15:36,jie
2052,冬至,2052-12-21 12:17:19,zhong
2053,小寒,2053-01-05 05:36:14,jie
2053,大寒,2053-01-19 22:59:21,zhong
2053,立春,2053-02-03 17:13:09,jie
2053,雨水,2053-02-18 13:02:01,zhong
2053,惊蛰,2053-03-05 11:03:24,jie
2053,春分,2053-03-20 11:47:30,zhong
2053,清明,2053-04-04 15:34:36,jie
2053,谷雨,2053-04-19 22:30:22,zhong
2053,立夏,2053-05-05 08:33:40,jie
2053,小满,2053-05-20 21:19:40,zhong
2053,芒种,2053-06-05 12:27:45,jie
2053,夏至,2053-06-21 05:04:15,zhong
2053,小暑,2053-07-06 22:37:15,jie
2053,大暑,2053-07-22 15:56:19,zhong
2053,立秋,2053-08-07 08:30:07,jie
2053,处暑,2053-08-22 23:10:21,zhong
2053,白露,2053-09-07 11:38:44,jie
2053,秋分,2053-09-22 21:06:25,zhong
2053,寒露,2053-10-08 03:36:10,jie
2053,霜降,2053-10-23 06:47:21,zhong
2053,立冬,2053-11-07 07:06:15,jie
2053,小雪,2053-11-22 04:38:53,zhong
2053,大雪,2053-12-07 00:11:58,jie
2053,冬至,2053-12-21 18:10:03,zhong
2054,小寒,2054-01-05 11:32:23,jie
2054,大寒,2054-01-20 04:51:06,zhong
2054,立春,2054-02-03 23:08:01,jie
2054,雨水,2054-02-18 18:51:40,zhong
2054,惊蛰,2054-03-05 16:55:37,jie
2054,春分,2054-03-20 17:34:34,zhong
2054,清明,2054-04-04 21:23:10,jie
2054,谷雨,2054-04-20 04:15:11,zhong
2054,立夏,2054-05-05 14:17:57,jie
2054,小满,2054-05-21 03:03:05,zhong
2054,芒种,2054-06-05 18:07:35,jie
2054,夏至,2054-06-21 10:47:18,zhong
2054,小暑,2054-07-07 04:13:53,jie
2054,大暑,2054-07-22 21:40:45,zhong
2054,立秋,2054-08-07 14:07:04,jie
2054,处暑,2054-08-23 04:58:33,zhong
2054,白露,2054-09-07 17:19:40,jie
2054,秋分,2054-09-23 02:59:36,zhong
2054,寒露,2054-10-08 09:22:19,jie
2054,霜降,2054-10-23 12:44:56,zhong
2054,立冬,2054-11-07 12:56:23,jie
2054,小雪,2054-11-22 10:38:58,zhong
2054,大雪,2054-12-07 06:03:30,jie
2054,冬至,2054-12-22 00:10:03,zhong
2055,小寒,2055-01-05 17:22:40,jie
2055,大寒,2055-01-20 10:49:07,zhong
2055,立春,2055-02-04 04:55:54,jie
2055,雨水,2055-02-19 00:47:25,zhong
2055,惊蛰,2055-03-05 22:41:32,jie
2055,春分,2055-03-20 23:28:44,zhong
2055,清明,2055-04-05 03:08:19,jie
2055,谷雨,2055-04-20 10:08:39,zhong
2055,立夏,2055-05-05 20:03:57,jie
2055,小满,2055-05-21 08:56:19,zhong
2055,芒种,2055-06-05 23:55:59,jie
2055,夏至,2055-06-21 16:39:59,zhong
2055,小暑,2055-07-07 10:05:19,jie
2055,大暑,2055-07-23 03:32:08,zhong
2055,立秋,2055-08-07 20:01:08,jie
2055,处暑,2055-08-23 10:48:40,zhong
2055,白露,2055-09-07 23:15:38,jie
2055,秋分,2055-09-23 08:48:52,zhong
2055,寒露,2055-10-08 15:19:08,jie
2055,霜降,2055-10-23 18:33:25,zhong
2055,立冬,2055-11-07 18:52:50,jie
2055,小雪,2055-11-22 16:26:16,zhong
2055,大雪,2055-12-07 11:58:34,jie
2055,冬至,2055-12-22 05:55:42,zhong
2056,小寒,2056-01-05 23:15:46,jie
2056,大寒,2056-01-20 16:33:01,zhong
2056,立春,2056-02-04 10:47:14,jie
2056,雨水,2056-02-19 06:30:02,zhong
2056,惊蛰,2056-03-05 04:32:13,jie
2056,春分,2056-03-20 05:11:10,zhong
2056,清明,2056-04-04 09:00:04,jie
2056,谷雨,2056-04-19 15:52:12,zhong
2056,立夏,2056-05-05 01:58:04,jie
2056,小满,2056-05-20 14:42:02,zhong
2056,芒种,2056-06-05 05:52:25,jie
2056,夏至,2056-06-20 22:28:20,zhong
2056,小暑,2056-07-06 16:02:26,jie
2056,大暑,2056-07-22 09:22:20,zhong
2056,立秋,2056-08-07 01:56:09,jie
2056,处暑,2056-08-22 16:39:09,zhong
2056,白露,2056-09-07 05:07:23,jie
2056,秋分,2056-09-22 14:39:36,zhong
2056,寒露,2056-10-07 21:09:11,jie
2056,霜降,2056-10-23 00:25:27,zhong
2056,立冬,2056-11-07 00:43:25,jie
2056,小雪,2056-11-21 22:20:20,zhong
2056,大雪,2056-12-06 17:51:00,jie
2056,冬至,2056-12-21 11:51:44,zhong
2057,小寒,2057-01-05 05:10:08,jie
2057,大寒,2057-01-19 22:30:16,zhong
2057,立春,2057-02-03 16:42:35,jie
2057,雨水,2057-02-18 12:27:30,zhong
2057,惊蛰,2057-03-05 10:27:05,jie
2057,春分,2057-03-20 11:08:02,zhong
2057,清明,2057-04-04 14:52:41,jie
2057,谷雨,2057-04-19 21:47:37,zhong
2057,立夏,2057-05-05 07:46:43,jie
2057,小满,2057-05-20 20:35:20,zhong
2057,芒种,2057-06-05 11:36:23,jie
2057,夏至,2057-06-21 04:19:11,zhong
2057,小暑,2057-07-06 21:42:31,jie
2057,大暑,2057-07-22 15:10:48,zhong
2057,立秋,2057-08-07 07:34:00,jie
2057,处暑,2057-08-22 22:25:07,zhong
2057,白露,2057-09-07 10:44:10,jie
2057,秋分,2057-09-22 20:23:23,zhong
2057,寒露,2057-10-08 02:46:14,jie
2057,霜降,2057-10-23 06:09:06,zhong
2057,立冬,2057-11-07 06:22:52,jie
2057,小雪,2057-11-22 04:06:47,zhong
2057,大雪,2057-12-06 23:34:43,jie
2057,冬至,2057-12-21 17:42:57,zhong
2058,小寒,2058-01-05 10:58:37,jie
2058,大寒,2058-01-20 04:26:07,zhong
2058,立春,2058-02-03 22:34:35,jie
2058,雨水,2058-02-18 18:25:43,zhong
2058,惊蛰,2058-03-05 16:19:58,jie
2058,春分,2058-03-20 17:05:07,zhong
2058,清明,2058-04-04 20:44:03,jie
2058,谷雨,2058-04-20 03:40:58,zhong
2058,立夏,2058-05-05 13:36:04,jie
2058,小满,2058-05-21 02:24:09,zhong
2058,芒种,2058-06-05 17:24:49,jie
2058,夏至,2058-06-21 10:04:09,zhong
2058,小暑,2058-07-07 03:31:36,jie
2058,大暑,2058-07-22 20:53:53,zhong
2058,立秋,2058-08-07 13:25:20,jie
2058,处暑,2058-08-23 04:08:50,zhong
2058,白露,2058-09-07 16:38:05,jie
2058,秋分,2058-09-23 02:08:30,zhong
2058,寒露,2058-10-08 08:41:18,jie
2058,霜降,2058-10-23 11:54:29,zhong
2058,立冬,2058-11-07 12:17:12,jie
2058,小雪,2058-11-22 09:50:52,zhong
2058,大雪,2058-12-07 05:27:10,jie
2058,冬至,2058-12-21 23:25:03,zhong
2059,小寒,2059-01-05 16:49:15,jie
2059,大寒,2059-01-20 10:06:37,zhong
2059,立春,2059-02-04 04:24:01,jie
2059,雨水,2059-02-19 00:05:18,zhong
2059,惊蛰,2059-03-05 22:08:48,jie
2059,春分,2059-03-20 22:44:22,zhong
2059,清明,2059-04-05 02:32:30,jie
2059,谷雨,2059-04-20 09:20:21,zhong
2059,立夏,2059-05-05 19:24:02,jie
2059,小满,2059-05-21 08:04:39,zhong
2059,芒种,2059-06-05 23:12:20,jie
2059,夏至,2059-06-21 15:47:22,zhong
2059,小暑,2059-07-07 09:18:53,jie
2059,大暑,2059-07-23 02:40:58,zhong
2059,立秋,2059-08-07 19:12:47,jie
2059,处暑,2059-08-23 10:00:15,zhong
2059,白露,2059-09-07 22:26:38,jie
2059,秋分,2059-09-23 08:03:37,zhong
2059,寒露,2059-10-08 14:30:41,jie
2059,霜降,2059-10-23 17:50:52,zhong
2059,立冬,2059-11-07 18:05:44,jie
2059,小雪,2059-11-22 15:46:02,zhong
2059,大雪,2059-12-07 11:13:40,jie
2059,冬至,2059-12-22 05:18:03,zhong
2060,小寒,2060-01-05 22:33:55,jie
2060,大寒,2060-01-20 15:58:12,zhong
2060,立春,2060-02-04 10:08:14,jie
2060,雨水,2060-02-19 05:57:19,zhong
2060,惊蛰,2060-03-05 03:54:09,jie
2060,春分,2060-03-20 04:38:35,zhong
2060,清明,2060-04-04 08:19:48,jie
2060,谷雨,2060-04-19 15:17:26,zhong
2060,立夏,2060-05-05 01:12:52,jie
2060,小满,2060-05-20 14:03:34,zhong
2060,芒种,2060-06-05 05:01:37,jie
2060,夏至,2060-06-20 21:45:43,zhong
2060,小暑,2060-07-06 15:07:19,jie
2060,大暑,2060-07-22 08:35:49,zhong
2060,立秋,2060-08-07 00:59:12,jie
2060,处暑,2060-08-22 15:49:37,zhong
2060,白露,2060-09-07 04:10:40,jie
2060,秋分,2060-09-22 13:48:16,zhong
2060,寒露,2060-10-07 20:13:34,jie
2060,霜降,2060-10-22 23:33:28,zhong
2060,立冬,2060-11-06 23:48:56,jie
2060,小雪,2060-11-21 21:28:41,zhong
2060,大雪,2060-12-06 16:57:37,jie
2060,冬至,2060-12-21 11:01:31,zhong
2061,小寒,2061-01-05 04:18:30,jie
2061,大寒,2061-01-19 21:42:41,zhong
2061,立春,2061-02-03 15:53:47,jie
2061,雨水,2061-02-18 11:43:14,zhong
2061,惊蛰,2061-03-05 09:41:42,jie
2061,春分,2061-03-20 10:26:20,zhong
2061,清明,2061-04-04 14:10:26,jie
2061,谷雨,2061-04-19 21:06:35,zhong
2061,立夏,2061-05-05 07:06:33,jie
2061,小满,2061-05-20 19:52:21,zhong
2061,芒种,2061-06-05 10:56:41,jie
2061,夏至,2061-06-21 03:32:18,zhong
2061,小暑,2061-07-06 21:02:08,jie
2061,大暑,2061-07-22 14:20:24,zhong
2061,立秋,2061-08-07 06:52:53,jie
2061,处暑,2061-08-22 21:33:11,zhong
2061,白露,2061-09-07 10:02:36,jie
2061,秋分,2061-09-22 19:31:27,zhong
2061,寒露,2061-10-08 02:04:10,jie
2061,霜降,2061-10-23 05:17:17,zhong
2061,立冬,2061-11-07 05:39:55,jie
2061,小雪,2061-11-22 03:14:15,zhong
2061,大雪,2061-12-06 22:50:26,jie
2061,冬至,2061-12-21 16:48:55,zhong
2062,小寒,2062-01-05 10:12:45,jie
2062,大寒,2062-01-20 03:30:14,zhong
2062,立春,2062-02-03 21:47:05,jie
2062,雨水,2062-02-18 17:28:19,zhong
2062,惊蛰,2062-03-05 15:31:27,jie
2062,春分,2062-03-20 16:07:33,zhong
2062,清明,2062-04-04 19:55:29,jie
2062,谷雨,2062-04-20 02:44:42,zhong
2062,立夏,2062-05-05 12:47:29,jie
2062,小满,2062-05-21 01:29:50,zhong
2062,芒种,2062-06-05 16:34:49,jie
2062,夏至,2062-06-21 09:11:27,zhong
2062,小暑,2062-07-07 02:38:28,jie
2062,大暑,2062-07-22 20:02:14,zhong
2062,立秋,2062-08-07 12:28:58,jie
2062,处暑,2062-08-23 03:18:22,zhong
2062,白露,2062-09-07 15:40:28,jie
2062,秋分,2062-09-23 01:19:59,zhong
2062,寒露,2062-10-08 07:44:36,jie
2062,霜降,2062-10-23 11:08:25,zhong
2062,立冬,2062-11-07 11:22:34,jie
2062,小雪,2062-11-22 09:07:11,zhong
2062,大雪,2062-12-07 04:34:31,jie
2062,冬至,2062-12-21 22:42:44,zhong
2063,小寒,2063-01-05 15:57:16,jie
2063,大寒,2063-01-20 09:24:01,zhong
2063,立春,2063-02-04 03:31:12,jie
2063,雨水,2063-02-18 23:21:23,zhong
2063,惊蛰,2063-03-05 21:14:26,jie
2063,春分,2063-03-20 21:59:16,zhong
2063,清明,2063-04-05 01:36:57,jie
2063,谷雨,2063-04-20 08:35:03,zhong
2063,立夏,2063-05-05 18:28:21,jie
2063,小满,2063-05-21 07:19:41,zhong
2063,芒种,2063-06-05 22:17:37,jie
2063,夏至,2063-06-21 15:01:58,zhong
2063,小暑,2063-07-07 08:25:30,jie
2063,大暑,2063-07-23 01:53:23,zhong
2063,立秋,2063-08-07 18:20:08,jie
2063,处暑,2063-08-23 09:08:52,zhong
2063,白露,2063-09-07 21:33:35,jie
2063,秋分,2063-09-23 07:08:18,zhong
2063,寒露,2063-10-08 13:36:57,jie
2063,霜降,2063-10-23 16:53:22,zhong
2063,立冬,2063-11-07 17:12:08,jie
2063,小雪,2063-11-22 14:48:25,zhong
2063,大雪,2063-12-07 10:20:47,jie
2063,冬至,2063-12-22 04:21:09,zhong
2064,小寒,2064-01-05 21:41:18,jie
2064,大寒,2064-01-20 15:01:25,zhong
2064,立春,2064-02-04 09:14:52,jie
2064,雨水,2064-02-19 04:59:23,zhong
2064,惊蛰,2064-03-05 02:59:25,jie
2064,春分,2064-03-20 03:38:42,zhong
2064,清明,2064-04-04 07:24:24,jie
2064,谷雨,2064-04-19 14:15:55,zhong
2064,立夏,2064-05-05 00:18:34,jie
2064,小满,2064-05-20 13:01:48,zhong
2064,芒种,2064-06-05 04:10:10,jie
2064,夏至,2064-06-20 20:45:43,zhong
2064,小暑,2064-07-06 14:19:39,jie
2064,大暑,2064-07-22 07:39:26,zhong
2064,立秋,2064-08-07 00:14:22,jie
2064,处暑,2064-08-22 14:56:44,zhong
2064,白露,2064-09-07 03:26:24,jie
2064,秋分,2064-09-22 12:57:08,zhong
2064,寒露,2064-10-07 19:28:01,jie
2064,霜降,2064-10-22 22:42:20,zhong
2064,立冬,2064-11-06 23:01:41,jie
2064,小雪,2064-11-21 20:36:49,zhong
2064,大雪,2064-12-06 16:09:19,jie
2064,冬至,2064-12-21 10:08:50,zhong
2065,小寒,2065-01-05 03:29:34,jie
2065,大寒,2065-01-19 20:48:54,zhong
2065,立春,2065-02-03 15:03:41,jie
2065,雨水,2065-02-18 10:47:38,zhong
2065,惊蛰,2065-03-05 08:49:10,jie
2065,春分,2065-03-20 09:28:15,zhong
2065,清明,2065-04-04 13:13:58,jie
2065,谷雨,2065-04-19 20:05:57,zhong
2065,立夏,2065-05-05 06:05:27,jie
2065,小满,2065-05-20 18:50:46,zhong
2065,芒种,2065-06-05 09:52:13,jie
2065,夏至,2065-06-21 02:32:32,zhong
2065,小暑,2065-07-06 19:56:52,jie
2065,大暑,2065-07-22 13:24:28,zhong
2065,立秋,2065-08-07 05:49:19,jie
2065,处暑,2065-08-22 20:41:24,zhong
2065,白露,2065-09-07 09:01:59,jie
2065,秋分,2065-09-22 18:42:39,zhong
2065,寒露,2065-10-08 01:05:57,jie
2065,霜降,2065-10-23 04:29:43,zhong
2065,立冬,2065-11-07 04:42:37,jie
2065,小雪,2065-11-22 02:26:37,zhong
2065,大雪,2065-12-06 21:52:54,jie
2065,冬至,2065-12-21 16:00:49,zhong
2066,小寒,2066-01-05 09:14:49,jie
2066,大寒,2066-01-20 02:42:08,zhong
2066,立春,2066-02-03 20:49:22,jie
2066,雨水,2066-02-18 16:40:45,zhong
2066,惊蛰,2066-03-05 14:34:08,jie
2066,春分,2066-03-20 15:19:52,zhong
2066,清明,2066-04-04 18:57:46,jie
2066,谷雨,2066-04-20 01:55:18,zhong
2066,立夏,2066-05-05 11:48:42,jie
2066,小满,2066-05-21 00:37:30,zhong
2066,芒种,2066-06-05 15:35:54,jie
2066,夏至,2066-06-21 08:16:27,zhong
2066,小暑,2066-07-07 01:41:55,jie
2066,大暑,2066-07-22 19:06:20,zhong
2066,立秋,2066-08-07 11:36:57,jie
2066,处暑,2066-08-23 02:23:32,zhong
2066,白露,2066-09-07 14:53:21,jie
2066,秋分,2066-09-23 00:27:03,zhong
2066,寒露,2066-10-08 07:00:52,jie
2066,霜降,2066-10-23 10:16:26,zhong
2066,立冬,2066-11-07 10:39:16,jie
2066,小雪,2066-11-22 08:13:38,zhong
2066,大雪,2066-12-07 03:48:30,jie
2066,冬至,2066-12-21 21:45:34,zhong
2067,小寒,2067-01-05 15:07:05,jie
2067,大寒,2067-01-20 08:22:56,zhong
2067,立春,2067-02-04 02:37:20,jie
2067,雨水,2067-02-18 22:17:23,zhong
2067,惊蛰,2067-03-05 20:18:32,jie
2067,春分,2067-03-20 20:53:40,zhong
2067,清明,2067-04-05 00:40:37,jie
2067,谷雨,2067-04-20 07:28:38,zhong
2067,立夏,2067-05-05 17:32:12,jie
2067,小满,2067-05-21 06:12:57,zhong
2067,芒种,2067-06-05 21:21:21,jie
2067,夏至,2067-06-21 13:56:03,zhong
2067,小暑,2067-07-07 07:29:10,jie
2067,大暑,2067-07-23 00:50:39,zhong
2067,立秋,2067-08-07 17:25:06,jie
2067,处暑,2067-08-23 08:12:16,zhong
2067,白露,2067-09-07 20:42:19,jie
2067,秋分,2067-09-23 06:19:41,zhong
2067,寒露,2067-10-08 12:50:58,jie
2067,霜降,2067-10-23 16:11:49,zhong
2067,立冬,2067-11-07 16:30:28,jie
2067,小雪,2067-11-22 14:10:38,zhong
2067,大雪,2067-12-07 09:40:38,jie
2067,冬至,2067-12-22 03:43:08,zhong
2068,小寒,2068-01-05 20:59:27,jie
2068,大寒,2068-01-20 14:20:00,zhong
2068,立春,2068-02-04 08:29:03,jie
2068,雨水,2068-02-19 04:13:26,zhong
2068,惊蛰,2068-03-05 02:08:56,jie
2068,春分,2068-03-20 02:49:03,zhong
2068,清明,2068-04-04 06:29:44,jie
2068,谷雨,2068-04-19 13:24:25,zhong
2068,立夏,2068-05-04 23:20:36,jie
2068,小满,2068-05-20 12:10:02,zhong
2068,芒种,2068-06-05 03:09:34,jie
2068,夏至,2068-06-20 19:53:48,zhong
2068,小暑,2068-07-06 13:16:53,jie
2068,大暑,2068-07-22 06:46:42,zhong
2068,立秋,2068-08-06 23:11:09,jie
2068,处暑,2068-08-22 14:03:57,zhong
2068,白露,2068-09-07 02:25:51,jie
2068,秋分,2068-09-22 12:06:48,zhong
2068,寒露,2068-10-07 18:33:05,jie
2068,霜降,2068-10-22 21:56:59,zhong
2068,立冬,2068-11-06 22:13:25,jie
2068,小雪,2068-11-21 19:57:01,zhong
2068,大雪,2068-12-06 15:26:11,jie
2068,冬至,2068-12-21 09:32:42,zhong
2069,小寒,2069-01-05 02:48:18,jie
2069,大寒,2069-01-19 20:13:09,zhong
2069,立春,2069-02-03 14:20:50,jie
2069,雨水,2069-02-18 10:09:02,zhong
2069,惊蛰,2069-03-05 08:02:34,jie
2069,春分,2069-03-20 08:45:05,zhong
2069,清明,2069-04-04 12:24:00,jie
2069,谷雨,2069-04-19 19:18:45,zhong
2069,立夏,2069-05-05 05:14:43,jie
2069,小满,2069-05-20 18:01:02,zhong
2069,芒种,2069-06-05 09:03:20,jie
2069,夏至,2069-06-21 01:41:18,zhong
2069,小暑,2069-07-06 19:10:58,jie
2069,大暑,2069-07-22 12:32:22,zhong
2069,立秋,2069-08-07 05:06:01,jie
2069,处暑,2069-08-22 19:49:17,zhong
2069,白露,2069-09-07 08:20:39,jie
2069,秋分,2069-09-22 17:51:54,zhong
2069,寒露,2069-10-08 00:27:01,jie
2069,霜降,2069-10-23 03:42:11,zhong
2069,立冬,2069-11-07 04:07:28,jie
2069,小雪,2069-11-22 01:43:38,zhong
2069,大雪,2069-12-06 21:22:20,jie
2069,冬至,2069-12-21 15:22:04,zhong
2070,小寒,2070-01-05 08:47:32,jie
2070,大寒,2070-01-20 02:05:01,zhong
2070,立春,2070-02-03 20:21:48,jie
2070,雨水,2070-02-18 16:01:14,zhong
2070,惊蛰,2070-03-05 14:02:25,jie
2070,春分,2070-03-20 14:34:55,zhong
2070,清明,2070-04-04 18:19:47,jie
2070,谷雨,2070-04-20 01:04:31,zhong
2070,立夏,2070-05-05 11:04:47,jie
2070,小满,2070-05-20 23:43:18,zhong
2070,芒种,2070-06-05 14:48:01,jie
2070,夏至,2070-06-21 07:22:36,zhong
2070,小暑,2070-07-07 00:52:04,jie
2070,大暑,2070-07-22 18:15:42,zhong
2070,立秋,2070-08-07 10:46:36,jie
2070,处暑,2070-08-23 01:37:10,zhong
2070,白露,2070-09-07 14:03:48,jie
2070,秋分,2070-09-22 23:44:51,zhong
2070,寒露,2070-10-08 06:13:21,jie
2070,霜降,2070-10-23 09:38:23,zhong
2070,立冬,2070-11-07 09:55:33,jie
2070,小雪,2070-11-22 07:40:56,zhong
2070,大雪,2070-12-07 03:10:45,jie
2070,冬至,2070-12-21 21:19:20,zhong
2071,小寒,2071-01-05 14:35:55,jie
2071,大寒,2071-01-20 08:02:25,zhong
2071,立春,2071-02-04 02:10:50,jie
2071,雨水,2071-02-18 21:59:41,zhong
2071,惊蛰,2071-03-05 19:52:35,jie
2071,春分,2071-03-20 20:34:41,zhong
2071,清明,2071-04-05 00:10:36,jie
2071,谷雨,2071-04-20 07:04:52,zhong
2071,立夏,2071-05-05 16:55:13,jie
2071,小满,2071-05-21 05:42:59,zhong
2071,芒种,2071-06-05 20:37:57,jie
2071,夏至,2071-06-21 13:20:50,zhong
2071,小暑,2071-07-07 06:42:47,jie
2071,大暑,2071-07-23 00:12:15,zhong
2071,立秋,2071-08-07 16:39:09,jie
2071,处暑,2071-08-23 07:31:53,zhong
2071,白露,2071-09-07 19:57:57,jie
2071,秋分,2071-09-23 05:37:44,zhong
2071,寒露,2071-10-08 12:07:58,jie
2071,霜降,2071-10-23 15:29:10,zhong
2071,立冬,2071-11-07 15:48:42,jie
2071,小雪,2071-11-22 13:28:42,zhong
2071,大雪,2071-12-07 09:00:47,jie
2071,冬至,2071-12-22 03:03:52,zhong
2072,小寒,2072-01-05 20:22:57,jie
2072,大寒,2072-01-20 13:45:09,zhong
2072,立春,2072-02-04 07:57:00,jie
2072,雨水,2072-02-19 03:43:07,zhong
2072,惊蛰,2072-03-05 01:40:56,jie
2072,春分,2072-03-20 02:21:04,zhong
2072,清明,2072-04-04 06:03:41,jie
2072,谷雨,2072-04-19 12:55:00,zhong
2072,立夏,2072-05-04 22:53:42,jie
2072,小满,2072-05-20 11:35:39,zhong
2072,芒种,2072-06-05 02:39:56,jie
2072,夏至,2072-06-20 19:13:48,zhong
2072,小暑,2072-07-06 12:45:10,jie
2072,大暑,2072-07-22 06:04:08,zhong
2072,立秋,2072-08-06 22:39:20,jie
2072,处暑,2072-08-22 13:22:30,zhong
2072,白露,2072-09-07 01:55:08,jie
2072,秋分,2072-09-22 11:27:50,zhong
2072,寒露,2072-10-07 18:03:16,jie
2072,霜降,2072-10-22 21:19:52,zhong
2072,立冬,2072-11-06 21:43:50,jie
2072,小雪,2072-11-21 19:20:26,zhong
2072,大雪,2072-12-06 14:56:27,jie
2072,冬至,2072-12-21 08:56:01,zhong
2073,小寒,2073-01-05 02:18:50,jie
2073,大寒,2073-01-19 19:36:58,zhong
2073,立春,2073-02-03 13:52:44,jie
2073,雨水,2073-02-18 09:34:45,zhong
2073,惊蛰,2073-03-05 07:36:42,jie
2073,春分,2073-03-20 08:13:20,zhong
2073,清明,2073-04-04 11:59:16,jie
2073,谷雨,2073-04-19 18:48:13,zhong
2073,立夏,2073-05-05 04:47:47,jie
2073,小满,2073-05-20 17:29:28,zhong
2073,芒种,2073-06-05 08:30:39,jie
2073,夏至,2073-06-21 01:07:00,zhong
2073,小暑,2073-07-06 18:30:50,jie
2073,大暑,2073-07-22 11:55:13,zhong
2073,立秋,2073-08-07 04:20:13,jie
2073,处暑,2073-08-22 19:11:13,zhong
2073,白露,2073-09-07 07:33:18,jie
2073,秋分,2073-09-22 17:15:17,zhong
2073,寒露,2073-10-07 23:41:16,jie
2073,霜降,2073-10-23 03:08:01,zhong
2073,立冬,2073-11-07 03:24:05,jie
2073,小雪,2073-11-22 01:11:27,zhong
2073,大雪,2073-12-06 20:40:24,jie
2073,冬至,2073-12-21 14:50:42,zhong
2074,小寒,2074-01-05 08:06:03,jie
2074,大寒,2074-01-20 01:34:08,zhong
2074,立春,2074-02-03 19:41:15,jie
2074,雨水,2074-02-18 15:32:03,zhong
2074,惊蛰,2074-03-05 13:24:17,jie
2074,春分,2074-03-20 14:08:52,zhong
2074,清明,2074-04-04 17:45:07,jie
2074,谷雨,2074-04-20 00:41:43,zhong
2074,立夏,2074-05-05 10:33:09,jie
2074,小满,2074-05-20 23:21:38,zhong
2074,芒种,2074-06-05 14:17:40,jie
2074,夏至,2074-06-21 06:58:26,zhong
2074,小暑,2074-07-07 00:20:58,jie
2074,大暑,2074-07-22 17:45:43,zhong
2074,立秋,2074-08-07 10:13:13,jie
2074,处暑,2074-08-23 01:00:33,zhong
2074,白露,2074-09-07 13:28:16,jie
2074,秋分,2074-09-22 23:03:47,zhong
2074,寒露,2074-10-08 05:37:13,jie
2074,霜降,2074-10-23 08:55:48,zhong
2074,立冬,2074-11-07 09:19:42,jie
2074,小雪,2074-11-22 06:57:53,zhong
2074,大雪,2074-12-07 02:34:25,jie
2074,冬至,2074-12-21 20:35:14,zhong
2075,小寒,2075-01-05 13:57:51,jie
2075,大寒,2075-01-20 07:16:30,zhong
2075,立春,2075-02-04 01:30:36,jie
2075,雨水,2075-02-18 21:11:59,zhong
2075,惊蛰,2075-03-05 19:11:21,jie
2075,春分,2075-03-20 19:46:33,zhong
2075,清明,2075-04-04 23:31:00,jie
2075,谷雨,2075-04-20 06:18:23,zhong
2075,立夏,2075-05-05 16:19:41,jie
2075,小满,2075-05-21 04:59:35,zhong
2075,芒种,2075-06-05 20:06:41,jie
2075,夏至,2075-06-21 12:40:26,zhong
2075,小暑,2075-07-07 06:13:28,jie
2075,大暑,2075-07-22 23:33:28,zhong
2075,立秋,2075-08-07 16:08:22,jie
2075,处暑,2075-08-23 06:53:13,zhong
2075,白露,2075-09-07 19:23:56,jie
2075,秋分,2075-09-23 04:58:49,zhong
2075,寒露,2075-10-08 11:31:26,jie
2075,霜降,2075-10-23 14:50:36,zhong
2075,立冬,2075-11-07 15:11:36,jie
2075,小雪,2075-11-22 12:51:10,zhong
2075,大雪,2075-12-07 08:24:27,jie
2075,冬至,2075-12-22 02:27:04,zhong
2076,小寒,2076-01-05 19:47:03,jie
2076,大寒,2076-01-20 13:07:40,zhong
2076,立春,2076-02-04 07:19:52,jie
2076,雨水,2076-02-19 03:03:25,zhong
2076,惊蛰,2076-03-05 01:00:54,jie
2076,春分,2076-03-20 01:38:51,zhong
2076,清明,2076-04-04 05:20:20,jie
2076,谷雨,2076-04-19 12:11:57,zhong
2076,立夏,2076-05-04 22:08:22,jie
2076,小满,2076-05-20 10:54:48,zhong
2076,芒种,2076-06-05 01:54:33,jie
2076,夏至,2076-06-20 18:36:46,zhong
2076,小暑,2076-07-06 12:00:23,jie
2076,大暑,2076-07-22 05:29:40,zhong
2076,立秋,2076-08-06 21:54:33,jie
2076,处暑,2076-08-22 12:47:41,zhong
2076,白露,2076-09-07 01:09:00,jie
2076,秋分,2076-09-22 10:50:15,zhong
2076,寒露,2076-10-07 17:14:52,jie
2076,霜降,2076-10-22 20:39:00,zhong
2076,立冬,2076-11-06 20:53:28,jie
2076,小雪,2076-11-21 18:37:42,zhong
2076,大雪,2076-12-06 14:05:29,jie
2076,冬至,2076-12-21 08:13:22,zhong
2077,小寒,2077-01-05 01:28:28,jie
2077,大寒,2077-01-19 18:55:23,zhong
2077,立春,2077-02-03 13:03:06,jie
2077,雨水,2077-02-18 08:53:32,zhong
2077,惊蛰,2077-03-05 06:46:50,jie
2077,春分,2077-03-20 07:31:04,zhong
2077,清明,2077-04-04 11:08:43,jie
2077,谷雨,2077-04-19 18:04:25,zhong
2077,立夏,2077-05-05 03:58:03,jie
2077,小满,2077-05-20 16:45:00,zhong
2077,芒种,2077-06-05 07:44:33,jie
2077,夏至,2077-06-21 00:23:27,zhong
2077,小暑,2077-07-06 17:50:51,jie
2077,大暑,2077-07-22 11:13:50,zhong
2077,立秋,2077-08-07 03:46:29,jie
2077,处暑,2077-08-22 18:31:47,zhong
2077,白露,2077-09-07 07:03:09,jie
2077,秋分,2077-09-22 16:35:50,zhong
2077,寒露,2077-10-07 23:10:47,jie
2077,霜降,2077-10-23 02:25:59,zhong
2077,立冬,2077-11-07 02:50:15,jie
2077,小雪,2077-11-22 00:25:20,zhong
2077,大雪,2077-12-06 20:02:26,jie
2077,冬至,2077-12-21 14:00:48,zhong
2078,小寒,2078-01-05 07:24:46,jie
2078,大寒,2078-01-20 00:41:23,zhong
2078,立春,2078-02-03 18:57:21,jie
2078,雨水,2078-02-18 14:36:46,zhong
2078,惊蛰,2078-03-05 12:37:53,jie
2078,春分,2078-03-20 13:10:51,zhong
2078,清明,2078-04-04 16:56:05,jie
2078,谷雨,2078-04-19 23:40:54,zhong
2078,立夏,2078-05-05 09:41:37,jie
2078,小满,2078-05-20 22:19:22,zhong
2078,芒种,2078-06-05 13:24:45,jie
2078,夏至,2078-06-21 05:57:56,zhong
2078,小暑,2078-07-06 23:28:47,jie
2078,大暑,2078-07-22 16:50:56,zhong
2078,立秋,2078-08-07 09:24:08,jie
2078,处暑,2078-08-23 00:13:54,zhong
2078,白露,2078-09-07 12:43:38,jie
2078,秋分,2078-09-22 22:24:31,zhong
2078,寒露,2078-10-08 04:55:59,jie
2078,霜降,2078-10-23 08:20:30,zhong
2078,立冬,2078-11-07 08:39:22,jie
2078,小雪,2078-11-22 06:22:53,zhong
2078,大雪,2078-12-07 01:52:45,jie
2078,冬至,2078-12-21 19:57:57,zhong
2079,小寒,2079-01-05 13:13:29,jie
2079,大寒,2079-01-20 06:35:54,zhong
2079,立春,2079-02-04 00:43:11,jie
2079,雨水,2079-02-18 20:28:23,zhong
2079,惊蛰,2079-03-05 18:20:59,jie
2079,春分,2079-03-20 19:00:40,zhong
2079,清明,2079-04-04 22:37:24,jie
2079,谷雨,2079-04-20 05:30:34,zhong
2079,立夏,2079-05-05 15:22:18,jie
2079,小满,2079-05-21 04:09:51,zhong
2079,芒种,2079-06-05 19:05:55,jie
2079,夏至,2079-06-21 11:49:18,zhong
2079,小暑,2079-07-07 05:11:43,jie
2079,大暑,2079-07-22 22:42:31,zhong
2079,立秋,2079-08-07 15:09:21,jie
2079,处暑,2079-08-23 06:04:20,zhong
2079,白露,2079-09-07 18:30:17,jie
2079,秋分,2079-09-23 04:13:09,zhong
2079,寒露,2079-10-08 10:43:26,jie
2079,霜降,2079-10-23 14:07:57,zhong
2079,立冬,2079-11-07 14:27:06,jie
2079,小雪,2079-11-22 12:09:39,zhong
2079,大雪,2079-12-07 07:40:01,jie
2079,冬至,2079-12-22 01:44:00,zhong
2080,小寒,2080-01-05 18:59:35,jie
2080,大寒,2080-01-20 12:20:58,zhong
2080,立春,2080-02-04 06:27:57,jie
2080,雨水,2080-02-19 02:12:24,zhong
2080,惊蛰,2080-03-05 00:05:09,jie
2080,春分,2080-03-20 00:44:07,zhong
2080,清明,2080-04-04 04:22:42,jie
2080,谷雨,2080-04-19 11:14:21,zhong
2080,立夏,2080-05-04 21:10:39,jie
2080,小满,2080-05-20 09:54:25,zhong
2080,芒种,2080-06-05 00:57:47,jie
2080,夏至,2080-06-20 17:34:06,zhong
2080,小暑,2080-07-06 11:05:38,jie
2080,大暑,2080-07-22 04:26:51,zhong
2080,立秋,2080-08-06 21:03:06,jie
2080,处暑,2080-08-22 11:47:58,zhong
2080,白露,2080-09-07 00:22:26,jie
2080,秋分,2080-09-22 09:56:26,zhong
2080,寒露,2080-10-07 16:34:20,jie
2080,霜降,2080-10-22 19:52:01,zhong
2080,立冬,2080-11-06 20:18:39,jie
2080,小雪,2080-11-21 17:55:51,zhong
2080,大雪,2080-12-06 13:33:51,jie
2080,冬至,2080-12-21 07:32:48,zhong
2081,小寒,2081-01-05 00:56:01,jie
2081,大寒,2081-01-19 18:11:44,zhong
2081,立春,2081-02-03 12:25:55,jie
2081,雨水,2081-02-18 08:03:45,zhong
2081,惊蛰,2081-03-05 06:02:43,jie
2081,春分,2081-03-20 06:34:14,zhong
2081,清明,2081-04-04 10:17:14,jie
2081,谷雨,2081-04-19 17:01:33,zhong
2081,立夏,2081-05-05 02:59:57,jie
2081,小满,2081-05-20 15:38:38,zhong
2081,芒种,2081-06-05 06:41:10,jie
2081,夏至,2081-06-20 23:16:24,zhong
2081,小暑,2081-07-06 16:43:31,jie
2081,大暑,2081-07-22 10:08:09,zhong
2081,立秋,2081-08-07 02:37:02,jie
2081,处暑,2081-08-22 17:29:04,zhong
2081,白露,2081-09-07 05:54:37,jie
2081,秋分,2081-09-22 15:37:49,zhong
2081,寒露,2081-10-07 22:06:34,jie
2081,霜降,2081-10-23 01:34:32,zhong
2081,立冬,2081-11-07 01:52:47,jie
2081,小雪,2081-11-21 23:41:13,zhong
2081,大雪,2081-12-06 19:11:47,jie
2081,冬至,2081-12-21 13:22:31,zhong
2082,小寒,2082-01-05 06:38:36,jie
2082,大寒,2082-01-20 00:05:48,zhong
2082,立春,2082-02-03 18:12:12,jie
2082,雨水,2082-02-18 14:00:22,zhong
2082,惊蛰,2082-03-05 11:50:09,jie
2082,春分,2082-03-20 12:30:39,zhong
2082,清明,2082-04-04 16:03:08,jie
2082,谷雨,2082-04-19 22:55:24,zhong
2082,立夏,2082-05-05 08:42:57,jie
2082,小满,2082-05-20 21:28:47,zhong
2082,芒种,2082-06-05 12:22:10,jie
2082,夏至,2082-06-21 05:03:18,zhong
2082,小暑,2082-07-06 22:25:06,jie
2082,大暑,2082-07-22 15:53:02,zhong
2082,立秋,2082-08-07 08:21:19,jie
2082,处暑,2082-08-22 23:13:26,zhong
2082,白露,2082-09-07 11:42:35,jie
2082,秋分,2082-09-22 21:22:58,zhong
2082,寒露,2082-10-08 03:57:31,jie
2082,霜降,2082-10-23 07:20:05,zhong
2082,立冬,2082-11-07 07:44:16,jie
2082,小雪,2082-11-22 05:25:28,zhong
2082,大雪,2082-12-07 01:01:34,jie
2082,冬至,2082-12-21 19:04:40,zhong
2083,小寒,2083-01-05 12:26:10,jie
2083,大寒,2083-01-20 05:46:20,zhong
2083,立春,2083-02-03 23:58:22,jie
2083,雨水,2083-02-18 19:40:14,zhong
2083,惊蛰,2083-03-05 17:36:14,jie
2083,春分,2083-03-20 18:10:31,zhong
2083,清明,2083-04-04 21:50:18,jie
2083,谷雨,2083-04-20 04:35:27,zhong
2083,立夏,2083-05-05 14:31:37,jie
2083,小满,2083-05-21 03:08:50,zhong
2083,芒种,2083-06-05 18:11:58,jie
2083,夏至,2083-06-21 10:43:54,zhong
2083,小暑,2083-07-07 04:15:50,jie
2083,大暑,2083-07-22 21:35:45,zhong
2083,立秋,2083-08-07 14:12:50,jie
2083,处暑,2083-08-23 04:59:15,zhong
2083,白露,2083-09-07 17:34:30,jie
2083,秋分,2083-09-23 03:11:38,zhong
2083,寒露,2083-10-08 09:49:29,jie
2083,霜降,2083-10-23 13:10:21,zhong
2083,立冬,2083-11-07 13:35:42,jie
2083,小雪,2083-11-22 11:15:37,zhong
2083,大雪,2083-12-07 06:51:48,jie
2083,冬至,2083-12-22 00:53:22,zhong
2084,小寒,2084-01-05 18:15:01,jie
2084,大寒,2084-01-20 11:33:36,zhong
2084,立春,2084-02-04 05:46:37,jie
2084,雨水,2084-02-19 01:27:26,zhong
2084,惊蛰,2084-03-04 23:25:04,jie
2084,春分,2084-03-19 23:59:30,zhong
2084,清明,2084-04-04 03:40:28,jie
2084,谷雨,2084-04-19 10:27:41,zhong
2084,立夏,2084-05-04 20:22:57,jie
2084,小满,2084-05-20 09:04:25,zhong
2084,芒种,2084-06-05 00:02:44,jie
2084,夏至,2084-06-20 16:40:35,zhong
2084,小暑,2084-07-06 10:03:29,jie
2084,大暑,2084-07-22 03:30:35,zhong
2084,立秋,2084-08-06 19:56:22,jie
2084,处暑,2084-08-22 10:50:28,zhong
2084,白露,2084-09-06 23:14:22,jie
2084,秋分,2084-09-22 08:59:08,zhong
2084,寒露,2084-10-07 15:27:15,jie
2084,霜降,2084-10-22 18:55:57,zhong
2084,立冬,2084-11-06 19:13:33,jie
2084,小雪,2084-11-21 17:01:42,zhong
2084,大雪,2084-12-06 12:31:11,jie
2084,冬至,2084-12-21 06:41:17,zhong
2085,小寒,2085-01-04 23:56:19,jie
2085,大寒,2085-01-19 17:23:38,zhong
2085,立春,2085-02-03 11:29:53,jie
2085,雨水,2085-02-18 07:19:34,zhong
2085,惊蛰,2085-03-05 05:10:31,jie
2085,春分,2085-03-20 05:53:33,zhong
2085,清明,2085-04-04 09:28:20,jie
2085,谷雨,2085-04-19 16:22:49,zhong
2085,立夏,2085-05-05 02:13:03,jie
2085,小满,2085-05-20 14:58:59,zhong
2085,芒种,2085-06-05 05:54:36,jie
2085,夏至,2085-06-20 22:32:50,zhong
2085,小暑,2085-07-06 15:56:20,jie
2085,大暑,2085-07-22 09:19:28,zhong
2085,立秋,2085-08-07 01:49:27,jie
2085,处暑,2085-08-22 16:36:26,zhong
2085,白露,2085-09-07 05:07:29,jie
2085,秋分,2085-09-22 14:43:31,zhong
2085,寒露,2085-10-07 21:20:28,jie
2085,霜降,2085-10-23 00:40:11,zhong
2085,立冬,2085-11-07 01:07:38,jie
2085,小雪,2085-11-21 22:47:15,zhong
2085,大雪,2085-12-06 18:27:05,jie
2085,冬至,2085-12-21 12:28:45,zhong
2086,小寒,2086-01-05 05:53:41,jie
2086,大寒,2086-01-19 23:11:37,zhong
2086,立春,2086-02-03 17:26:26,jie
2086,雨水,2086-02-18 13:05:23,zhong
2086,惊蛰,2086-03-05 11:03:54,jie
2086,春分,2086-03-20 11:35:20,zhong
2086,清明,2086-04-04 15:17:38,jie
2086,谷雨,2086-04-19 22:00:34,zhong
2086,立夏,2086-05-05 07:58:56,jie
2086,小满,2086-05-20 20:34:41,zhong
2086,芒种,2086-06-05 11:38:40,jie
2086,夏至,2086-06-21 04:09:37,zhong
2086,小暑,2086-07-06 21:40:05,jie
2086,大暑,2086-07-22 14:59:41,zhong
2086,立秋,2086-08-07 07:33:27,jie
2086,处暑,2086-08-22 22:20:55,zhong
2086,白露,2086-09-07 10:52:27,jie
2086,秋分,2086-09-22 20:32:15,zhong
2086,寒露,2086-10-08 03:07:05,jie
2086,霜降,2086-10-23 06:32:11,zhong
2086,立冬,2086-11-07 06:55:43,jie
2086,小雪,2086-11-22 04:40:55,zhong
2086,大雪,2086-12-07 00:15:54,jie
2086,冬至,2086-12-21 18:22:41,zhong
2087,小寒,2087-01-05 11:42:35,jie
2087,大寒,2087-01-20 05:05:15,zhong
2087,立春,2087-02-03 23:15:12,jie
2087,雨水,2087-02-18 18:58:41,zhong
2087,惊蛰,2087-03-05 16:52:00,jie
2087,春分,2087-03-20 17:28:22,zhong
2087,清明,2087-04-04 21:04:32,jie
2087,谷雨,2087-04-20 03:53:49,zhong
2087,立夏,2087-05-05 13:44:44,jie
2087,小满,2087-05-21 02:29:03,zhong
2087,芒种,2087-06-05 17:24:31,jie
2087,夏至,2087-06-21 10:06:00,zhong
2087,小暑,2087-07-07 03:27:59,jie
2087,大暑,2087-07-22 20:58:17,zhong
2087,立秋,2087-08-07 13:24:20,jie
2087,处暑,2087-08-23 04:19:42,zhong
2087,白露,2087-09-07 16:44:23,jie
2087,秋分,2087-09-23 02:28:21,zhong
2087,寒露,2087-10-08 08:57:32,jie
2087,霜降,2087-10-23 12:24:15,zhong
2087,立冬,2087-11-07 12:43:13,jie
2087,小雪,2087-11-22 10:29:11,zhong
2087,大雪,2087-12-07 06:00:21,jie
2087,冬至,2087-12-22 00:08:32,zhong
2088,小寒,2088-01-05 17:25:17,jie
2088,大寒,2088-01-20 10:50:40,zhong
2088,立春,2088-02-04 04:58:09,jie
2088,雨水,2088-02-19 00:45:24,zhong
2088,惊蛰,2088-03-04 22:37:02,jie
2088,春分,2088-03-19 23:17:06,zhong
2088,清明,2088-04-04 02:52:48,jie
2088,谷雨,2088-04-19 09:44:15,zhong
2088,立夏,2088-05-04 19:36:44,jie
2088,小满,2088-05-20 08:20:13,zhong
2088,芒种,2088-06-04 23:20:01,jie
2088,夏至,2088-06-20 15:56:44,zhong
2088,小暑,2088-07-06 09:25:58,jie
2088,大暑,2088-07-22 02:48:14,zhong
2088,立秋,2088-08-06 19:23:37,jie
2088,处暑,2088-08-22 10:09:33,zhong
2088,白露,2088-09-06 22:43:59,jie
2088,秋分,2088-09-22 08:18:20,zhong
2088,寒露,2088-10-07 14:56:21,jie
2088,霜降,2088-10-22 18:13:46,zhong
2088,立冬,2088-11-06 18:40:42,jie
2088,小雪,2088-11-21 16:17:45,zhong
2088,大雪,2088-12-06 11:56:43,jie
2088,冬至,2088-12-21 05:56:15,zhong
2089,小寒,2089-01-04 23:21:14,jie
2089,大寒,2089-01-19 16:38:15,zhong
2089,立春,2089-02-03 10:54:39,jie
2089,雨水,2089-02-18 06:33:52,zhong
2089,惊蛰,2089-03-05 04:34:40,jie
2089,春分,2089-03-20 05:06:39,zhong
2089,清明,2089-04-04 08:50:26,jie
2089,谷雨,2089-04-19 15:33:34,zhong
2089,立夏,2089-05-05 01:31:51,jie
2089,小满,2089-05-20 14:08:01,zhong
2089,芒种,2089-06-05 05:10:31,jie
2089,夏至,2089-06-20 21:43:01,zhong
2089,小暑,2089-07-06 15:11:07,jie
2089,大暑,2089-07-22 08:33:43,zhong
2089,立秋,2089-08-07 01:04:40,jie
2089,处暑,2089-08-22 15:55:50,zhong
2089,白露,2089-09-07 04:24:01,jie
2089,秋分,2089-09-22 14:07:00,zhong
2089,寒露,2089-10-07 20:37:58,jie
2089,霜降,2089-10-23 00:05:24,zhong
2089,立冬,2089-11-07 00:24:48,jie
2089,小雪,2089-11-21 22:11:58,zhong
2089,大雪,2089-12-06 17:42:57,jie
2089,冬至,2089-12-21 11:52:06,zhong
2090,小寒,2090-01-05 05:08:42,jie
2090,大寒,2090-01-19 22:34:41,zhong
2090,立春,2090-02-03 16:42:17,jie
2090,雨水,2090-02-18 12:29:56,zhong
2090,惊蛰,2090-03-05 10:21:31,jie
2090,春分,2090-03-20 11:02:00,zhong
2090,清明,2090-04-04 14:36:13,jie
2090,谷雨,2090-04-19 21:28:25,zhong
2090,立夏,2090-05-05 07:16:43,jie
2090,小满,2090-05-20 20:02:08,zhong
2090,芒种,2090-06-05 10:54:58,jie
2090,夏至,2090-06-21 03:35:58,zhong
2090,小暑,2090-07-06 20:56:35,jie
2090,大暑,2090-07-22 14:25:32,zhong
2090,立秋,2090-08-07 06:52:47,jie
2090,处暑,2090-08-22 21:47:13,zhong
2090,白露,2090-09-07 10:15:51,jie
2090,秋分,2090-09-22 19:59:25,zhong
2090,寒露,2090-10-08 02:33:44,jie
2090,霜降,2090-10-23 05:59:23,zhong
2090,立冬,2090-11-07 06:22:42,jie
2090,小雪,2090-11-22 04:05:53,zhong
2090,大雪,2090-12-06 23:39:50,jie
2090,冬至,2090-12-21 17:43:38,zhong
2091,小寒,2091-01-05 11:01:57,jie
2091,大寒,2091-01-20 04:22:09,zhong
2091,立春,2091-02-03 22:30:49,jie
2091,雨水,2091-02-18 18:13:01,zhong
2091,惊蛰,2091-03-05 16:06:20,jie
2091,春分,2091-03-20 16:41:58,zhong
2091,清明,2091-04-04 20:20:09,jie
2091,谷雨,2091-04-20 03:07:38,zhong
2091,立夏,2091-05-05 13:03:05,jie
2091,小满,2091-05-21 01:42:45,zhong
2091,芒种,2091-06-05 16:45:29,jie
2091,夏至,2091-06-21 09:19:02,zhong
2091,小暑,2091-07-07 02:50:53,jie
2091,大暑,2091-07-22 20:11:36,zhong
2091,立秋,2091-08-07 12:49:28,jie
2091,处暑,2091-08-23 03:36:21,zhong
2091,白露,2091-09-07 16:13:25,jie
2091,秋分,2091-09-23 01:50:57,zhong
2091,寒露,2091-10-08 08:31:24,jie
2091,霜降,2091-10-23 11:52:35,zhong
2091,立冬,2091-11-07 12:20:42,jie
2091,小雪,2091-11-22 10:00:22,zhong
2091,大雪,2091-12-07 05:38:30,jie
2091,冬至,2091-12-21 23:38:37,zhong
2092,小寒,2092-01-05 17:00:46,jie
2092,大寒,2092-01-20 10:16:32,zhong
2092,立春,2092-02-04 04:28:49,jie
2092,雨水,2092-02-19 00:06:01,zhong
2092,惊蛰,2092-03-04 22:02:37,jie
2092,春分,2092-03-19 22:33:40,zhong
2092,清明,2092-04-04 02:14:34,jie
2092,谷雨,2092-04-19 08:59:24,zhong
2092,立夏,2092-05-04 18:56:16,jie
2092,小满,2092-05-20 07:36:33,zhong
2092,芒种,2092-06-04 22:37:44,jie
2092,夏至,2092-06-20 15:15:04,zhong
2092,小暑,2092-07-06 08:40:56,jie
2092,大暑,2092-07-22 02:07:47,zhong
2092,立秋,2092-08-06 18:36:00,jie
2092,处暑,2092-08-22 09:30:22,zhong
2092,白露,2092-09-06 21:56:13,jie
2092,秋分,2092-09-22 07:41:53,zhong
2092,寒露,2092-10-07 14:11:39,jie
2092,霜降,2092-10-22 17:41:49,zhong
2092,立冬,2092-11-06 18:00:52,jie
2092,小雪,2092-11-21 15:50:34,zhong
2092,大雪,2092-12-06 11:21:03,jie
2092,冬至,2092-12-21 05:32:00,zhong
2093,小寒,2093-01-04 22:47:02,jie
2093,大寒,2093-01-19 16:13:46,zhong
2093,立春,2093-02-03 10:18:35,jie
2093,雨水,2093-02-18 06:06:10,zhong
2093,惊蛰,2093-03-05 03:54:24,jie
2093,春分,2093-03-20 04:34:37,zhong
2093,清明,2093-04-04 08:06:14,jie
2093,谷雨,2093-04-19 14:58:35,zhong
2093,立夏,2093-05-05 00:46:19,jie
2093,小满,2093-05-20 13:32:08,zhong
2093,芒种,2093-06-05 04:26:36,jie
2093,夏至,2093-06-20 21:07:09,zhong
2093,小暑,2093-07-06 14:30:37,jie
2093,大暑,2093-07-22 07:57:26,zhong
2093,立秋,2093-08-07 00:27:42,jie
2093,处暑,2093-08-22 15:18:29,zhong
2093,白露,2093-09-07 03:49:42,jie
2093,秋分,2093-09-22 13:29:00,zhong
2093,寒露,2093-10-07 20:06:00,jie
2093,霜降,2093-10-22 23:28:21,zhong
2093,立冬,2093-11-06 23:55:46,jie
2093,小雪,2093-11-21 21:37:39,zhong
2093,大雪,2093-12-06 17:17:17,jie
2093,冬至,2093-12-21 11:20:50,zhong
2094,小寒,2094-01-05 04:44:59,jie
2094,大寒,2094-01-19 22:04:04,zhong
2094,立春,2094-02-03 16:17:03,jie
2094,雨水,2094-02-18 11:56:01,zhong
2094,惊蛰,2094-03-05 09:51:26,jie
2094,春分,2094-03-20 10:21:38,zhong
2094,清明,2094-04-04 14:00:01,jie
2094,谷雨,2094-04-19 20:40:56,zhong
2094,立夏,2094-05-05 06:35:43,jie
2094,小满,2094-05-20 19:09:40,zhong
2094,芒种,2094-06-05 10:11:58,jie
2094,夏至,2094-06-21 02:42:24,zhong
2094,小暑,2094-07-06 20:14:00,jie
2094,大暑,2094-07-22 13:34:25,zhong
2094,立秋,2094-08-07 06:11:37,jie
2094,处暑,2094-08-22 21:00:18,zhong
2094,白露,2094-09-07 09:36:04,jie
2094,秋分,2094-09-22 19:16:37,zhong
2094,寒露,2094-10-08 01:55:18,jie
2094,霜降,2094-10-23 05:20:15,zhong
2094,立冬,2094-11-07 05:46:43,jie
2094,小雪,2094-11-22 03:30:56,zhong
2094,大雪,2094-12-06 23:08:06,jie
2094,冬至,2094-12-21 17:13:23,zhong
2095,小寒,2095-01-05 10:35:02,jie
2095,大寒,2095-01-20 03:55:48,zhong
2095,立春,2095-02-03 22:07:04,jie
2095,雨水,2095-02-18 17:48:04,zhong
2095,惊蛰,2095-03-05 15:42:00,jie
2095,春分,2095-03-20 16:15:01,zhong
2095,清明,2095-04-04 19:50:53,jie
2095,谷雨,2095-04-20 02:35:59,zhong
2095,立夏,2095-05-05 12:25:54,jie
2095,小满,2095-05-21 01:05:54,zhong
2095,芒种,2095-06-05 16:00:24,jie
2095,夏至,2095-06-21 08:38:55,zhong
2095,小暑,2095-07-07 02:01:00,jie
2095,大暑,2095-07-22 19:30:58,zhong
2095,立秋,2095-08-07 11:58:38,jie
2095,处暑,2095-08-23 02:56:23,zhong
2095,白露,2095-09-07 15:23:27,jie
2095,秋分,2095-09-23 01:11:11,zhong
2095,寒露,2095-10-08 07:42:28,jie
2095,霜降,2095-10-23 11:12:48,zhong
2095,立冬,2095-11-07 11:32:39,jie
2095,小雪,2095-11-22 09:21:03,zhong
2095,大雪,2095-12-07 04:51:36,jie
2095,冬至,2095-12-21 23:00:52,zhong
2096,小寒,2096-01-05 16:15:56,jie
2096,大寒,2096-01-20 09:41:33,zhong
2096,立春,2096-02-04 03:46:51,jie
2096,雨水,2096-02-18 23:33:59,zhong
2096,惊蛰,2096-03-04 21:23:11,jie
2096,春分,2096-03-19 22:02:57,zhong
2096,清明,2096-04-04 01:35:44,jie
2096,谷雨,2096-04-19 08:26:43,zhong
2096,立夏,2096-05-04 18:15:40,jie
2096,小满,2096-05-20 06:58:34,zhong
2096,芒种,2096-06-04 21:54:25,jie
2096,夏至,2096-06-20 14:30:50,zhong
2096,小暑,2096-07-06 07:56:36,jie
2096,大暑,2096-07-22 01:19:31,zhong
2096,立秋,2096-08-06 17:53:25,jie
2096,处暑,2096-08-22 08:41:35,zhong
2096,白露,2096-09-06 21:17:00,jie
2096,秋分,2096-09-22 06:54:46,zhong
2096,寒露,2096-10-07 13:35:23,jie
2096,霜降,2096-10-22 16:56:19,zhong
2096,立冬,2096-11-06 17:25:54,jie
2096,小雪,2096-11-21 15:05:30,zhong
2096,大雪,2096-12-06 10:45:50,jie
2096,冬至,2096-12-21 04:46:14,zhong
2097,小寒,2097-01-04 22:10:53,jie
2097,大寒,2097-01-19 15:27:14,zhong
2097,立春,2097-02-03 09:41:59,jie
2097,雨水,2097-02-18 05:19:39,zhong
2097,惊蛰,2097-03-05 03:18:19,jie
2097,春分,2097-03-20 03:48:27,zhong
2097,清明,2097-04-04 07:30:15,jie
2097,谷雨,2097-04-19 14:11:22,zhong
2097,立夏,2097-05-05 00:08:12,jie
2097,小满,2097-05-20 12:42:02,zhong
2097,芒种,2097-06-05 03:43:43,jie
2097,夏至,2097-06-20 20:13:24,zhong
2097,小暑,2097-07-06 13:41:23,jie
2097,大暑,2097-07-22 07:01:01,zhong
2097,立秋,2097-08-06 23:32:54,jie
2097,处暑,2097-08-22 14:22:09,zhong
2097,白露,2097-09-07 02:52:52,jie
2097,秋分,2097-09-22 12:35:52,zhong
2097,寒露,2097-10-07 19:10:54,jie
2097,霜降,2097-10-22 22:39:49,zhong
2097,立冬,2097-11-06 23:03:52,jie
2097,小雪,2097-11-21 20:52:44,zhong
2097,大雪,2097-12-06 16:27:46,jie
2097,冬至,2097-12-21 10:37:26,zhong
2098,小寒,2098-01-05 03:56:26,jie
2098,大寒,2098-01-19 21:20:57,zhong
2098,立春,2098-02-03 15:29:00,jie
2098,雨水,2098-02-18 11:13:24,zhong
2098,惊蛰,2098-03-05 09:04:01,jie
2098,春分,2098-03-20 09:40:27,zhong
2098,清明,2098-04-04 13:13:17,jie
2098,谷雨,2098-04-19 20:01:46,zhong
2098,立夏,2098-05-05 05:48:53,jie
2098,小满,2098-05-20 18:31:37,zhong
2098,芒种,2098-06-05 09:23:23,jie
2098,夏至,2098-06-21 02:02:59,zhong
2098,小暑,2098-07-06 19:22:21,jie
2098,大暑,2098-07-22 12:50:58,zhong
2098,立秋,2098-08-07 05:16:32,jie
2098,处暑,2098-08-22 20:11:38,zhong
2098,白露,2098-09-07 08:38:41,jie
2098,秋分,2098-09-22 18:24:12,zhong
2098,寒露,2098-10-08 00:57:56,jie
2098,霜降,2098-10-23 04:26:54,zhong
2098,立冬,2098-11-07 04:50:40,jie
2098,小雪,2098-11-22 02:38:06,zhong
2098,大雪,2098-12-06 22:12:54,jie
2098,冬至,2098-12-21 16:20:48,zhong
2099,小寒,2099-01-05 09:39:16,jie
2099,大寒,2099-01-20 03:02:18,zhong
2099,立春,2099-02-03 21:09:29,jie
2099,雨水,2099-02-18 16:52:39,zhong
2099,惊蛰,2099-03-05 14:42:37,jie
2099,春分,2099-03-20 15:17:42,zhong
2099,清明,2099-04-04 18:51:26,jie
2099,谷雨,2099-04-20 01:37:57,zhong
2099,立夏,2099-05-05 11:29:04,jie
2099,小满,2099-05-21 00:08:18,zhong
2099,芒种,2099-06-05 15:07:46,jie
2099,夏至,2099-06-21 07:41:38,zhong
2099,小暑,2099-07-07 01:11:41,jie
2099,大暑,2099-07-22 18:32:56,zhong
2099,立秋,2099-08-07 11:10:12,jie
2099,处暑,2099-08-23 01:57:06,zhong
2099,白露,2099-09-07 14:34:09,jie
2099,秋分,2099-09-23 00:11:05,zhong
2099,寒露,2099-10-08 06:52:10,jie
2099,霜降,2099-10-23 10:12:54,zhong
2099,立冬,2099-11-07 10:42:38,jie
2099,小雪,2099-11-22 08:22:36,zhong
2099,大雪,2099-12-07 04:03:15,jie
2099,冬至,2099-12-21 22:04:19,zhong
2100,小寒,2100-01-05 15:29:16,jie
2100,大寒,2100-01-20 08:45:53,zhong
2100,立春,2100-02-04 03:00:17,jie
2100,雨水,2100-02-18 22:37:15,zhong
2100,惊蛰,2100-03-05 20:34:33,jie
2100,春分,2100-03-20 21:03:39,zhong
2100,清明,2100-04-05 00:43:48,jie
2100,谷雨,2100-04-20 07:25:12,zhong
2100,立夏,2100-05-05 17:20:56,jie
2100,小满,2100-05-21 05:57:17,zhong
2100,芒种,2100-06-05 20:58:07,jie
2100,夏至,2100-06-21 13:32:11,zhong
2100,小暑,2100-07-07 06:59:02,jie
2100,大暑,2100-07-23 00:23:56,zhong
2100,立秋,2100-08-07 16:54:05,jie
2100,处暑,2100-08-23 07:47:38,zhong
2100,白露,2100-09-07 20:15:18,jie
2100,秋分,2100-09-23 06:00:28,zhong
2100,寒露,2100-10-08 12:31:13,jie
2100,霜降,2100-10-23 16:00:41,zhong
2100,立冬,2100-11-07 16:20:06,jie
2100,小雪,2100-11-22 14:09:12,zhong
2100,大雪,2100-12-07 09:40:07,jie
2100,冬至,2100-12-22 03:50:52,zhong
2101,小寒,2101-01-05 21:06:51,jie
2101,大寒,2101-01-20 14:33:47,zhong
2101,立春,2101-02-04 08:39:53,jie
2101,雨水,2101-02-19 04:27:38,zhong
2101,惊蛰,2101-03-06 02:16:50,jie
2101,春分,2101-03-21 02:56:36,zhong
2101,清明,2101-04-05 06:28:01,jie
2101,谷雨,2101-04-20 13:19:02,zhong
2101,立夏,2101-05-05 23:05:07,jie
2101,小满,2101-05-21 11:49:23,zhong
2101,芒种,2101-06-06 02:41:24,jie
2101,夏至,2101-06-21 19:21:28,zhong
2101,小暑,2101-07-07 12:42:44,jie
2101,大暑,2101-07-23 06:10:46,zhong
2101,立秋,2101-08-07 22:39:44,jie
2101,处暑,2101-08-23 13:33:16,zhong
2101,白露,2101-09-08 02:04:03,jie
2101,秋分,2101-09-23 11:46:36,zhong
2101,寒露,2101-10-08 18:23:11,jie
2101,霜降,2101-10-23 21:48:05,zhong
2101,立冬,2101-11-07 22:14:13,jie
2101,小雪,2101-11-22 19:57:26,zhong
2101,大雪,2101-12-07 15:34:50,jie
2101,冬至,2101-12-22 09:38:56,zhong
