year,month,is_ruen,shuo_time,wang_time,lunar_year,status,source_ref,notes
1948,12,0,1948-01-11T15:44+08:00,1948-01-26T15:11+08:00,丁亥,confirmed,hko+lunar,
1948,1,0,1948-02-10T11:01+08:00,1948-02-25T01:15+08:00,戊子,confirmed,hko+lunar,
1948,2,0,1948-03-11T05:14+08:00,1948-03-25T11:09+08:00,戊子,confirmed,hko+lunar,
1948,3,0,1948-04-09T21:16+08:00,1948-04-23T21:28+08:00,戊子,confirmed,hko+lunar,
1948,4,0,1948-05-09T10:29+08:00,1948-05-23T08:36+08:00,戊子,confirmed,hko+lunar,
1948,5,0,1948-06-07T20:55+08:00,1948-06-21T20:53+08:00,戊子,confirmed,hko+lunar,
1948,6,0,1948-07-07T05:08+08:00,1948-07-21T10:30+08:00,戊子,confirmed,hko+lunar,
1948,7,0,1948-08-05T12:12+08:00,1948-08-20T01:31+08:00,戊子,confirmed,hko+lunar,
1948,8,0,1948-09-03T19:20+08:00,1948-09-18T17:42+08:00,戊子,confirmed,hko+lunar,
1948,9,0,1948-10-03T03:41+08:00,1948-10-18T10:23+08:00,戊子,confirmed,hko+lunar,
1948,10,0,1948-11-01T14:02+08:00,1948-11-17T02:31+08:00,戊子,confirmed,hko+lunar,
1948,11,0,1948-12-01T02:44+08:00,1948-12-16T17:10+08:00,戊子,confirmed,hko+lunar,
1948,12,0,1948-12-30T17:44+08:00,1949-01-15T05:59+08:00,戊子,confirmed,hko+lunar,
1949,1,0,1949-01-29T10:41+08:00,1949-02-13T17:08+08:00,己丑,confirmed,hko+lunar,
1949,2,0,1949-02-28T04:54+08:00,1949-03-15T03:02+08:00,己丑,confirmed,hko+lunar,
1949,3,0,1949-03-29T23:10+08:00,1949-04-13T12:08+08:00,己丑,confirmed,hko+lunar,
1949,4,0,1949-04-28T16:01+08:00,1949-05-12T20:50+08:00,己丑,confirmed,hko+lunar,
1949,5,0,1949-05-28T06:23+08:00,1949-06-11T05:45+08:00,己丑,confirmed,hko+lunar,
1949,6,0,1949-06-26T18:01+08:00,1949-07-10T15:40+08:00,己丑,confirmed,hko+lunar,
1949,7,0,1949-07-26T03:32+08:00,1949-08-09T03:33+08:00,己丑,confirmed,hko+lunar,
1949,7,1,1949-08-24T11:58+08:00,1949-09-07T17:59+08:00,己丑,confirmed,hko+lunar,闰七月
1949,8,0,1949-09-22T20:20+08:00,1949-10-07T10:52+08:00,己丑,confirmed,hko+lunar,
1949,9,0,1949-10-22T05:22+08:00,1949-11-06T05:08+08:00,己丑,confirmed,hko+lunar,
1949,10,0,1949-11-20T15:28+08:00,1949-12-05T23:13+08:00,己丑,confirmed,hko+lunar,
1949,11,0,1949-12-20T02:55+08:00,1950-01-04T15:47+08:00,己丑,confirmed,hko+lunar,
1950,12,0,1950-01-18T15:59+08:00,1950-02-03T06:15+08:00,己丑,confirmed,hko+lunar,
1950,1,0,1950-02-17T06:52+08:00,1950-03-04T18:33+08:00,庚寅,confirmed,hko+lunar,
1950,2,0,1950-03-18T23:19+08:00,1950-04-03T04:48+08:00,庚寅,confirmed,hko+lunar,
1950,3,0,1950-04-17T16:25+08:00,1950-05-02T13:19+08:00,庚寅,confirmed,hko+lunar,
1950,4,0,1950-05-17T08:54+08:00,1950-05-31T20:42+08:00,庚寅,confirmed,hko+lunar,
1950,5,0,1950-06-15T23:52+08:00,1950-06-30T03:57+08:00,庚寅,confirmed,hko+lunar,
1950,6,0,1950-07-15T13:05+08:00,1950-07-29T12:17+08:00,庚寅,confirmed,hko+lunar,
1950,7,0,1950-08-14T00:48+08:00,1950-08-27T22:50+08:00,庚寅,confirmed,hko+lunar,
1950,8,0,1950-09-12T11:28+08:00,1950-09-26T12:21+08:00,庚寅,confirmed,hko+lunar,
1950,9,0,1950-10-11T21:33+08:00,1950-10-26T04:46+08:00,庚寅,confirmed,hko+lunar,
1950,10,0,1950-11-10T07:25+08:00,1950-11-24T23:13+08:00,庚寅,confirmed,hko+lunar,
1950,11,0,1950-12-09T17:28+08:00,1950-12-24T18:22+08:00,庚寅,confirmed,hko+lunar,
1951,12,0,1951-01-08T04:09+08:00,1951-01-23T12:46+08:00,庚寅,confirmed,hko+lunar,
1951,1,0,1951-02-06T15:53+08:00,1951-02-22T05:11+08:00,辛卯,confirmed,hko+lunar,
1951,2,0,1951-03-08T04:50+08:00,1951-03-23T18:49+08:00,辛卯,confirmed,hko+lunar,
1951,3,0,1951-04-06T18:51+08:00,1951-04-22T05:29+08:00,辛卯,confirmed,hko+lunar,
1951,4,0,1951-05-06T09:35+08:00,1951-05-21T13:44+08:00,辛卯,confirmed,hko+lunar,
1951,5,0,1951-06-05T00:40+08:00,1951-06-19T20:35+08:00,辛卯,confirmed,hko+lunar,
1951,6,0,1951-07-04T15:47+08:00,1951-07-19T03:17+08:00,辛卯,confirmed,hko+lunar,
1951,7,0,1951-08-03T06:38+08:00,1951-08-17T10:59+08:00,辛卯,confirmed,hko+lunar,
1951,8,0,1951-09-01T20:49+08:00,1951-09-15T20:38+08:00,辛卯,confirmed,hko+lunar,
1951,9,0,1951-10-01T09:56+08:00,1951-10-15T08:50+08:00,辛卯,confirmed,hko+lunar,
1951,10,0,1951-10-30T21:54+08:00,1951-11-13T23:51+08:00,辛卯,confirmed,hko+lunar,
1951,11,0,1951-11-29T09:00+08:00,1951-12-13T17:30+08:00,辛卯,confirmed,hko+lunar,
1951,12,0,1951-12-28T19:43+08:00,1952-01-12T12:54+08:00,辛卯,confirmed,hko+lunar,
1952,1,0,1952-01-27T06:26+08:00,1952-02-11T08:27+08:00,壬辰,confirmed,hko+lunar,
1952,2,0,1952-02-25T17:15+08:00,1952-03-12T02:13+08:00,壬辰,confirmed,hko+lunar,
1952,3,0,1952-03-26T04:12+08:00,1952-04-10T16:52+08:00,壬辰,confirmed,hko+lunar,
1952,4,0,1952-04-24T15:27+08:00,1952-05-10T04:15+08:00,壬辰,confirmed,hko+lunar,
1952,5,0,1952-05-24T03:27+08:00,1952-06-08T13:06+08:00,壬辰,confirmed,hko+lunar,
1952,5,1,1952-06-22T16:44+08:00,1952-07-07T20:33+08:00,壬辰,confirmed,hko+lunar,闰五月
1952,6,0,1952-07-22T07:30+08:00,1952-08-06T03:39+08:00,壬辰,confirmed,hko+lunar,
1952,7,0,1952-08-20T23:20+08:00,1952-09-04T11:19+08:00,壬辰,confirmed,hko+lunar,
1952,8,0,1952-09-19T15:21+08:00,1952-10-03T20:14+08:00,壬辰,confirmed,hko+lunar,
1952,9,0,1952-10-19T06:42+08:00,1952-11-02T07:09+08:00,壬辰,confirmed,hko+lunar,
1952,10,0,1952-11-17T20:55+08:00,1952-12-01T20:41+08:00,壬辰,confirmed,hko+lunar,
1952,11,0,1952-12-17T10:02+08:00,1952-12-31T13:05+08:00,壬辰,confirmed,hko+lunar,
1953,12,0,1953-01-15T22:08+08:00,1953-01-30T07:43+08:00,壬辰,confirmed,hko+lunar,
1953,1,0,1953-02-14T09:10+08:00,1953-03-01T02:58+08:00,癸巳,confirmed,hko+lunar,
1953,2,0,1953-03-15T19:04+08:00,1953-03-30T20:54+08:00,癸巳,confirmed,hko+lunar,
1953,3,0,1953-04-14T04:08+08:00,1953-04-29T12:20+08:00,癸巳,confirmed,hko+lunar,
1953,4,0,1953-05-13T13:05+08:00,1953-05-29T01:02+08:00,癸巳,confirmed,hko+lunar,
1953,5,0,1953-06-11T22:54+08:00,1953-06-27T11:29+08:00,癸巳,confirmed,hko+lunar,
1953,6,0,1953-07-11T10:27+08:00,1953-07-26T20:20+08:00,癸巳,confirmed,hko+lunar,
1953,7,0,1953-08-10T00:09+08:00,1953-08-25T04:20+08:00,癸巳,confirmed,hko+lunar,
1953,8,0,1953-09-08T15:47+08:00,1953-09-23T12:15+08:00,癸巳,confirmed,hko+lunar,
1953,9,0,1953-10-08T08:40+08:00,1953-10-22T20:55+08:00,癸巳,confirmed,hko+lunar,
1953,10,0,1953-11-07T01:57+08:00,1953-11-21T07:11+08:00,癸巳,confirmed,hko+lunar,
1953,11,0,1953-12-06T18:47+08:00,1953-12-20T19:43+08:00,癸巳,confirmed,hko+lunar,
1954,12,0,1954-01-05T10:21+08:00,1954-01-19T10:36+08:00,癸巳,confirmed,hko+lunar,
1954,1,0,1954-02-03T23:55+08:00,1954-02-18T03:17+08:00,甲午,confirmed,hko+lunar,
1954,2,0,1954-03-05T11:11+08:00,1954-03-19T20:42+08:00,甲午,confirmed,hko+lunar,
1954,3,0,1954-04-03T20:24+08:00,1954-04-18T13:48+08:00,甲午,confirmed,hko+lunar,
1954,4,0,1954-05-03T04:22+08:00,1954-05-18T05:46+08:00,甲午,confirmed,hko+lunar,
1954,5,0,1954-06-01T12:02+08:00,1954-06-16T20:05+08:00,甲午,confirmed,hko+lunar,
1954,6,0,1954-06-30T20:25+08:00,1954-07-16T08:28+08:00,甲午,confirmed,hko+lunar,
1954,7,0,1954-07-30T06:19+08:00,1954-08-14T19:02+08:00,甲午,confirmed,hko+lunar,
1954,8,0,1954-08-28T18:20+08:00,1954-09-13T04:19+08:00,甲午,confirmed,hko+lunar,
1954,9,0,1954-09-27T08:50+08:00,1954-10-12T13:09+08:00,甲午,confirmed,hko+lunar,
1954,10,0,1954-10-27T01:46+08:00,1954-11-10T22:28+08:00,甲午,confirmed,hko+lunar,
1954,11,0,1954-11-25T20:30+08:00,1954-12-10T08:56+08:00,甲午,confirmed,hko+lunar,
1954,12,0,1954-12-25T15:32+08:00,1955-01-08T20:43+08:00,甲午,confirmed,hko+lunar,
1955,1,0,1955-01-24T09:06+08:00,1955-02-07T09:42+08:00,乙未,confirmed,hko+lunar,
1955,2,0,1955-02-22T23:54+08:00,1955-03-08T23:41+08:00,乙未,confirmed,hko+lunar,
1955,3,0,1955-03-24T11:42+08:00,1955-04-07T14:34+08:00,乙未,confirmed,hko+lunar,
1955,3,1,1955-04-22T21:05+08:00,1955-05-07T06:13+08:00,乙未,confirmed,hko+lunar,闰三月
1955,4,0,1955-05-22T04:58+08:00,1955-06-05T22:08+08:00,乙未,confirmed,hko+lunar,
1955,5,0,1955-06-20T12:11+08:00,1955-07-05T13:28+08:00,乙未,confirmed,hko+lunar,
1955,6,0,1955-07-19T19:34+08:00,1955-08-04T03:29+08:00,乙未,confirmed,hko+lunar,
1955,7,0,1955-08-18T03:57+08:00,1955-09-02T15:59+08:00,乙未,confirmed,hko+lunar,
1955,8,0,1955-09-16T14:19+08:00,1955-10-02T03:17+08:00,乙未,confirmed,hko+lunar,
1955,9,0,1955-10-16T03:32+08:00,1955-10-31T14:03+08:00,乙未,confirmed,hko+lunar,
1955,10,0,1955-11-14T20:01+08:00,1955-11-30T00:49+08:00,乙未,confirmed,hko+lunar,
1955,11,0,1955-12-14T15:06+08:00,1955-12-29T11:43+08:00,乙未,confirmed,hko+lunar,
1956,12,0,1956-01-13T11:00+08:00,1956-01-27T22:40+08:00,乙未,confirmed,hko+lunar,
1956,1,0,1956-02-12T05:37+08:00,1956-02-26T09:41+08:00,丙申,confirmed,hko+lunar,
1956,2,0,1956-03-12T21:36+08:00,1956-03-26T21:10+08:00,丙申,confirmed,hko+lunar,
1956,3,0,1956-04-11T10:38+08:00,1956-04-25T09:40+08:00,丙申,confirmed,hko+lunar,
1956,4,0,1956-05-10T21:04+08:00,1956-05-24T23:25+08:00,丙申,confirmed,hko+lunar,
1956,5,0,1956-06-09T05:28+08:00,1956-06-23T14:13+08:00,丙申,confirmed,hko+lunar,
1956,6,0,1956-07-08T12:37+08:00,1956-07-23T05:28+08:00,丙申,confirmed,hko+lunar,
1956,7,0,1956-08-06T19:24+08:00,1956-08-21T20:37+08:00,丙申,confirmed,hko+lunar,
1956,8,0,1956-09-05T02:56+08:00,1956-09-20T11:19+08:00,丙申,confirmed,hko+lunar,
1956,9,0,1956-10-04T12:24+08:00,1956-10-20T01:24+08:00,丙申,confirmed,hko+lunar,
1956,10,0,1956-11-03T00:43+08:00,1956-11-18T14:44+08:00,丙申,confirmed,hko+lunar,
1956,11,0,1956-12-02T16:12+08:00,1956-12-18T03:06+08:00,丙申,confirmed,hko+lunar,
1957,12,0,1957-01-01T10:13+08:00,1957-01-16T14:21+08:00,丙申,confirmed,hko+lunar,
1957,1,0,1957-01-31T05:24+08:00,1957-02-15T00:37+08:00,丁酉,confirmed,hko+lunar,
1957,2,0,1957-03-02T00:12+08:00,1957-03-16T10:21+08:00,丁酉,confirmed,hko+lunar,
1957,3,0,1957-03-31T17:18+08:00,1957-04-14T20:09+08:00,丁酉,confirmed,hko+lunar,
1957,4,0,1957-04-30T07:53+08:00,1957-05-14T06:34+08:00,丁酉,confirmed,hko+lunar,
1957,5,0,1957-05-29T19:38+08:00,1957-06-12T18:01+08:00,丁酉,confirmed,hko+lunar,
1957,6,0,1957-06-28T04:53+08:00,1957-07-12T06:49+08:00,丁酉,confirmed,hko+lunar,
1957,7,0,1957-07-27T12:27+08:00,1957-08-10T21:08+08:00,丁酉,confirmed,hko+lunar,
1957,8,0,1957-08-25T19:32+08:00,1957-09-09T12:54+08:00,丁酉,confirmed,hko+lunar,
1957,8,1,1957-09-24T03:18+08:00,1957-10-09T05:42+08:00,丁酉,confirmed,hko+lunar,闰八月
1957,9,0,1957-10-23T12:43+08:00,1957-11-07T22:31+08:00,丁酉,confirmed,hko+lunar,
1957,10,0,1957-11-22T00:19+08:00,1957-12-07T14:15+08:00,丁酉,confirmed,hko+lunar,
1957,11,0,1957-12-21T14:11+08:00,1958-01-06T04:08+08:00,丁酉,confirmed,hko+lunar,
1958,12,0,1958-01-20T06:07+08:00,1958-02-04T16:05+08:00,丁酉,confirmed,hko+lunar,
1958,1,0,1958-02-18T23:38+08:00,1958-03-06T02:27+08:00,戊戌,confirmed,hko+lunar,
1958,2,0,1958-03-20T17:49+08:00,1958-04-04T11:44+08:00,戊戌,confirmed,hko+lunar,
1958,3,0,1958-04-19T11:23+08:00,1958-05-03T20:23+08:00,戊戌,confirmed,hko+lunar,
1958,4,0,1958-05-19T03:00+08:00,1958-06-02T04:54+08:00,戊戌,confirmed,hko+lunar,
1958,5,0,1958-06-17T15:59+08:00,1958-07-01T14:04+08:00,戊戌,confirmed,hko+lunar,
1958,6,0,1958-07-17T02:33+08:00,1958-07-31T00:46+08:00,戊戌,confirmed,hko+lunar,
1958,7,0,1958-08-15T11:33+08:00,1958-08-29T13:53+08:00,戊戌,confirmed,hko+lunar,
1958,8,0,1958-09-13T20:01+08:00,1958-09-28T05:43+08:00,戊戌,confirmed,hko+lunar,
1958,9,0,1958-10-13T04:51+08:00,1958-10-27T23:40+08:00,戊戌,confirmed,hko+lunar,
1958,10,0,1958-11-11T14:33+08:00,1958-11-26T18:16+08:00,戊戌,confirmed,hko+lunar,
1958,11,0,1958-12-11T01:22+08:00,1958-12-26T11:53+08:00,戊戌,confirmed,hko+lunar,
1959,12,0,1959-01-09T13:33+08:00,1959-01-25T03:32+08:00,戊戌,confirmed,hko+lunar,
1959,1,0,1959-02-08T03:21+08:00,1959-02-23T16:53+08:00,己亥,confirmed,hko+lunar,
1959,2,0,1959-03-09T18:50+08:00,1959-03-25T04:02+08:00,己亥,confirmed,hko+lunar,
1959,3,0,1959-04-08T11:28+08:00,1959-04-23T13:13+08:00,己亥,confirmed,hko+lunar,
1959,4,0,1959-05-08T04:11+08:00,1959-05-22T20:55+08:00,己亥,confirmed,hko+lunar,
1959,5,0,1959-06-06T19:53+08:00,1959-06-21T03:59+08:00,己亥,confirmed,hko+lunar,
1959,6,0,1959-07-06T10:00+08:00,1959-07-20T11:33+08:00,己亥,confirmed,hko+lunar,
1959,7,0,1959-08-04T22:33+08:00,1959-08-18T20:50+08:00,己亥,confirmed,hko+lunar,
1959,8,0,1959-09-03T09:55+08:00,1959-09-17T08:51+08:00,己亥,confirmed,hko+lunar,
1959,9,0,1959-10-02T20:30+08:00,1959-10-16T23:58+08:00,己亥,confirmed,hko+lunar,
1959,10,0,1959-11-01T06:40+08:00,1959-11-15T17:41+08:00,己亥,confirmed,hko+lunar,
1959,11,0,1959-11-30T16:45+08:00,1959-12-15T12:48+08:00,己亥,confirmed,hko+lunar,
1959,12,0,1959-12-30T03:08+08:00,1960-01-14T07:50+08:00,己亥,confirmed,hko+lunar,
1960,1,0,1960-01-28T14:14+08:00,1960-02-13T01:23+08:00,庚子,confirmed,hko+lunar,
1960,2,0,1960-02-27T02:23+08:00,1960-03-13T16:25+08:00,庚子,confirmed,hko+lunar,
1960,3,0,1960-03-27T15:37+08:00,1960-04-12T04:27+08:00,庚子,confirmed,hko+lunar,
1960,4,0,1960-04-26T05:44+08:00,1960-05-11T13:42+08:00,庚子,confirmed,hko+lunar,
1960,5,0,1960-05-25T20:25+08:00,1960-06-09T21:01+08:00,庚子,confirmed,hko+lunar,
1960,6,0,1960-06-24T11:26+08:00,1960-07-09T03:36+08:00,庚子,confirmed,hko+lunar,
1960,6,1,1960-07-24T02:30+08:00,1960-08-07T10:40+08:00,庚子,confirmed,hko+lunar,闰六月
1960,7,0,1960-08-22T17:15+08:00,1960-09-05T19:18+08:00,庚子,confirmed,hko+lunar,
1960,8,0,1960-09-21T07:12+08:00,1960-10-05T06:15+08:00,庚子,confirmed,hko+lunar,
1960,9,0,1960-10-20T20:02+08:00,1960-11-03T19:57+08:00,庚子,confirmed,hko+lunar,
1960,10,0,1960-11-19T07:46+08:00,1960-12-03T12:24+08:00,庚子,confirmed,hko+lunar,
1960,11,0,1960-12-18T18:46+08:00,1961-01-02T07:05+08:00,庚子,confirmed,hko+lunar,
1961,12,0,1961-01-17T05:29+08:00,1961-02-01T02:46+08:00,庚子,confirmed,hko+lunar,
1961,1,0,1961-02-15T16:10+08:00,1961-03-02T21:34+08:00,辛丑,confirmed,hko+lunar,
1961,2,0,1961-03-17T02:50+08:00,1961-04-01T13:46+08:00,辛丑,confirmed,hko+lunar,
1961,3,0,1961-04-15T13:37+08:00,1961-05-01T02:40+08:00,辛丑,confirmed,hko+lunar,
1961,4,0,1961-05-15T00:53+08:00,1961-05-30T12:36+08:00,辛丑,confirmed,hko+lunar,
1961,5,0,1961-06-13T13:16+08:00,1961-06-28T20:37+08:00,辛丑,confirmed,hko+lunar,
1961,6,0,1961-07-13T03:10+08:00,1961-07-28T03:49+08:00,辛丑,confirmed,hko+lunar,
1961,7,0,1961-08-11T18:35+08:00,1961-08-26T11:13+08:00,辛丑,confirmed,hko+lunar,
1961,8,0,1961-09-10T10:49+08:00,1961-09-24T19:33+08:00,辛丑,confirmed,hko+lunar,
1961,9,0,1961-10-10T02:52+08:00,1961-10-24T05:30+08:00,辛丑,confirmed,hko+lunar,
1961,10,0,1961-11-08T17:58+08:00,1961-11-22T17:43+08:00,辛丑,confirmed,hko+lunar,
1961,11,0,1961-12-08T07:51+08:00,1961-12-22T08:41+08:00,辛丑,confirmed,hko+lunar,
1962,12,0,1962-01-06T20:35+08:00,1962-01-21T02:16+08:00,辛丑,confirmed,hko+lunar,
1962,1,0,1962-02-05T08:09+08:00,1962-02-19T21:17+08:00,壬寅,confirmed,hko+lunar,
1962,2,0,1962-03-06T18:30+08:00,1962-03-21T15:55+08:00,壬寅,confirmed,hko+lunar,
1962,3,0,1962-04-05T03:44+08:00,1962-04-20T08:33+08:00,壬寅,confirmed,hko+lunar,
1962,4,0,1962-05-04T12:24+08:00,1962-05-19T22:31+08:00,壬寅,confirmed,hko+lunar,
1962,5,0,1962-06-02T21:26+08:00,1962-06-18T10:02+08:00,壬寅,confirmed,hko+lunar,
1962,6,0,1962-07-02T07:52+08:00,1962-07-17T19:40+08:00,壬寅,confirmed,hko+lunar,
1962,7,0,1962-07-31T20:23+08:00,1962-08-16T04:09+08:00,壬寅,confirmed,hko+lunar,
1962,8,0,1962-08-30T11:08+08:00,1962-09-14T12:11+08:00,壬寅,confirmed,hko+lunar,
1962,9,0,1962-09-29T03:39+08:00,1962-10-13T20:32+08:00,壬寅,confirmed,hko+lunar,
1962,10,0,1962-10-28T21:04+08:00,1962-11-12T06:03+08:00,壬寅,confirmed,hko+lunar,
1962,11,0,1962-11-27T14:29+08:00,1962-12-11T17:27+08:00,壬寅,confirmed,hko+lunar,
1962,12,0,1962-12-27T06:58+08:00,1963-01-10T07:07+08:00,壬寅,confirmed,hko+lunar,
1963,1,0,1963-01-25T21:41+08:00,1963-02-08T22:51+08:00,癸卯,confirmed,hko+lunar,
1963,2,0,1963-02-24T10:05+08:00,1963-03-10T15:48+08:00,癸卯,confirmed,hko+lunar,
1963,3,0,1963-03-25T20:09+08:00,1963-04-09T08:56+08:00,癸卯,confirmed,hko+lunar,
1963,4,0,1963-04-24T04:28+08:00,1963-05-09T01:23+08:00,癸卯,confirmed,hko+lunar,
1963,4,1,1963-05-23T11:59+08:00,1963-06-07T16:30+08:00,癸卯,confirmed,hko+lunar,闰四月
1963,5,0,1963-06-21T19:45+08:00,1963-07-07T05:55+08:00,癸卯,confirmed,hko+lunar,
1963,6,0,1963-07-21T04:42+08:00,1963-08-05T17:30+08:00,癸卯,confirmed,hko+lunar,
1963,7,0,1963-08-19T15:34+08:00,1963-09-04T03:33+08:00,癸卯,confirmed,hko+lunar,
1963,8,0,1963-09-18T04:50+08:00,1963-10-03T12:43+08:00,癸卯,confirmed,hko+lunar,
1963,9,0,1963-10-17T20:42+08:00,1963-11-01T21:55+08:00,癸卯,confirmed,hko+lunar,
1963,10,0,1963-11-16T14:50+08:00,1963-12-01T07:53+08:00,癸卯,confirmed,hko+lunar,
1963,11,0,1963-12-16T10:06+08:00,1963-12-30T19:03+08:00,癸卯,confirmed,hko+lunar,
1964,12,0,1964-01-15T04:43+08:00,1964-01-29T07:22+08:00,癸卯,confirmed,hko+lunar,
1964,1,0,1964-02-13T21:01+08:00,1964-02-27T20:39+08:00,甲辰,confirmed,hko+lunar,
1964,2,0,1964-03-14T10:13+08:00,1964-03-28T10:48+08:00,甲辰,confirmed,hko+lunar,
1964,3,0,1964-04-12T20:37+08:00,1964-04-27T01:49+08:00,甲辰,confirmed,hko+lunar,
1964,4,0,1964-05-12T05:01+08:00,1964-05-26T17:28+08:00,甲辰,confirmed,hko+lunar,
1964,5,0,1964-06-10T12:22+08:00,1964-06-25T09:07+08:00,甲辰,confirmed,hko+lunar,
1964,6,0,1964-07-09T19:30+08:00,1964-07-24T23:57+08:00,甲辰,confirmed,hko+lunar,
1964,7,0,1964-08-08T03:16+08:00,1964-08-23T13:24+08:00,甲辰,confirmed,hko+lunar,
1964,8,0,1964-09-06T12:33+08:00,1964-09-22T01:30+08:00,甲辰,confirmed,hko+lunar,
1964,9,0,1964-10-06T00:19+08:00,1964-10-21T12:44+08:00,甲辰,confirmed,hko+lunar,
1964,10,0,1964-11-04T15:16+08:00,1964-11-19T23:42+08:00,甲辰,confirmed,hko+lunar,
1964,11,0,1964-12-04T09:18+08:00,1964-12-19T10:41+08:00,甲辰,confirmed,hko+lunar,
1965,12,0,1965-01-03T05:06+08:00,1965-01-17T21:37+08:00,甲辰,confirmed,hko+lunar,
1965,1,0,1965-02-02T00:35+08:00,1965-02-16T08:26+08:00,乙巳,confirmed,hko+lunar,
1965,2,0,1965-03-03T17:55+08:00,1965-03-17T19:23+08:00,乙巳,confirmed,hko+lunar,
1965,3,0,1965-04-02T08:20+08:00,1965-04-16T07:01+08:00,乙巳,confirmed,hko+lunar,
1965,4,0,1965-05-01T19:55+08:00,1965-05-15T19:51+08:00,乙巳,confirmed,hko+lunar,
1965,5,0,1965-05-31T05:12+08:00,1965-06-14T09:59+08:00,乙巳,confirmed,hko+lunar,
1965,6,0,1965-06-29T12:52+08:00,1965-07-14T01:01+08:00,乙巳,confirmed,hko+lunar,
1965,7,0,1965-07-28T19:44+08:00,1965-08-12T16:22+08:00,乙巳,confirmed,hko+lunar,
1965,8,0,1965-08-27T02:50+08:00,1965-09-11T07:31+08:00,乙巳,confirmed,hko+lunar,
1965,9,0,1965-09-25T11:17+08:00,1965-10-10T22:13+08:00,乙巳,confirmed,hko+lunar,
1965,10,0,1965-10-24T22:11+08:00,1965-11-09T12:15+08:00,乙巳,confirmed,hko+lunar,
1965,11,0,1965-11-23T12:09+08:00,1965-12-09T01:21+08:00,乙巳,confirmed,hko+lunar,
1965,12,0,1965-12-23T05:02+08:00,1966-01-07T13:15+08:00,乙巳,confirmed,hko+lunar,
1966,1,0,1966-01-21T23:46+08:00,1966-02-05T23:57+08:00,丙午,confirmed,hko+lunar,
1966,2,0,1966-02-20T18:48+08:00,1966-03-07T09:45+08:00,丙午,confirmed,hko+lunar,
1966,3,0,1966-03-22T12:45+08:00,1966-04-05T19:13+08:00,丙午,confirmed,hko+lunar,
1966,3,1,1966-04-21T04:34+08:00,1966-05-05T05:00+08:00,丙午,confirmed,hko+lunar,闰三月
1966,4,0,1966-05-20T17:42+08:00,1966-06-03T15:40+08:00,丙午,confirmed,hko+lunar,
1966,5,0,1966-06-19T04:08+08:00,1966-07-03T03:36+08:00,丙午,confirmed,hko+lunar,
1966,6,0,1966-07-18T12:30+08:00,1966-08-01T17:05+08:00,丙午,confirmed,hko+lunar,
1966,7,0,1966-08-16T19:47+08:00,1966-08-31T08:13+08:00,丙午,confirmed,hko+lunar,
1966,8,0,1966-09-15T03:13+08:00,1966-09-30T00:47+08:00,丙午,confirmed,hko+lunar,
1966,9,0,1966-10-14T11:51+08:00,1966-10-29T17:59+08:00,丙午,confirmed,hko+lunar,
1966,10,0,1966-11-12T22:26+08:00,1966-11-28T10:40+08:00,丙午,confirmed,hko+lunar,
1966,11,0,1966-12-12T11:13+08:00,1966-12-28T01:43+08:00,丙午,confirmed,hko+lunar,
1967,12,0,1967-01-11T02:05+08:00,1967-01-26T14:40+08:00,丙午,confirmed,hko+lunar,
1967,1,0,1967-02-09T18:43+08:00,1967-02-25T01:43+08:00,丁未,confirmed,hko+lunar,
1967,2,0,1967-03-11T12:29+08:00,1967-03-26T11:20+08:00,丁未,confirmed,hko+lunar,
1967,3,0,1967-04-10T06:20+08:00,1967-04-24T20:03+08:00,丁未,confirmed,hko+lunar,
1967,4,0,1967-05-09T22:55+08:00,1967-05-24T04:22+08:00,丁未,confirmed,hko+lunar,
1967,5,0,1967-06-08T13:13+08:00,1967-06-22T12:56+08:00,丁未,confirmed,hko+lunar,
1967,6,0,1967-07-08T00:59+08:00,1967-07-21T22:39+08:00,丁未,confirmed,hko+lunar,
1967,7,0,1967-08-06T10:48+08:00,1967-08-20T10:26+08:00,丁未,confirmed,hko+lunar,
1967,8,0,1967-09-04T19:36+08:00,1967-09-19T00:59+08:00,丁未,confirmed,hko+lunar,
1967,9,0,1967-10-04T04:23+08:00,1967-10-18T18:10+08:00,丁未,confirmed,hko+lunar,
1967,10,0,1967-11-02T13:48+08:00,1967-11-17T12:52+08:00,丁未,confirmed,hko+lunar,
1967,11,0,1967-12-02T00:09+08:00,1967-12-17T07:21+08:00,丁未,confirmed,hko+lunar,
1967,12,0,1967-12-31T11:38+08:00,1968-01-16T00:11+08:00,丁未,confirmed,hko+lunar,
1968,1,0,1968-01-30T00:29+08:00,1968-02-14T14:42+08:00,戊申,confirmed,hko+lunar,
1968,2,0,1968-02-28T14:55+08:00,1968-03-15T02:52+08:00,戊申,confirmed,hko+lunar,
1968,3,0,1968-03-29T06:47+08:00,1968-04-13T12:51+08:00,戊申,confirmed,hko+lunar,
1968,4,0,1968-04-27T23:20+08:00,1968-05-12T21:04+08:00,戊申,confirmed,hko+lunar,
1968,5,0,1968-05-27T15:29+08:00,1968-06-11T04:12+08:00,戊申,confirmed,hko+lunar,
1968,6,0,1968-06-26T06:24+08:00,1968-07-10T11:17+08:00,戊申,confirmed,hko+lunar,
1968,7,0,1968-07-25T19:49+08:00,1968-08-08T19:32+08:00,戊申,confirmed,hko+lunar,
1968,7,1,1968-08-24T07:56+08:00,1968-09-07T06:07+08:00,戊申,confirmed,hko+lunar,闰七月
1968,8,0,1968-09-22T19:08+08:00,1968-10-06T19:46+08:00,戊申,confirmed,hko+lunar,
1968,9,0,1968-10-22T05:44+08:00,1968-11-05T12:24+08:00,戊申,confirmed,hko+lunar,
1968,10,0,1968-11-20T16:01+08:00,1968-12-05T07:07+08:00,戊申,confirmed,hko+lunar,
1968,11,0,1968-12-20T02:18+08:00,1969-01-04T02:27+08:00,戊申,confirmed,hko+lunar,
1969,12,0,1969-01-18T12:58+08:00,1969-02-02T20:55+08:00,戊申,confirmed,hko+lunar,
1969,1,0,1969-02-17T00:24+08:00,1969-03-04T13:17+08:00,己酉,confirmed,hko+lunar,
1969,2,0,1969-03-18T12:51+08:00,1969-04-03T02:44+08:00,己酉,confirmed,hko+lunar,
1969,3,0,1969-04-17T02:15+08:00,1969-05-02T13:13+08:00,己酉,confirmed,hko+lunar,
1969,4,0,1969-05-16T16:25+08:00,1969-05-31T21:18+08:00,己酉,confirmed,hko+lunar,
1969,5,0,1969-06-15T07:08+08:00,1969-06-30T04:03+08:00,己酉,confirmed,hko+lunar,
1969,6,0,1969-07-14T22:11+08:00,1969-07-29T10:44+08:00,己酉,confirmed,hko+lunar,
1969,7,0,1969-08-13T13:16+08:00,1969-08-27T18:32+08:00,己酉,confirmed,hko+lunar,
1969,8,0,1969-09-12T03:55+08:00,1969-09-26T04:20+08:00,己酉,confirmed,hko+lunar,
1969,9,0,1969-10-11T17:39+08:00,1969-10-25T16:44+08:00,己酉,confirmed,hko+lunar,
1969,10,0,1969-11-10T06:11+08:00,1969-11-24T07:53+08:00,己酉,confirmed,hko+lunar,
1969,11,0,1969-12-09T17:41+08:00,1969-12-24T01:34+08:00,己酉,confirmed,hko+lunar,
1970,12,0,1970-01-08T04:35+08:00,1970-01-22T20:55+08:00,己酉,confirmed,hko+lunar,
1970,1,0,1970-02-06T15:12+08:00,1970-02-21T16:18+08:00,庚戌,confirmed,hko+lunar,
1970,2,0,1970-03-08T01:42+08:00,1970-03-23T09:52+08:00,庚戌,confirmed,hko+lunar,
1970,3,0,1970-04-06T12:09+08:00,1970-04-22T00:21+08:00,庚戌,confirmed,hko+lunar,
1970,4,0,1970-05-05T22:50+08:00,1970-05-21T11:37+08:00,庚戌,confirmed,hko+lunar,
1970,5,0,1970-06-04T10:21+08:00,1970-06-19T20:27+08:00,庚戌,confirmed,hko+lunar,
1970,6,0,1970-07-03T23:17+08:00,1970-07-19T03:58+08:00,庚戌,confirmed,hko+lunar,
1970,7,0,1970-08-02T13:58+08:00,1970-08-17T11:15+08:00,庚戌,confirmed,hko+lunar,
1970,8,0,1970-09-01T06:01+08:00,1970-09-15T19:09+08:00,庚戌,confirmed,hko+lunar,
1970,9,0,1970-09-30T22:31+08:00,1970-10-15T04:21+08:00,庚戌,confirmed,hko+lunar,
1970,10,0,1970-10-30T14:27+08:00,1970-11-13T15:27+08:00,庚戌,confirmed,hko+lunar,
1970,11,0,1970-11-29T05:14+08:00,1970-12-13T05:03+08:00,庚戌,confirmed,hko+lunar,
1970,12,0,1970-12-28T18:42+08:00,1971-01-11T21:20+08:00,庚戌,confirmed,hko+lunar,
1971,1,0,1971-01-27T06:55+08:00,1971-02-10T15:41+08:00,辛亥,confirmed,hko+lunar,
1971,2,0,1971-02-25T17:48+08:00,1971-03-12T10:33+08:00,辛亥,confirmed,hko+lunar,
1971,3,0,1971-03-27T03:23+08:00,1971-04-11T04:09+08:00,辛亥,confirmed,hko+lunar,
1971,4,0,1971-04-25T12:01+08:00,1971-05-10T19:23+08:00,辛亥,confirmed,hko+lunar,
1971,5,0,1971-05-24T20:31+08:00,1971-06-09T08:03+08:00,辛亥,confirmed,hko+lunar,
1971,5,1,1971-06-23T05:57+08:00,1971-07-08T18:36+08:00,辛亥,confirmed,hko+lunar,闰五月
1971,6,0,1971-07-22T17:14+08:00,1971-08-07T03:42+08:00,辛亥,confirmed,hko+lunar,
1971,7,0,1971-08-21T06:53+08:00,1971-09-05T12:02+08:00,辛亥,confirmed,hko+lunar,
1971,8,0,1971-09-19T22:42+08:00,1971-10-04T20:19+08:00,辛亥,confirmed,hko+lunar,
1971,9,0,1971-10-19T15:58+08:00,1971-11-03T05:19+08:00,辛亥,confirmed,hko+lunar,
1971,10,0,1971-11-18T09:45+08:00,1971-12-02T15:48+08:00,辛亥,confirmed,hko+lunar,
1971,11,0,1971-12-18T03:02+08:00,1972-01-01T04:19+08:00,辛亥,confirmed,hko+lunar,
1972,12,0,1972-01-16T18:52+08:00,1972-01-30T18:58+08:00,辛亥,confirmed,hko+lunar,
1972,1,0,1972-02-15T08:28+08:00,1972-02-29T11:11+08:00,壬子,confirmed,hko+lunar,
1972,2,0,1972-03-15T19:34+08:00,1972-03-30T04:05+08:00,壬子,confirmed,hko+lunar,
1972,3,0,1972-04-14T04:30+08:00,1972-04-28T20:44+08:00,壬子,confirmed,hko+lunar,
1972,4,0,1972-05-13T12:07+08:00,1972-05-28T12:27+08:00,壬子,confirmed,hko+lunar,
1972,5,0,1972-06-11T19:29+08:00,1972-06-27T02:46+08:00,壬子,confirmed,hko+lunar,
1972,6,0,1972-07-11T03:38+08:00,1972-07-26T15:23+08:00,壬子,confirmed,hko+lunar,
1972,7,0,1972-08-09T13:25+08:00,1972-08-25T02:21+08:00,壬子,confirmed,hko+lunar,
1972,8,0,1972-09-08T01:28+08:00,1972-09-23T12:06+08:00,壬子,confirmed,hko+lunar,
1972,9,0,1972-10-07T16:07+08:00,1972-10-22T21:25+08:00,壬子,confirmed,hko+lunar,
1972,10,0,1972-11-06T09:21+08:00,1972-11-21T07:06+08:00,壬子,confirmed,hko+lunar,
1972,11,0,1972-12-06T04:24+08:00,1972-12-20T17:45+08:00,壬子,confirmed,hko+lunar,
1973,12,0,1973-01-04T23:42+08:00,1973-01-19T05:28+08:00,壬子,confirmed,hko+lunar,
1973,1,0,1973-02-03T17:22+08:00,1973-02-17T18:06+08:00,癸丑,confirmed,hko+lunar,
1973,2,0,1973-03-05T08:07+08:00,1973-03-19T07:33+08:00,癸丑,confirmed,hko+lunar,
1973,3,0,1973-04-03T19:45+08:00,1973-04-17T21:50+08:00,癸丑,confirmed,hko+lunar,
1973,4,0,1973-05-03T04:54+08:00,1973-05-17T12:58+08:00,癸丑,confirmed,hko+lunar,
1973,5,0,1973-06-01T12:34+08:00,1973-06-16T04:34+08:00,癸丑,confirmed,hko+lunar,
1973,6,0,1973-06-30T19:38+08:00,1973-07-15T19:55+08:00,癸丑,confirmed,hko+lunar,
1973,7,0,1973-07-30T02:58+08:00,1973-08-14T10:16+08:00,癸丑,confirmed,hko+lunar,
1973,8,0,1973-08-28T11:25+08:00,1973-09-12T23:16+08:00,癸丑,confirmed,hko+lunar,
1973,9,0,1973-09-26T21:53+08:00,1973-10-12T11:08+08:00,癸丑,confirmed,hko+lunar,
1973,10,0,1973-10-26T11:16+08:00,1973-11-10T22:26+08:00,癸丑,confirmed,hko+lunar,
1973,11,0,1973-11-25T03:55+08:00,1973-12-10T09:34+08:00,癸丑,confirmed,hko+lunar,
1973,12,0,1973-12-24T23:07+08:00,1974-01-08T20:36+08:00,癸丑,confirmed,hko+lunar,
1974,1,0,1974-01-23T19:01+08:00,1974-02-07T07:24+08:00,甲寅,confirmed,hko+lunar,
1974,2,0,1974-02-22T13:33+08:00,1974-03-08T18:02+08:00,甲寅,confirmed,hko+lunar,
1974,3,0,1974-03-24T05:23+08:00,1974-04-07T05:00+08:00,甲寅,confirmed,hko+lunar,
1974,4,0,1974-04-22T18:16+08:00,1974-05-06T16:54+08:00,甲寅,confirmed,hko+lunar,
1974,4,1,1974-05-22T04:34+08:00,1974-06-05T06:09+08:00,甲寅,confirmed,hko+lunar,闰四月
1974,5,0,1974-06-20T12:55+08:00,1974-07-04T20:40+08:00,甲寅,confirmed,hko+lunar,
1974,6,0,1974-07-19T20:06+08:00,1974-08-03T11:57+08:00,甲寅,confirmed,hko+lunar,
1974,7,0,1974-08-18T03:01+08:00,1974-09-02T03:24+08:00,甲寅,confirmed,hko+lunar,
1974,8,0,1974-09-16T10:45+08:00,1974-10-01T18:37+08:00,甲寅,confirmed,hko+lunar,
1974,9,0,1974-10-15T20:24+08:00,1974-10-31T09:18+08:00,甲寅,confirmed,hko+lunar,
1974,10,0,1974-11-14T08:53+08:00,1974-11-29T23:10+08:00,甲寅,confirmed,hko+lunar,
1974,11,0,1974-12-14T00:24+08:00,1974-12-29T11:50+08:00,甲寅,confirmed,hko+lunar,
1975,12,0,1975-01-12T18:19+08:00,1975-01-27T23:09+08:00,甲寅,confirmed,hko+lunar,
1975,1,0,1975-02-11T13:16+08:00,1975-02-26T09:14+08:00,乙卯,confirmed,hko+lunar,
1975,2,0,1975-03-13T07:47+08:00,1975-03-27T18:36+08:00,乙卯,confirmed,hko+lunar,
1975,3,0,1975-04-12T00:38+08:00,1975-04-26T03:54+08:00,乙卯,confirmed,hko+lunar,
1975,4,0,1975-05-11T15:04+08:00,1975-05-25T13:50+08:00,乙卯,confirmed,hko+lunar,
1975,5,0,1975-06-10T02:49+08:00,1975-06-24T00:54+08:00,乙卯,confirmed,hko+lunar,
1975,6,0,1975-07-09T12:10+08:00,1975-07-23T13:28+08:00,乙卯,confirmed,hko+lunar,
1975,7,0,1975-08-07T19:57+08:00,1975-08-22T03:47+08:00,乙卯,confirmed,hko+lunar,
1975,8,0,1975-09-06T03:18+08:00,1975-09-20T19:50+08:00,乙卯,confirmed,hko+lunar,
1975,9,0,1975-10-05T11:23+08:00,1975-10-20T13:05+08:00,乙卯,confirmed,hko+lunar,
1975,10,0,1975-11-03T21:04+08:00,1975-11-19T06:28+08:00,乙卯,confirmed,hko+lunar,
1975,11,0,1975-12-03T08:50+08:00,1975-12-18T22:39+08:00,乙卯,confirmed,hko+lunar,
1976,12,0,1976-01-01T22:40+08:00,1976-01-17T12:46+08:00,乙卯,confirmed,hko+lunar,
1976,1,0,1976-01-31T14:20+08:00,1976-02-16T00:43+08:00,丙辰,confirmed,hko+lunar,
1976,2,0,1976-03-01T07:24+08:00,1976-03-16T10:52+08:00,丙辰,confirmed,hko+lunar,
1976,3,0,1976-03-31T01:07+08:00,1976-04-14T19:48+08:00,丙辰,confirmed,hko+lunar,
1976,4,0,1976-04-29T18:19+08:00,1976-05-14T04:04+08:00,丙辰,confirmed,hko+lunar,
1976,5,0,1976-05-29T09:46+08:00,1976-06-12T12:14+08:00,丙辰,confirmed,hko+lunar,
1976,6,0,1976-06-27T22:49+08:00,1976-07-11T21:08+08:00,丙辰,confirmed,hko+lunar,
1976,7,0,1976-07-27T09:38+08:00,1976-08-10T07:43+08:00,丙辰,confirmed,hko+lunar,
1976,8,0,1976-08-25T19:00+08:00,1976-09-08T20:52+08:00,丙辰,confirmed,hko+lunar,
1976,8,1,1976-09-24T03:54+08:00,1976-10-08T12:55+08:00,丙辰,confirmed,hko+lunar,闰八月
1976,9,0,1976-10-23T13:09+08:00,1976-11-07T07:14+08:00,丙辰,confirmed,hko+lunar,
1976,10,0,1976-11-21T23:10+08:00,1976-12-07T02:14+08:00,丙辰,confirmed,hko+lunar,
1976,11,0,1976-12-21T10:07+08:00,1977-01-05T20:10+08:00,丙辰,confirmed,hko+lunar,
1977,12,0,1977-01-19T22:11+08:00,1977-02-04T11:56+08:00,丙辰,confirmed,hko+lunar,
1977,1,0,1977-02-18T11:36+08:00,1977-03-06T01:13+08:00,丁巳,confirmed,hko+lunar,
1977,2,0,1977-03-20T02:32+08:00,1977-04-04T12:08+08:00,丁巳,confirmed,hko+lunar,
1977,3,0,1977-04-18T18:35+08:00,1977-05-03T21:03+08:00,丁巳,confirmed,hko+lunar,
1977,4,0,1977-05-18T10:51+08:00,1977-06-02T04:30+08:00,丁巳,confirmed,hko+lunar,
1977,5,0,1977-06-17T02:22+08:00,1977-07-01T11:24+08:00,丁巳,confirmed,hko+lunar,
1977,6,0,1977-07-16T16:36+08:00,1977-07-30T18:52+08:00,丁巳,confirmed,hko+lunar,
1977,7,0,1977-08-15T05:31+08:00,1977-08-29T04:10+08:00,丁巳,confirmed,hko+lunar,
1977,8,0,1977-09-13T17:22+08:00,1977-09-27T16:17+08:00,丁巳,confirmed,hko+lunar,
1977,9,0,1977-10-13T04:30+08:00,1977-10-27T07:35+08:00,丁巳,confirmed,hko+lunar,
1977,10,0,1977-11-11T15:09+08:00,1977-11-26T01:31+08:00,丁巳,confirmed,hko+lunar,
1977,11,0,1977-12-11T01:32+08:00,1977-12-25T20:49+08:00,丁巳,confirmed,hko+lunar,
1978,12,0,1978-01-09T11:59+08:00,1978-01-24T15:55+08:00,丁巳,confirmed,hko+lunar,
1978,1,0,1978-02-07T22:53+08:00,1978-02-23T09:26+08:00,戊午,confirmed,hko+lunar,
1978,2,0,1978-03-09T10:36+08:00,1978-03-25T00:19+08:00,戊午,confirmed,hko+lunar,
1978,3,0,1978-04-07T23:15+08:00,1978-04-23T12:10+08:00,戊午,confirmed,hko+lunar,
1978,4,0,1978-05-07T12:46+08:00,1978-05-22T21:16+08:00,戊午,confirmed,hko+lunar,
1978,5,0,1978-06-06T03:01+08:00,1978-06-21T04:30+08:00,戊午,confirmed,hko+lunar,
1978,6,0,1978-07-05T17:50+08:00,1978-07-20T11:04+08:00,戊午,confirmed,hko+lunar,
1978,7,0,1978-08-04T09:00+08:00,1978-08-18T18:13+08:00,戊午,confirmed,hko+lunar,
1978,8,0,1978-09-03T00:08+08:00,1978-09-17T03:01+08:00,戊午,confirmed,hko+lunar,
1978,9,0,1978-10-02T14:40+08:00,1978-10-16T14:09+08:00,戊午,confirmed,hko+lunar,
1978,10,0,1978-11-01T04:06+08:00,1978-11-15T04:00+08:00,戊午,confirmed,hko+lunar,
1978,11,0,1978-11-30T16:19+08:00,1978-12-14T20:30+08:00,戊午,confirmed,hko+lunar,
1978,12,0,1978-12-30T03:35+08:00,1979-01-13T15:08+08:00,戊午,confirmed,hko+lunar,
1979,1,0,1979-01-28T14:19+08:00,1979-02-12T10:39+08:00,己未,confirmed,hko+lunar,
1979,2,0,1979-02-27T00:45+08:00,1979-03-14T05:14+08:00,己未,confirmed,hko+lunar,
1979,3,0,1979-03-28T10:59+08:00,1979-04-12T21:15+08:00,己未,confirmed,hko+lunar,
1979,4,0,1979-04-26T21:14+08:00,1979-05-12T10:00+08:00,己未,confirmed,hko+lunar,
1979,5,0,1979-05-26T08:00+08:00,1979-06-10T19:55+08:00,己未,confirmed,hko+lunar,
1979,6,0,1979-06-24T19:57+08:00,1979-07-10T03:59+08:00,己未,confirmed,hko+lunar,
1979,6,1,1979-07-24T09:40+08:00,1979-08-08T11:21+08:00,己未,confirmed,hko+lunar,闰六月
1979,7,0,1979-08-23T01:10+08:00,1979-09-06T18:58+08:00,己未,confirmed,hko+lunar,
1979,8,0,1979-09-21T17:46+08:00,1979-10-06T03:35+08:00,己未,confirmed,hko+lunar,
1979,9,0,1979-10-21T10:23+08:00,1979-11-04T13:47+08:00,己未,confirmed,hko+lunar,
1979,10,0,1979-11-20T02:03+08:00,1979-12-04T02:07+08:00,己未,confirmed,hko+lunar,
1979,11,0,1979-12-19T16:23+08:00,1980-01-02T17:02+08:00,己未,confirmed,hko+lunar,
1980,12,0,1980-01-18T05:19+08:00,1980-02-01T10:21+08:00,己未,confirmed,hko+lunar,
1980,1,0,1980-02-16T16:50+08:00,1980-03-02T04:59+08:00,庚申,confirmed,hko+lunar,
1980,2,0,1980-03-17T02:55+08:00,1980-03-31T23:13+08:00,庚申,confirmed,hko+lunar,
1980,3,0,1980-04-15T11:46+08:00,1980-04-30T15:35+08:00,庚申,confirmed,hko+lunar,
1980,4,0,1980-05-14T20:00+08:00,1980-05-30T05:27+08:00,庚申,confirmed,hko+lunar,
1980,5,0,1980-06-13T04:38+08:00,1980-06-28T17:02+08:00,庚申,confirmed,hko+lunar,
1980,6,0,1980-07-12T14:45+08:00,1980-07-28T02:53+08:00,庚申,confirmed,hko+lunar,
1980,7,0,1980-08-11T03:09+08:00,1980-08-26T11:42+08:00,庚申,confirmed,hko+lunar,
1980,8,0,1980-09-09T18:00+08:00,1980-09-24T20:07+08:00,庚申,confirmed,hko+lunar,
1980,9,0,1980-10-09T10:49+08:00,1980-10-24T04:51+08:00,庚申,confirmed,hko+lunar,
1980,10,0,1980-11-08T04:42+08:00,1980-11-22T14:38+08:00,庚申,confirmed,hko+lunar,
1980,11,0,1980-12-07T22:35+08:00,1980-12-22T02:08+08:00,庚申,confirmed,hko+lunar,
1981,12,0,1981-01-06T15:24+08:00,1981-01-20T15:38+08:00,庚申,confirmed,hko+lunar,
1981,1,0,1981-02-05T06:13+08:00,1981-02-19T06:58+08:00,辛酉,confirmed,hko+lunar,
1981,2,0,1981-03-06T18:30+08:00,1981-03-20T23:22+08:00,辛酉,confirmed,hko+lunar,
1981,3,0,1981-04-05T04:19+08:00,1981-04-19T15:58+08:00,辛酉,confirmed,hko+lunar,
1981,4,0,1981-05-04T12:19+08:00,1981-05-19T08:03+08:00,辛酉,confirmed,hko+lunar,
1981,5,0,1981-06-02T19:31+08:00,1981-06-17T23:04+08:00,辛酉,confirmed,hko+lunar,
1981,6,0,1981-07-02T03:03+08:00,1981-07-17T12:38+08:00,辛酉,confirmed,hko+lunar,
1981,7,0,1981-07-31T11:51+08:00,1981-08-16T00:36+08:00,辛酉,confirmed,hko+lunar,
1981,8,0,1981-08-29T22:43+08:00,1981-09-14T11:08+08:00,辛酉,confirmed,hko+lunar,
1981,9,0,1981-09-28T12:07+08:00,1981-10-13T20:49+08:00,辛酉,confirmed,hko+lunar,
1981,10,0,1981-10-28T04:13+08:00,1981-11-12T06:26+08:00,辛酉,confirmed,hko+lunar,
1981,11,0,1981-11-26T22:38+08:00,1981-12-11T16:41+08:00,辛酉,confirmed,hko+lunar,
1981,12,0,1981-12-26T18:10+08:00,1982-01-10T03:52+08:00,辛酉,confirmed,hko+lunar,
1982,1,0,1982-01-25T12:55+08:00,1982-02-08T15:57+08:00,壬戌,confirmed,hko+lunar,
1982,2,0,1982-02-24T05:13+08:00,1982-03-10T04:45+08:00,壬戌,confirmed,hko+lunar,
1982,3,0,1982-03-25T18:17+08:00,1982-04-08T18:18+08:00,壬戌,confirmed,hko+lunar,
1982,4,0,1982-04-24T04:28+08:00,1982-05-08T08:44+08:00,壬戌,confirmed,hko+lunar,
1982,4,1,1982-05-23T12:40+08:00,1982-06-06T23:59+08:00,壬戌,confirmed,hko+lunar,闰四月
1982,5,0,1982-06-21T19:51+08:00,1982-07-06T15:31+08:00,壬戌,confirmed,hko+lunar,
1982,6,0,1982-07-21T02:56+08:00,1982-08-05T06:33+08:00,壬戌,confirmed,hko+lunar,
1982,7,0,1982-08-19T10:44+08:00,1982-09-03T20:28+08:00,壬戌,confirmed,hko+lunar,
1982,8,0,1982-09-17T20:09+08:00,1982-10-03T09:08+08:00,壬戌,confirmed,hko+lunar,
1982,9,0,1982-10-17T08:04+08:00,1982-11-01T20:56+08:00,壬戌,confirmed,hko+lunar,
1982,10,0,1982-11-15T23:09+08:00,1982-12-01T08:20+08:00,壬戌,confirmed,hko+lunar,
1982,11,0,1982-12-15T17:18+08:00,1982-12-30T19:32+08:00,壬戌,confirmed,hko+lunar,
1983,12,0,1983-01-14T13:07+08:00,1983-01-29T06:26+08:00,壬戌,confirmed,hko+lunar,
1983,1,0,1983-02-13T08:31+08:00,1983-02-27T16:58+08:00,癸亥,confirmed,hko+lunar,
1983,2,0,1983-03-15T01:43+08:00,1983-03-29T03:26+08:00,癸亥,confirmed,hko+lunar,
1983,3,0,1983-04-13T15:58+08:00,1983-04-27T14:30+08:00,癸亥,confirmed,hko+lunar,
1983,4,0,1983-05-13T03:25+08:00,1983-05-27T02:47+08:00,癸亥,confirmed,hko+lunar,
1983,5,0,1983-06-11T12:37+08:00,1983-06-25T16:31+08:00,癸亥,confirmed,hko+lunar,
1983,6,0,1983-07-10T20:18+08:00,1983-07-25T07:26+08:00,癸亥,confirmed,hko+lunar,
1983,7,0,1983-08-09T03:17+08:00,1983-08-23T22:59+08:00,癸亥,confirmed,hko+lunar,
1983,8,0,1983-09-07T10:34+08:00,1983-09-22T14:36+08:00,癸亥,confirmed,hko+lunar,
1983,9,0,1983-10-06T19:15+08:00,1983-10-22T05:53+08:00,癸亥,confirmed,hko+lunar,
1983,10,0,1983-11-05T06:21+08:00,1983-11-20T20:29+08:00,癸亥,confirmed,hko+lunar,
1983,11,0,1983-12-04T20:25+08:00,1983-12-20T10:00+08:00,癸亥,confirmed,hko+lunar,
1984,12,0,1984-01-03T13:15+08:00,1984-01-18T22:05+08:00,癸亥,confirmed,hko+lunar,
1984,1,0,1984-02-02T07:46+08:00,1984-02-17T08:41+08:00,甲子,confirmed,hko+lunar,
1984,2,0,1984-03-03T02:30+08:00,1984-03-17T18:09+08:00,甲子,confirmed,hko+lunar,
1984,3,0,1984-04-01T20:09+08:00,1984-04-16T03:10+08:00,甲子,confirmed,hko+lunar,
1984,4,0,1984-05-01T11:45+08:00,1984-05-15T12:28+08:00,甲子,confirmed,hko+lunar,
1984,5,0,1984-05-31T00:47+08:00,1984-06-13T22:41+08:00,甲子,confirmed,hko+lunar,
1984,6,0,1984-06-29T11:18+08:00,1984-07-13T10:19+08:00,甲子,confirmed,hko+lunar,
1984,7,0,1984-07-28T19:51+08:00,1984-08-11T23:43+08:00,甲子,confirmed,hko+lunar,
1984,8,0,1984-08-27T03:25+08:00,1984-09-10T15:01+08:00,甲子,confirmed,hko+lunar,
1984,9,0,1984-09-25T11:10+08:00,1984-10-10T07:58+08:00,甲子,confirmed,hko+lunar,
1984,10,0,1984-10-24T20:08+08:00,1984-11-09T01:42+08:00,甲子,confirmed,hko+lunar,
1984,10,1,1984-11-23T06:56+08:00,1984-12-08T18:53+08:00,甲子,confirmed,hko+lunar,闰十月
1984,11,0,1984-12-22T19:46+08:00,1985-01-07T10:16+08:00,甲子,confirmed,hko+lunar,
1985,12,0,1985-01-21T10:28+08:00,1985-02-05T23:18+08:00,甲子,confirmed,hko+lunar,
1985,1,0,1985-02-20T02:42+08:00,1985-03-07T10:13+08:00,乙丑,confirmed,hko+lunar,
1985,2,0,1985-03-21T19:58+08:00,1985-04-05T19:32+08:00,乙丑,confirmed,hko+lunar,
1985,3,0,1985-04-20T13:21+08:00,1985-05-05T03:52+08:00,乙丑,confirmed,hko+lunar,
1985,4,0,1985-05-20T05:41+08:00,1985-06-03T11:50+08:00,乙丑,confirmed,hko+lunar,
1985,5,0,1985-06-18T19:57+08:00,1985-07-02T20:08+08:00,乙丑,confirmed,hko+lunar,
1985,6,0,1985-07-18T07:56+08:00,1985-08-01T05:40+08:00,乙丑,confirmed,hko+lunar,
1985,7,0,1985-08-16T18:05+08:00,1985-08-30T17:27+08:00,乙丑,confirmed,hko+lunar,
1985,8,0,1985-09-15T03:19+08:00,1985-09-29T08:08+08:00,乙丑,confirmed,hko+lunar,
1985,9,0,1985-10-14T12:33+08:00,1985-10-29T01:37+08:00,乙丑,confirmed,hko+lunar,
1985,10,0,1985-11-12T22:20+08:00,1985-11-27T20:41+08:00,乙丑,confirmed,hko+lunar,
1985,11,0,1985-12-12T08:54+08:00,1985-12-27T15:30+08:00,乙丑,confirmed,hko+lunar,
1986,12,0,1986-01-10T20:21+08:00,1986-01-26T08:31+08:00,乙丑,confirmed,hko+lunar,
1986,1,0,1986-02-09T08:55+08:00,1986-02-24T23:02+08:00,丙寅,confirmed,hko+lunar,
1986,2,0,1986-03-10T22:51+08:00,1986-03-26T11:01+08:00,丙寅,confirmed,hko+lunar,
1986,3,0,1986-04-09T14:08+08:00,1986-04-24T20:46+08:00,丙寅,confirmed,hko+lunar,
1986,4,0,1986-05-09T06:09+08:00,1986-05-24T04:44+08:00,丙寅,confirmed,hko+lunar,
1986,5,0,1986-06-07T22:00+08:00,1986-06-22T11:41+08:00,丙寅,confirmed,hko+lunar,
1986,6,0,1986-07-07T12:54+08:00,1986-07-21T18:40+08:00,丙寅,confirmed,hko+lunar,
1986,7,0,1986-08-06T02:35+08:00,1986-08-20T02:54+08:00,丙寅,confirmed,hko+lunar,
1986,8,0,1986-09-04T15:10+08:00,1986-09-18T13:33+08:00,丙寅,confirmed,hko+lunar,
1986,9,0,1986-10-04T02:54+08:00,1986-10-18T03:21+08:00,丙寅,confirmed,hko+lunar,
1986,10,0,1986-11-02T14:02+08:00,1986-11-16T20:11+08:00,丙寅,confirmed,hko+lunar,
1986,11,0,1986-12-02T00:42+08:00,1986-12-16T15:04+08:00,丙寅,confirmed,hko+lunar,
1986,12,0,1986-12-31T11:09+08:00,1987-01-15T10:30+08:00,丙寅,confirmed,hko+lunar,
1987,1,0,1987-01-29T21:44+08:00,1987-02-14T04:57+08:00,丁卯,confirmed,hko+lunar,
1987,2,0,1987-02-28T08:50+08:00,1987-03-15T21:12+08:00,丁卯,confirmed,hko+lunar,
1987,3,0,1987-03-29T20:45+08:00,1987-04-14T10:30+08:00,丁卯,confirmed,hko+lunar,
1987,4,0,1987-04-28T09:34+08:00,1987-05-13T20:50+08:00,丁卯,confirmed,hko+lunar,
1987,5,0,1987-05-27T23:13+08:00,1987-06-12T04:48+08:00,丁卯,confirmed,hko+lunar,
1987,6,0,1987-06-26T13:36+08:00,1987-07-11T11:32+08:00,丁卯,confirmed,hko+lunar,
1987,6,1,1987-07-26T04:37+08:00,1987-08-09T18:17+08:00,丁卯,confirmed,hko+lunar,闰六月
1987,7,0,1987-08-24T19:58+08:00,1987-09-08T02:12+08:00,丁卯,confirmed,hko+lunar,
1987,8,0,1987-09-23T11:08+08:00,1987-10-07T12:12+08:00,丁卯,confirmed,hko+lunar,
1987,9,0,1987-10-23T01:27+08:00,1987-11-06T00:45+08:00,丁卯,confirmed,hko+lunar,
1987,10,0,1987-11-21T14:32+08:00,1987-12-05T16:00+08:00,丁卯,confirmed,hko+lunar,
1987,11,0,1987-12-21T02:25+08:00,1988-01-04T09:40+08:00,丁卯,confirmed,hko+lunar,
1988,12,0,1988-01-19T13:25+08:00,1988-02-03T04:51+08:00,丁卯,confirmed,hko+lunar,
1988,1,0,1988-02-17T23:54+08:00,1988-03-04T00:01+08:00,戊辰,confirmed,hko+lunar,
1988,2,0,1988-03-18T10:02+08:00,1988-04-02T17:21+08:00,戊辰,confirmed,hko+lunar,
1988,3,0,1988-04-16T19:59+08:00,1988-05-02T07:40+08:00,戊辰,confirmed,hko+lunar,
1988,4,0,1988-05-16T06:10+08:00,1988-05-31T18:53+08:00,戊辰,confirmed,hko+lunar,
1988,5,0,1988-06-14T17:13+08:00,1988-06-30T03:45+08:00,戊辰,confirmed,hko+lunar,
1988,6,0,1988-07-14T05:53+08:00,1988-07-29T11:25+08:00,戊辰,confirmed,hko+lunar,
1988,7,0,1988-08-12T20:30+08:00,1988-08-27T18:55+08:00,戊辰,confirmed,hko+lunar,
1988,8,0,1988-09-11T12:49+08:00,1988-09-26T03:07+08:00,戊辰,confirmed,hko+lunar,
1988,9,0,1988-10-11T05:48+08:00,1988-10-25T12:35+08:00,戊辰,confirmed,hko+lunar,
1988,10,0,1988-11-09T22:19+08:00,1988-11-23T23:53+08:00,戊辰,confirmed,hko+lunar,
1988,11,0,1988-12-09T13:35+08:00,1988-12-23T13:28+08:00,戊辰,confirmed,hko+lunar,
1989,12,0,1989-01-08T03:22+08:00,1989-01-22T05:33+08:00,戊辰,confirmed,hko+lunar,
1989,1,0,1989-02-06T15:36+08:00,1989-02-20T23:31+08:00,己巳,confirmed,hko+lunar,
1989,2,0,1989-03-08T02:18+08:00,1989-03-22T17:57+08:00,己巳,confirmed,hko+lunar,
1989,3,0,1989-04-06T11:32+08:00,1989-04-21T11:13+08:00,己巳,confirmed,hko+lunar,
1989,4,0,1989-05-05T19:46+08:00,1989-05-21T02:16+08:00,己巳,confirmed,hko+lunar,
1989,5,0,1989-06-04T03:52+08:00,1989-06-19T14:57+08:00,己巳,confirmed,hko+lunar,
1989,6,0,1989-07-03T12:59+08:00,1989-07-19T01:41+08:00,己巳,confirmed,hko+lunar,
1989,7,0,1989-08-02T00:05+08:00,1989-08-17T11:06+08:00,己巳,confirmed,hko+lunar,
1989,8,0,1989-08-31T13:44+08:00,1989-09-15T19:50+08:00,己巳,confirmed,hko+lunar,
1989,9,0,1989-09-30T05:46+08:00,1989-10-15T04:31+08:00,己巳,confirmed,hko+lunar,
1989,10,0,1989-10-29T23:27+08:00,1989-11-13T13:51+08:00,己巳,confirmed,hko+lunar,
1989,11,0,1989-11-28T17:40+08:00,1989-12-13T00:29+08:00,己巳,confirmed,hko+lunar,
1989,12,0,1989-12-28T11:19+08:00,1990-01-11T12:56+08:00,己巳,confirmed,hko+lunar,
1990,1,0,1990-01-27T03:20+08:00,1990-02-10T03:15+08:00,庚午,confirmed,hko+lunar,
1990,2,0,1990-02-25T16:54+08:00,1990-03-11T18:58+08:00,庚午,confirmed,hko+lunar,
1990,3,0,1990-03-27T03:48+08:00,1990-04-10T11:18+08:00,庚午,confirmed,hko+lunar,
1990,4,0,1990-04-25T12:27+08:00,1990-05-10T03:30+08:00,庚午,confirmed,hko+lunar,
1990,5,0,1990-05-24T19:47+08:00,1990-06-08T19:01+08:00,庚午,confirmed,hko+lunar,
1990,5,1,1990-06-23T02:54+08:00,1990-07-08T09:23+08:00,庚午,confirmed,hko+lunar,闰五月
1990,6,0,1990-07-22T10:54+08:00,1990-08-06T22:19+08:00,庚午,confirmed,hko+lunar,
1990,7,0,1990-08-20T20:39+08:00,1990-09-05T09:45+08:00,庚午,confirmed,hko+lunar,
1990,8,0,1990-09-19T08:46+08:00,1990-10-04T20:01+08:00,庚午,confirmed,hko+lunar,
1990,9,0,1990-10-18T23:36+08:00,1990-11-03T05:48+08:00,庚午,confirmed,hko+lunar,
1990,10,0,1990-11-17T17:04+08:00,1990-12-02T15:49+08:00,庚午,confirmed,hko+lunar,
1990,11,0,1990-12-17T12:21+08:00,1991-01-01T02:35+08:00,庚午,confirmed,hko+lunar,
1991,12,0,1991-01-16T07:49+08:00,1991-01-30T14:09+08:00,庚午,confirmed,hko+lunar,
1991,1,0,1991-02-15T01:31+08:00,1991-03-01T02:24+08:00,辛未,confirmed,hko+lunar,
1991,2,0,1991-03-16T16:10+08:00,1991-03-30T15:17+08:00,辛未,confirmed,hko+lunar,
1991,3,0,1991-04-15T03:37+08:00,1991-04-29T04:58+08:00,辛未,confirmed,hko+lunar,
1991,4,0,1991-05-14T12:35+08:00,1991-05-28T19:36+08:00,辛未,confirmed,hko+lunar,
1991,5,0,1991-06-12T20:05+08:00,1991-06-27T10:58+08:00,辛未,confirmed,hko+lunar,
1991,6,0,1991-07-12T03:06+08:00,1991-07-27T02:24+08:00,辛未,confirmed,hko+lunar,
1991,7,0,1991-08-10T10:27+08:00,1991-08-25T17:07+08:00,辛未,confirmed,hko+lunar,
1991,8,0,1991-09-08T19:00+08:00,1991-09-24T06:39+08:00,辛未,confirmed,hko+lunar,
1991,9,0,1991-10-08T05:38+08:00,1991-10-23T19:08+08:00,辛未,confirmed,hko+lunar,
1991,10,0,1991-11-06T19:11+08:00,1991-11-22T06:56+08:00,辛未,confirmed,hko+lunar,
1991,11,0,1991-12-06T11:56+08:00,1991-12-21T18:23+08:00,辛未,confirmed,hko+lunar,
1992,12,0,1992-01-05T07:09+08:00,1992-01-20T05:28+08:00,辛未,confirmed,hko+lunar,
1992,1,0,1992-02-04T02:59+08:00,1992-02-18T16:04+08:00,壬申,confirmed,hko+lunar,
1992,2,0,1992-03-04T21:22+08:00,1992-03-19T02:17+08:00,壬申,confirmed,hko+lunar,
1992,3,0,1992-04-03T13:01+08:00,1992-04-17T12:42+08:00,壬申,confirmed,hko+lunar,
1992,4,0,1992-05-03T01:44+08:00,1992-05-17T00:02+08:00,壬申,confirmed,hko+lunar,
1992,5,0,1992-06-01T11:56+08:00,1992-06-15T12:49+08:00,壬申,confirmed,hko+lunar,
1992,6,0,1992-06-30T20:18+08:00,1992-07-15T03:06+08:00,壬申,confirmed,hko+lunar,
1992,7,0,1992-07-30T03:35+08:00,1992-08-13T18:27+08:00,壬申,confirmed,hko+lunar,
1992,8,0,1992-08-28T10:41+08:00,1992-09-12T10:16+08:00,壬申,confirmed,hko+lunar,
1992,9,0,1992-09-26T18:40+08:00,1992-10-12T02:03+08:00,壬申,confirmed,hko+lunar,
1992,10,0,1992-10-26T04:33+08:00,1992-11-10T17:20+08:00,壬申,confirmed,hko+lunar,
1992,11,0,1992-11-24T17:11+08:00,1992-12-10T07:40+08:00,壬申,confirmed,hko+lunar,
1992,12,0,1992-12-24T08:42+08:00,1993-01-08T20:37+08:00,壬申,confirmed,hko+lunar,
1993,1,0,1993-01-23T02:26+08:00,1993-02-07T07:55+08:00,癸酉,confirmed,hko+lunar,
1993,2,0,1993-02-21T21:05+08:00,1993-03-08T17:45+08:00,癸酉,confirmed,hko+lunar,
1993,3,0,1993-03-23T15:14+08:00,1993-04-07T02:43+08:00,癸酉,confirmed,hko+lunar,
1993,3,1,1993-04-22T07:48+08:00,1993-05-06T11:33+08:00,癸酉,confirmed,hko+lunar,闰三月
1993,4,0,1993-05-21T22:06+08:00,1993-06-04T21:02+08:00,癸酉,confirmed,hko+lunar,
1993,5,0,1993-06-20T09:52+08:00,1993-07-04T07:45+08:00,癸酉,confirmed,hko+lunar,
1993,6,0,1993-07-19T19:24+08:00,1993-08-02T20:09+08:00,癸酉,confirmed,hko+lunar,
1993,7,0,1993-08-18T03:28+08:00,1993-09-01T10:32+08:00,癸酉,confirmed,hko+lunar,
1993,8,0,1993-09-16T11:10+08:00,1993-10-01T02:53+08:00,癸酉,confirmed,hko+lunar,
1993,9,0,1993-10-15T19:35+08:00,1993-10-30T20:37+08:00,癸酉,confirmed,hko+lunar,
1993,10,0,1993-11-14T05:34+08:00,1993-11-29T14:30+08:00,癸酉,confirmed,hko+lunar,
1993,11,0,1993-12-13T17:26+08:00,1993-12-29T07:05+08:00,癸酉,confirmed,hko+lunar,
1994,12,0,1994-01-12T07:10+08:00,1994-01-27T21:22+08:00,癸酉,confirmed,hko+lunar,
1994,1,0,1994-02-10T22:29+08:00,1994-02-26T09:15+08:00,甲戌,confirmed,hko+lunar,
1994,2,0,1994-03-12T15:04+08:00,1994-03-27T19:09+08:00,甲戌,confirmed,hko+lunar,
1994,3,0,1994-04-11T08:17+08:00,1994-04-26T03:44+08:00,甲戌,confirmed,hko+lunar,
1994,4,0,1994-05-11T01:06+08:00,1994-05-25T11:39+08:00,甲戌,confirmed,hko+lunar,
1994,5,0,1994-06-09T16:26+08:00,1994-06-23T19:33+08:00,甲戌,confirmed,hko+lunar,
1994,6,0,1994-07-09T05:37+08:00,1994-07-23T04:15+08:00,甲戌,confirmed,hko+lunar,
1994,7,0,1994-08-07T16:45+08:00,1994-08-21T14:46+08:00,甲戌,confirmed,hko+lunar,
1994,8,0,1994-09-06T02:32+08:00,1994-09-20T04:00+08:00,甲戌,confirmed,hko+lunar,
1994,9,0,1994-10-05T11:55+08:00,1994-10-19T20:17+08:00,甲戌,confirmed,hko+lunar,
1994,10,0,1994-11-03T21:35+08:00,1994-11-18T14:57+08:00,甲戌,confirmed,hko+lunar,
1994,11,0,1994-12-03T07:54+08:00,1994-12-18T10:17+08:00,甲戌,confirmed,hko+lunar,
1995,12,0,1995-01-01T18:55+08:00,1995-01-17T04:26+08:00,甲戌,confirmed,hko+lunar,
1995,1,0,1995-01-31T06:47+08:00,1995-02-15T20:15+08:00,乙亥,confirmed,hko+lunar,
1995,2,0,1995-03-01T19:47+08:00,1995-03-17T09:25+08:00,乙亥,confirmed,hko+lunar,
1995,3,0,1995-03-31T10:08+08:00,1995-04-15T20:08+08:00,乙亥,confirmed,hko+lunar,
1995,4,0,1995-04-30T01:36+08:00,1995-05-15T04:48+08:00,乙亥,confirmed,hko+lunar,
1995,5,0,1995-05-29T17:27+08:00,1995-06-13T12:03+08:00,乙亥,confirmed,hko+lunar,
1995,6,0,1995-06-28T08:49+08:00,1995-07-12T18:49+08:00,乙亥,confirmed,hko+lunar,
1995,7,0,1995-07-27T23:12+08:00,1995-08-11T02:15+08:00,乙亥,confirmed,hko+lunar,
1995,8,0,1995-08-26T12:30+08:00,1995-09-09T11:36+08:00,乙亥,confirmed,hko+lunar,
1995,8,1,1995-09-25T00:54+08:00,1995-10-08T23:51+08:00,乙亥,confirmed,hko+lunar,闰八月
1995,9,0,1995-10-24T12:36+08:00,1995-11-07T15:20+08:00,乙亥,confirmed,hko+lunar,
1995,10,0,1995-11-22T23:42+08:00,1995-12-07T09:26+08:00,乙亥,confirmed,hko+lunar,
1995,11,0,1995-12-22T10:22+08:00,1996-01-06T04:50+08:00,乙亥,confirmed,hko+lunar,
1996,12,0,1996-01-20T20:50+08:00,1996-02-04T23:57+08:00,乙亥,confirmed,hko+lunar,
1996,1,0,1996-02-19T07:30+08:00,1996-03-05T17:22+08:00,丙子,confirmed,hko+lunar,
1996,2,0,1996-03-19T18:44+08:00,1996-04-04T08:06+08:00,丙子,confirmed,hko+lunar,
1996,3,0,1996-04-18T06:48+08:00,1996-05-03T19:48+08:00,丙子,confirmed,hko+lunar,
1996,4,0,1996-05-17T19:46+08:00,1996-06-02T04:46+08:00,丙子,confirmed,hko+lunar,
1996,5,0,1996-06-16T09:35+08:00,1996-07-01T11:58+08:00,丙子,confirmed,hko+lunar,
1996,6,0,1996-07-16T00:14+08:00,1996-07-30T18:35+08:00,丙子,confirmed,hko+lunar,
1996,7,0,1996-08-14T15:33+08:00,1996-08-29T01:52+08:00,丙子,confirmed,hko+lunar,
1996,8,0,1996-09-13T07:07+08:00,1996-09-27T10:50+08:00,丙子,confirmed,hko+lunar,
1996,9,0,1996-10-12T22:14+08:00,1996-10-26T22:11+08:00,丙子,confirmed,hko+lunar,
1996,10,0,1996-11-11T12:16+08:00,1996-11-25T12:09+08:00,丙子,confirmed,hko+lunar,
1996,11,0,1996-12-11T00:56+08:00,1996-12-25T04:40+08:00,丙子,confirmed,hko+lunar,
1997,12,0,1997-01-09T12:25+08:00,1997-01-23T23:10+08:00,丙子,confirmed,hko+lunar,
1997,1,0,1997-02-07T23:06+08:00,1997-02-22T18:26+08:00,丁丑,confirmed,hko+lunar,
1997,2,0,1997-03-09T09:14+08:00,1997-03-24T12:45+08:00,丁丑,confirmed,hko+lunar,
1997,3,0,1997-04-07T19:01+08:00,1997-04-23T04:33+08:00,丁丑,confirmed,hko+lunar,
1997,4,0,1997-05-07T04:46+08:00,1997-05-22T17:13+08:00,丁丑,confirmed,hko+lunar,
1997,5,0,1997-06-05T15:03+08:00,1997-06-21T03:08+08:00,丁丑,confirmed,hko+lunar,
1997,6,0,1997-07-05T02:39+08:00,1997-07-20T11:20+08:00,丁丑,confirmed,hko+lunar,
1997,7,0,1997-08-03T16:13+08:00,1997-08-18T18:55+08:00,丁丑,confirmed,hko+lunar,
1997,8,0,1997-09-02T07:51+08:00,1997-09-17T02:50+08:00,丁丑,confirmed,hko+lunar,
1997,9,0,1997-10-02T00:51+08:00,1997-10-16T11:45+08:00,丁丑,confirmed,hko+lunar,
1997,10,0,1997-10-31T18:01+08:00,1997-11-14T22:11+08:00,丁丑,confirmed,hko+lunar,
1997,11,0,1997-11-30T10:13+08:00,1997-12-14T10:37+08:00,丁丑,confirmed,hko+lunar,
1997,12,0,1997-12-30T00:56+08:00,1998-01-13T01:23+08:00,丁丑,confirmed,hko+lunar,
1998,1,0,1998-01-28T14:00+08:00,1998-02-11T18:22+08:00,戊寅,confirmed,hko+lunar,
1998,2,0,1998-02-27T01:25+08:00,1998-03-13T12:34+08:00,戊寅,confirmed,hko+lunar,
1998,3,0,1998-03-28T11:13+08:00,1998-04-12T06:23+08:00,戊寅,confirmed,hko+lunar,
1998,4,0,1998-04-26T19:41+08:00,1998-05-11T22:29+08:00,戊寅,confirmed,hko+lunar,
1998,5,0,1998-05-26T03:32+08:00,1998-06-10T12:18+08:00,戊寅,confirmed,hko+lunar,
1998,5,1,1998-06-24T11:50+08:00,1998-07-10T00:00+08:00,戊寅,confirmed,hko+lunar,闰五月
1998,6,0,1998-07-23T21:43+08:00,1998-08-08T10:09+08:00,戊寅,confirmed,hko+lunar,
1998,7,0,1998-08-22T10:03+08:00,1998-09-06T19:21+08:00,戊寅,confirmed,hko+lunar,
1998,8,0,1998-09-21T01:01+08:00,1998-10-06T04:11+08:00,戊寅,confirmed,hko+lunar,
1998,9,0,1998-10-20T18:09+08:00,1998-11-04T13:18+08:00,戊寅,confirmed,hko+lunar,
1998,10,0,1998-11-19T12:26+08:00,1998-12-03T23:19+08:00,戊寅,confirmed,hko+lunar,
1998,11,0,1998-12-19T06:42+08:00,1999-01-02T10:49+08:00,戊寅,confirmed,hko+lunar,
1999,12,0,1999-01-17T23:46+08:00,1999-02-01T00:06+08:00,戊寅,confirmed,hko+lunar,
1999,1,0,1999-02-16T14:38+08:00,1999-03-02T14:58+08:00,己卯,confirmed,hko+lunar,
1999,2,0,1999-03-18T02:47+08:00,1999-04-01T06:48+08:00,己卯,confirmed,hko+lunar,
1999,3,0,1999-04-16T12:21+08:00,1999-04-30T22:54+08:00,己卯,confirmed,hko+lunar,
1999,4,0,1999-05-15T20:05+08:00,1999-05-30T14:39+08:00,己卯,confirmed,hko+lunar,
1999,5,0,1999-06-14T03:02+08:00,1999-06-29T05:37+08:00,己卯,confirmed,hko+lunar,
1999,6,0,1999-07-13T10:23+08:00,1999-07-28T19:24+08:00,己卯,confirmed,hko+lunar,
1999,7,0,1999-08-11T19:08+08:00,1999-08-27T07:47+08:00,己卯,confirmed,hko+lunar,
1999,8,0,1999-09-10T06:02+08:00,1999-09-25T18:51+08:00,己卯,confirmed,hko+lunar,
1999,9,0,1999-10-09T19:34+08:00,1999-10-25T05:02+08:00,己卯,confirmed,hko+lunar,
1999,10,0,1999-11-08T11:53+08:00,1999-11-23T15:03+08:00,己卯,confirmed,hko+lunar,
1999,11,0,1999-12-08T06:31+08:00,1999-12-23T01:31+08:00,己卯,confirmed,hko+lunar,
2000,12,0,2000-01-07T02:13+08:00,2000-01-21T12:40+08:00,己卯,confirmed,hko+lunar,
2000,1,0,2000-02-05T21:03+08:00,2000-02-20T00:26+08:00,庚辰,confirmed,hko+lunar,
2000,2,0,2000-03-06T13:16+08:00,2000-03-20T12:44+08:00,庚辰,confirmed,hko+lunar,
2000,3,0,2000-04-05T02:11+08:00,2000-04-19T01:41+08:00,庚辰,confirmed,hko+lunar,
2000,4,0,2000-05-04T12:12+08:00,2000-05-18T15:34+08:00,庚辰,confirmed,hko+lunar,
2000,5,0,2000-06-02T20:13+08:00,2000-06-17T06:27+08:00,庚辰,confirmed,hko+lunar,
2000,6,0,2000-07-02T03:19+08:00,2000-07-16T21:55+08:00,庚辰,confirmed,hko+lunar,
2000,7,0,2000-07-31T10:25+08:00,2000-08-15T13:12+08:00,庚辰,confirmed,hko+lunar,
2000,8,0,2000-08-29T18:19+08:00,2000-09-14T03:36+08:00,庚辰,confirmed,hko+lunar,
2000,9,0,2000-09-28T03:52+08:00,2000-10-13T16:52+08:00,庚辰,confirmed,hko+lunar,
2000,10,0,2000-10-27T15:58+08:00,2000-11-12T05:14+08:00,庚辰,confirmed,hko+lunar,
2000,11,0,2000-11-26T07:11+08:00,2000-12-11T17:02+08:00,庚辰,confirmed,hko+lunar,
2000,12,0,2000-12-26T01:21+08:00,2001-01-10T04:24+08:00,庚辰,confirmed,hko+lunar,
2001,1,0,2001-01-24T21:06+08:00,2001-02-08T15:11+08:00,辛巳,confirmed,hko+lunar,
2001,2,0,2001-02-23T16:21+08:00,2001-03-10T01:23+08:00,辛巳,confirmed,hko+lunar,
2001,3,0,2001-03-25T09:21+08:00,2001-04-08T11:21+08:00,辛巳,confirmed,hko+lunar,
2001,4,0,2001-04-23T23:25+08:00,2001-05-07T21:52+08:00,辛巳,confirmed,hko+lunar,
2001,4,1,2001-05-23T10:46+08:00,2001-06-06T09:39+08:00,辛巳,confirmed,hko+lunar,闰四月
2001,5,0,2001-06-21T19:57+08:00,2001-07-05T23:03+08:00,辛巳,confirmed,hko+lunar,
2001,6,0,2001-07-21T03:44+08:00,2001-08-04T13:55+08:00,辛巳,confirmed,hko+lunar,
2001,7,0,2001-08-19T10:55+08:00,2001-09-03T05:43+08:00,辛巳,confirmed,hko+lunar,
2001,8,0,2001-09-17T18:27+08:00,2001-10-02T21:48+08:00,辛巳,confirmed,hko+lunar,
2001,9,0,2001-10-17T03:23+08:00,2001-11-01T13:41+08:00,辛巳,confirmed,hko+lunar,
2001,10,0,2001-11-15T14:39+08:00,2001-12-01T04:49+08:00,辛巳,confirmed,hko+lunar,
2001,11,0,2001-12-15T04:47+08:00,2001-12-30T18:40+08:00,辛巳,confirmed,hko+lunar,
2002,12,0,2002-01-13T21:28+08:00,2002-01-29T06:50+08:00,辛巳,confirmed,hko+lunar,
2002,1,0,2002-02-12T15:40+08:00,2002-02-27T17:16+08:00,壬午,confirmed,hko+lunar,
2002,2,0,2002-03-14T10:02+08:00,2002-03-29T02:24+08:00,壬午,confirmed,hko+lunar,
2002,3,0,2002-04-13T03:21+08:00,2002-04-27T10:59+08:00,壬午,confirmed,hko+lunar,
2002,4,0,2002-05-12T18:45+08:00,2002-05-26T19:51+08:00,壬午,confirmed,hko+lunar,
2002,5,0,2002-06-11T07:46+08:00,2002-06-25T05:42+08:00,壬午,confirmed,hko+lunar,
2002,6,0,2002-07-10T18:26+08:00,2002-07-24T17:07+08:00,壬午,confirmed,hko+lunar,
2002,7,0,2002-08-09T03:15+08:00,2002-08-23T06:29+08:00,壬午,confirmed,hko+lunar,
2002,8,0,2002-09-07T11:10+08:00,2002-09-21T21:59+08:00,壬午,confirmed,hko+lunar,
2002,9,0,2002-10-06T19:17+08:00,2002-10-21T15:20+08:00,壬午,confirmed,hko+lunar,
2002,10,0,2002-11-05T04:34+08:00,2002-11-20T09:33+08:00,壬午,confirmed,hko+lunar,
2002,11,0,2002-12-04T15:34+08:00,2002-12-20T03:10+08:00,壬午,confirmed,hko+lunar,
2003,12,0,2003-01-03T04:22+08:00,2003-01-18T18:47+08:00,壬午,confirmed,hko+lunar,
2003,1,0,2003-02-01T18:48+08:00,2003-02-17T07:51+08:00,癸未,confirmed,hko+lunar,
2003,2,0,2003-03-03T10:34+08:00,2003-03-18T18:34+08:00,癸未,confirmed,hko+lunar,
2003,3,0,2003-04-02T03:18+08:00,2003-04-17T03:35+08:00,癸未,confirmed,hko+lunar,
2003,4,0,2003-05-01T20:14+08:00,2003-05-16T11:35+08:00,癸未,confirmed,hko+lunar,
2003,5,0,2003-05-31T12:19+08:00,2003-06-14T19:15+08:00,癸未,confirmed,hko+lunar,
2003,6,0,2003-06-30T02:38+08:00,2003-07-14T03:21+08:00,癸未,confirmed,hko+lunar,
2003,7,0,2003-07-29T14:52+08:00,2003-08-12T12:48+08:00,癸未,confirmed,hko+lunar,
2003,8,0,2003-08-28T01:26+08:00,2003-09-11T00:36+08:00,癸未,confirmed,hko+lunar,
2003,9,0,2003-09-26T11:09+08:00,2003-10-10T15:27+08:00,癸未,confirmed,hko+lunar,
2003,10,0,2003-10-25T20:50+08:00,2003-11-09T09:13+08:00,癸未,confirmed,hko+lunar,
2003,11,0,2003-11-24T06:58+08:00,2003-12-09T04:36+08:00,癸未,confirmed,hko+lunar,
2003,12,0,2003-12-23T17:43+08:00,2004-01-07T23:40+08:00,癸未,confirmed,hko+lunar,
2004,1,0,2004-01-22T05:04+08:00,2004-02-06T16:46+08:00,甲申,confirmed,hko+lunar,
2004,2,0,2004-02-20T17:17+08:00,2004-03-07T07:14+08:00,甲申,confirmed,hko+lunar,
2004,2,1,2004-03-21T06:41+08:00,2004-04-05T19:02+08:00,甲申,confirmed,hko+lunar,闰二月
2004,3,0,2004-04-19T21:21+08:00,2004-05-05T04:33+08:00,甲申,confirmed,hko+lunar,
2004,4,0,2004-05-19T12:51+08:00,2004-06-03T12:19+08:00,甲申,confirmed,hko+lunar,
2004,5,0,2004-06-18T04:26+08:00,2004-07-02T19:08+08:00,甲申,confirmed,hko+lunar,
2004,6,0,2004-07-17T19:23+08:00,2004-08-01T02:05+08:00,甲申,confirmed,hko+lunar,
2004,7,0,2004-08-16T09:23+08:00,2004-08-30T10:22+08:00,甲申,confirmed,hko+lunar,
2004,8,0,2004-09-14T22:29+08:00,2004-09-28T21:09+08:00,甲申,confirmed,hko+lunar,
2004,9,0,2004-10-14T10:48+08:00,2004-10-28T11:07+08:00,甲申,confirmed,hko+lunar,
2004,10,0,2004-11-12T22:27+08:00,2004-11-27T04:07+08:00,甲申,confirmed,hko+lunar,
2004,11,0,2004-12-12T09:29+08:00,2004-12-26T23:06+08:00,甲申,confirmed,hko+lunar,
2005,12,0,2005-01-10T20:02+08:00,2005-01-25T18:32+08:00,甲申,confirmed,hko+lunar,
2005,1,0,2005-02-09T06:28+08:00,2005-02-24T12:53+08:00,乙酉,confirmed,hko+lunar,
2005,2,0,2005-03-10T17:10+08:00,2005-03-26T04:58+08:00,乙酉,confirmed,hko+lunar,
2005,3,0,2005-04-09T04:32+08:00,2005-04-24T18:06+08:00,乙酉,confirmed,hko+lunar,
2005,4,0,2005-05-08T16:45+08:00,2005-05-24T04:18+08:00,乙酉,confirmed,hko+lunar,
2005,5,0,2005-06-07T05:55+08:00,2005-06-22T12:13+08:00,乙酉,confirmed,hko+lunar,
2005,6,0,2005-07-06T20:02+08:00,2005-07-21T19:00+08:00,乙酉,confirmed,hko+lunar,
2005,7,0,2005-08-05T11:04+08:00,2005-08-20T01:53+08:00,乙酉,confirmed,hko+lunar,
2005,8,0,2005-09-04T02:45+08:00,2005-09-18T10:00+08:00,乙酉,confirmed,hko+lunar,
2005,9,0,2005-10-03T18:27+08:00,2005-10-17T20:13+08:00,乙酉,confirmed,hko+lunar,
2005,10,0,2005-11-02T09:24+08:00,2005-11-16T08:57+08:00,乙酉,confirmed,hko+lunar,
2005,11,0,2005-12-01T23:00+08:00,2005-12-16T00:15+08:00,乙酉,confirmed,hko+lunar,
2005,12,0,2005-12-31T11:11+08:00,2006-01-14T17:48+08:00,乙酉,confirmed,hko+lunar,
2006,1,0,2006-01-29T22:14+08:00,2006-02-13T12:44+08:00,丙戌,confirmed,hko+lunar,
2006,2,0,2006-02-28T08:30+08:00,2006-03-15T07:35+08:00,丙戌,confirmed,hko+lunar,
2006,3,0,2006-03-29T18:15+08:00,2006-04-14T00:40+08:00,丙戌,confirmed,hko+lunar,
2006,4,0,2006-04-28T03:43+08:00,2006-05-13T14:51+08:00,丙戌,confirmed,hko+lunar,
2006,5,0,2006-05-27T13:25+08:00,2006-06-12T02:03+08:00,丙戌,confirmed,hko+lunar,
2006,6,0,2006-06-26T00:05+08:00,2006-07-11T11:01+08:00,丙戌,confirmed,hko+lunar,
2006,7,0,2006-07-25T12:30+08:00,2006-08-09T18:53+08:00,丙戌,confirmed,hko+lunar,
2006,7,1,2006-08-24T03:09+08:00,2006-09-08T02:42+08:00,丙戌,confirmed,hko+lunar,闰七月
2006,8,0,2006-09-22T19:45+08:00,2006-10-07T11:12+08:00,丙戌,confirmed,hko+lunar,
2006,9,0,2006-10-22T13:14+08:00,2006-11-05T20:58+08:00,丙戌,confirmed,hko+lunar,
2006,10,0,2006-11-21T06:17+08:00,2006-12-05T08:24+08:00,丙戌,confirmed,hko+lunar,
2006,11,0,2006-12-20T22:00+08:00,2007-01-03T21:57+08:00,丙戌,confirmed,hko+lunar,
2007,12,0,2007-01-19T12:00+08:00,2007-02-02T13:45+08:00,丙戌,confirmed,hko+lunar,
2007,1,0,2007-02-18T00:14+08:00,2007-03-04T07:17+08:00,丁亥,confirmed,hko+lunar,
2007,2,0,2007-03-19T10:42+08:00,2007-04-03T01:15+08:00,丁亥,confirmed,hko+lunar,
2007,3,0,2007-04-17T19:36+08:00,2007-05-02T18:09+08:00,丁亥,confirmed,hko+lunar,
2007,4,0,2007-05-17T03:27+08:00,2007-06-01T09:03+08:00,丁亥,confirmed,hko+lunar,
2007,5,0,2007-06-15T11:13+08:00,2007-06-30T21:48+08:00,丁亥,confirmed,hko+lunar,
2007,6,0,2007-07-14T20:03+08:00,2007-07-30T08:47+08:00,丁亥,confirmed,hko+lunar,
2007,7,0,2007-08-13T07:02+08:00,2007-08-28T18:35+08:00,丁亥,confirmed,hko+lunar,
2007,8,0,2007-09-11T20:44+08:00,2007-09-27T03:45+08:00,丁亥,confirmed,hko+lunar,
2007,9,0,2007-10-11T13:00+08:00,2007-10-26T12:51+08:00,丁亥,confirmed,hko+lunar,
2007,10,0,2007-11-10T07:03+08:00,2007-11-24T22:29+08:00,丁亥,confirmed,hko+lunar,
2007,11,0,2007-12-10T01:40+08:00,2007-12-24T09:15+08:00,丁亥,confirmed,hko+lunar,
2008,12,0,2008-01-08T19:37+08:00,2008-01-22T21:34+08:00,丁亥,confirmed,hko+lunar,
2008,1,0,2008-02-07T11:44+08:00,2008-02-21T11:30+08:00,戊子,confirmed,hko+lunar,
2008,2,0,2008-03-08T01:14+08:00,2008-03-22T02:39+08:00,戊子,confirmed,hko+lunar,
2008,3,0,2008-04-06T11:55+08:00,2008-04-20T18:25+08:00,戊子,confirmed,hko+lunar,
2008,4,0,2008-05-05T20:18+08:00,2008-05-20T10:11+08:00,戊子,confirmed,hko+lunar,
2008,5,0,2008-06-04T03:22+08:00,2008-06-19T01:30+08:00,戊子,confirmed,hko+lunar,
2008,6,0,2008-07-03T10:18+08:00,2008-07-18T15:59+08:00,戊子,confirmed,hko+lunar,
2008,7,0,2008-08-01T18:12+08:00,2008-08-17T05:16+08:00,戊子,confirmed,hko+lunar,
2008,8,0,2008-08-31T03:58+08:00,2008-09-15T17:13+08:00,戊子,confirmed,hko+lunar,
2008,9,0,2008-09-29T16:12+08:00,2008-10-15T04:02+08:00,戊子,confirmed,hko+lunar,
2008,10,0,2008-10-29T07:13+08:00,2008-11-13T14:17+08:00,戊子,confirmed,hko+lunar,
2008,11,0,2008-11-28T00:54+08:00,2008-12-13T00:37+08:00,戊子,confirmed,hko+lunar,
2008,12,0,2008-12-27T20:22+08:00,2009-01-11T11:26+08:00,戊子,confirmed,hko+lunar,
2009,1,0,2009-01-26T15:55+08:00,2009-02-09T22:49+08:00,己丑,confirmed,hko+lunar,
2009,2,0,2009-02-25T09:35+08:00,2009-03-11T10:37+08:00,己丑,confirmed,hko+lunar,
2009,3,0,2009-03-27T00:05+08:00,2009-04-09T22:55+08:00,己丑,confirmed,hko+lunar,
2009,4,0,2009-04-25T11:22+08:00,2009-05-09T12:01+08:00,己丑,confirmed,hko+lunar,
2009,5,0,2009-05-24T20:10+08:00,2009-06-08T02:11+08:00,己丑,confirmed,hko+lunar,
2009,5,1,2009-06-23T03:34+08:00,2009-07-07T17:21+08:00,己丑,confirmed,hko+lunar,闰五月
2009,6,0,2009-07-22T10:34+08:00,2009-08-06T08:54+08:00,己丑,confirmed,hko+lunar,
2009,7,0,2009-08-20T18:01+08:00,2009-09-05T00:02+08:00,己丑,confirmed,hko+lunar,
2009,8,0,2009-09-19T02:44+08:00,2009-10-04T14:10+08:00,己丑,confirmed,hko+lunar,
2009,9,0,2009-10-18T13:33+08:00,2009-11-03T03:13+08:00,己丑,confirmed,hko+lunar,
2009,10,0,2009-11-17T03:13+08:00,2009-12-02T15:30+08:00,己丑,confirmed,hko+lunar,
2009,11,0,2009-12-16T20:02+08:00,2010-01-01T03:12+08:00,己丑,confirmed,hko+lunar,
2010,12,0,2010-01-15T15:11+08:00,2010-01-30T14:17+08:00,己丑,confirmed,hko+lunar,
2010,1,0,2010-02-14T10:51+08:00,2010-03-01T00:37+08:00,庚寅,confirmed,hko+lunar,
2010,2,0,2010-03-16T05:01+08:00,2010-03-30T10:25+08:00,庚寅,confirmed,hko+lunar,
2010,3,0,2010-04-14T20:28+08:00,2010-04-28T20:18+08:00,庚寅,confirmed,hko+lunar,
2010,4,0,2010-05-14T09:04+08:00,2010-05-28T07:07+08:00,庚寅,confirmed,hko+lunar,
2010,5,0,2010-06-12T19:14+08:00,2010-06-26T19:30+08:00,庚寅,confirmed,hko+lunar,
2010,6,0,2010-07-12T03:40+08:00,2010-07-26T09:36+08:00,庚寅,confirmed,hko+lunar,
2010,7,0,2010-08-10T11:08+08:00,2010-08-25T01:04+08:00,庚寅,confirmed,hko+lunar,
2010,8,0,2010-09-08T18:29+08:00,2010-09-23T17:17+08:00,庚寅,confirmed,hko+lunar,
2010,9,0,2010-10-08T02:44+08:00,2010-10-23T09:36+08:00,庚寅,confirmed,hko+lunar,
2010,10,0,2010-11-06T12:51+08:00,2010-11-22T01:27+08:00,庚寅,confirmed,hko+lunar,
2010,11,0,2010-12-06T01:35+08:00,2010-12-21T16:13+08:00,庚寅,confirmed,hko+lunar,
2011,12,0,2011-01-04T17:02+08:00,2011-01-20T05:21+08:00,庚寅,confirmed,hko+lunar,
2011,1,0,2011-02-03T10:30+08:00,2011-02-18T16:35+08:00,辛卯,confirmed,hko+lunar,
2011,2,0,2011-03-05T04:45+08:00,2011-03-20T02:10+08:00,辛卯,confirmed,hko+lunar,
2011,3,0,2011-04-03T22:32+08:00,2011-04-18T10:43+08:00,辛卯,confirmed,hko+lunar,
2011,4,0,2011-05-03T14:50+08:00,2011-05-17T19:08+08:00,辛卯,confirmed,hko+lunar,
2011,5,0,2011-06-02T05:02+08:00,2011-06-16T04:13+08:00,辛卯,confirmed,hko+lunar,
2011,6,0,2011-07-01T16:53+08:00,2011-07-15T14:39+08:00,辛卯,confirmed,hko+lunar,
2011,7,0,2011-07-31T02:39+08:00,2011-08-14T02:57+08:00,辛卯,confirmed,hko+lunar,
2011,8,0,2011-08-29T11:04+08:00,2011-09-12T17:26+08:00,辛卯,confirmed,hko+lunar,
2011,9,0,2011-09-27T19:08+08:00,2011-10-12T10:05+08:00,辛卯,confirmed,hko+lunar,
2011,10,0,2011-10-27T03:55+08:00,2011-11-11T04:16+08:00,辛卯,confirmed,hko+lunar,
2011,11,0,2011-11-25T14:09+08:00,2011-12-10T22:36+08:00,辛卯,confirmed,hko+lunar,
2011,12,0,2011-12-25T02:06+08:00,2012-01-09T15:30+08:00,辛卯,confirmed,hko+lunar,
2012,1,0,2012-01-23T15:39+08:00,2012-02-08T05:53+08:00,壬辰,confirmed,hko+lunar,
2012,2,0,2012-02-22T06:34+08:00,2012-03-08T17:39+08:00,壬辰,confirmed,hko+lunar,
2012,3,0,2012-03-22T22:37+08:00,2012-04-07T03:18+08:00,壬辰,confirmed,hko+lunar,
2012,4,0,2012-04-21T15:18+08:00,2012-05-06T11:35+08:00,壬辰,confirmed,hko+lunar,
2012,4,1,2012-05-21T07:47+08:00,2012-06-04T19:11+08:00,壬辰,confirmed,hko+lunar,闰四月
2012,5,0,2012-06-19T23:02+08:00,2012-07-04T02:51+08:00,壬辰,confirmed,hko+lunar,
2012,6,0,2012-07-19T12:24+08:00,2012-08-02T11:27+08:00,壬辰,confirmed,hko+lunar,
2012,7,0,2012-08-17T23:54+08:00,2012-08-31T21:58+08:00,壬辰,confirmed,hko+lunar,
2012,8,0,2012-09-16T10:10+08:00,2012-09-30T11:18+08:00,壬辰,confirmed,hko+lunar,
2012,9,0,2012-10-15T20:02+08:00,2012-10-30T03:49+08:00,壬辰,confirmed,hko+lunar,
2012,10,0,2012-11-14T06:07+08:00,2012-11-28T22:45+08:00,壬辰,confirmed,hko+lunar,
2012,11,0,2012-12-13T16:41+08:00,2012-12-28T18:21+08:00,壬辰,confirmed,hko+lunar,
2013,12,0,2013-01-12T03:43+08:00,2013-01-27T12:38+08:00,壬辰,confirmed,hko+lunar,
2013,1,0,2013-02-10T15:20+08:00,2013-02-26T04:26+08:00,癸巳,confirmed,hko+lunar,
2013,2,0,2013-03-12T03:51+08:00,2013-03-27T17:27+08:00,癸巳,confirmed,hko+lunar,
2013,3,0,2013-04-10T17:35+08:00,2013-04-26T03:57+08:00,癸巳,confirmed,hko+lunar,
2013,4,0,2013-05-10T08:28+08:00,2013-05-25T12:24+08:00,癸巳,confirmed,hko+lunar,
2013,5,0,2013-06-08T23:56+08:00,2013-06-23T19:32+08:00,癸巳,confirmed,hko+lunar,
2013,6,0,2013-07-08T15:14+08:00,2013-07-23T02:15+08:00,癸巳,confirmed,hko+lunar,
2013,7,0,2013-08-07T05:50+08:00,2013-08-21T09:44+08:00,癸巳,confirmed,hko+lunar,
2013,8,0,2013-09-05T19:36+08:00,2013-09-19T19:12+08:00,癸巳,confirmed,hko+lunar,
2013,9,0,2013-10-05T08:34+08:00,2013-10-19T07:37+08:00,癸巳,confirmed,hko+lunar,
2013,10,0,2013-11-03T20:49+08:00,2013-11-17T23:15+08:00,癸巳,confirmed,hko+lunar,
2013,11,0,2013-12-03T08:22+08:00,2013-12-17T17:28+08:00,癸巳,confirmed,hko+lunar,
2014,12,0,2014-01-01T19:14+08:00,2014-01-16T12:52+08:00,癸巳,confirmed,hko+lunar,
2014,1,0,2014-01-31T05:38+08:00,2014-02-15T07:53+08:00,甲午,confirmed,hko+lunar,
2014,2,0,2014-03-01T15:59+08:00,2014-03-17T01:08+08:00,甲午,confirmed,hko+lunar,
2014,3,0,2014-03-31T02:44+08:00,2014-04-15T15:42+08:00,甲午,confirmed,hko+lunar,
2014,4,0,2014-04-29T14:14+08:00,2014-05-15T03:15+08:00,甲午,confirmed,hko+lunar,
2014,5,0,2014-05-29T02:40+08:00,2014-06-13T12:11+08:00,甲午,confirmed,hko+lunar,
2014,6,0,2014-06-27T16:08+08:00,2014-07-12T19:24+08:00,甲午,confirmed,hko+lunar,
2014,7,0,2014-07-27T06:41+08:00,2014-08-11T02:09+08:00,甲午,confirmed,hko+lunar,
2014,8,0,2014-08-25T22:12+08:00,2014-09-09T09:38+08:00,甲午,confirmed,hko+lunar,
2014,9,0,2014-09-24T14:13+08:00,2014-10-08T18:50+08:00,甲午,confirmed,hko+lunar,
2014,9,1,2014-10-24T05:56+08:00,2014-11-07T06:22+08:00,甲午,confirmed,hko+lunar,闰九月
2014,10,0,2014-11-22T20:32+08:00,2014-12-06T20:26+08:00,甲午,confirmed,hko+lunar,
2014,11,0,2014-12-22T09:35+08:00,2015-01-05T12:53+08:00,甲午,confirmed,hko+lunar,
2015,12,0,2015-01-20T21:13+08:00,2015-02-04T07:08+08:00,甲午,confirmed,hko+lunar,
2015,1,0,2015-02-19T07:47+08:00,2015-03-06T02:05+08:00,乙未,confirmed,hko+lunar,
2015,2,0,2015-03-20T17:36+08:00,2015-04-04T20:05+08:00,乙未,confirmed,hko+lunar,
2015,3,0,2015-04-19T02:56+08:00,2015-05-04T11:42+08:00,乙未,confirmed,hko+lunar,
2015,4,0,2015-05-18T12:13+08:00,2015-06-03T00:19+08:00,乙未,confirmed,hko+lunar,
2015,5,0,2015-06-16T22:05+08:00,2015-07-02T10:19+08:00,乙未,confirmed,hko+lunar,
2015,6,0,2015-07-16T09:24+08:00,2015-07-31T18:42+08:00,乙未,confirmed,hko+lunar,
2015,7,0,2015-08-14T22:53+08:00,2015-08-30T02:35+08:00,乙未,confirmed,hko+lunar,
2015,8,0,2015-09-13T14:41+08:00,2015-09-28T10:50+08:00,乙未,confirmed,hko+lunar,
2015,9,0,2015-10-13T08:05+08:00,2015-10-27T20:05+08:00,乙未,confirmed,hko+lunar,
2015,10,0,2015-11-12T01:47+08:00,2015-11-26T06:44+08:00,乙未,confirmed,hko+lunar,
2015,11,0,2015-12-11T18:29+08:00,2015-12-25T19:11+08:00,乙未,confirmed,hko+lunar,
2016,12,0,2016-01-10T09:30+08:00,2016-01-24T09:45+08:00,乙未,confirmed,hko+lunar,
2016,1,0,2016-02-08T22:38+08:00,2016-02-23T02:19+08:00,丙申,confirmed,hko+lunar,
2016,2,0,2016-03-09T09:54+08:00,2016-03-23T20:00+08:00,丙申,confirmed,hko+lunar,
2016,3,0,2016-04-07T19:23+08:00,2016-04-22T13:23+08:00,丙申,confirmed,hko+lunar,
2016,4,0,2016-05-07T03:29+08:00,2016-05-22T05:14+08:00,丙申,confirmed,hko+lunar,
2016,5,0,2016-06-05T10:59+08:00,2016-06-20T19:02+08:00,丙申,confirmed,hko+lunar,
2016,6,0,2016-07-04T19:01+08:00,2016-07-20T06:56+08:00,丙申,confirmed,hko+lunar,
2016,7,0,2016-08-03T04:44+08:00,2016-08-18T17:26+08:00,丙申,confirmed,hko+lunar,
2016,8,0,2016-09-01T17:03+08:00,2016-09-17T03:05+08:00,丙申,confirmed,hko+lunar,
2016,9,0,2016-10-01T08:11+08:00,2016-10-16T12:23+08:00,丙申,confirmed,hko+lunar,
2016,10,0,2016-10-31T01:38+08:00,2016-11-14T21:52+08:00,丙申,confirmed,hko+lunar,
2016,11,0,2016-11-29T20:18+08:00,2016-12-14T08:05+08:00,丙申,confirmed,hko+lunar,
2016,12,0,2016-12-29T14:53+08:00,2017-01-12T19:33+08:00,丙申,confirmed,hko+lunar,
2017,1,0,2017-01-28T08:07+08:00,2017-02-11T08:32+08:00,丁酉,confirmed,hko+lunar,
2017,2,0,2017-02-26T22:58+08:00,2017-03-12T22:53+08:00,丁酉,confirmed,hko+lunar,
2017,3,0,2017-03-28T10:57+08:00,2017-04-11T14:08+08:00,丁酉,confirmed,hko+lunar,
2017,4,0,2017-04-26T20:16+08:00,2017-05-11T05:42+08:00,丁酉,confirmed,hko+lunar,
2017,5,0,2017-05-26T03:44+08:00,2017-06-09T21:09+08:00,丁酉,confirmed,hko+lunar,
2017,6,0,2017-06-24T10:30+08:00,2017-07-09T12:06+08:00,丁酉,confirmed,hko+lunar,
2017,6,1,2017-07-23T17:45+08:00,2017-08-08T02:10+08:00,丁酉,confirmed,hko+lunar,闰六月
2017,7,0,2017-08-22T02:30+08:00,2017-09-06T15:02+08:00,丁酉,confirmed,hko+lunar,
2017,8,0,2017-09-20T13:29+08:00,2017-10-06T02:40+08:00,丁酉,confirmed,hko+lunar,
2017,9,0,2017-10-20T03:12+08:00,2017-11-04T13:22+08:00,丁酉,confirmed,hko+lunar,
2017,10,0,2017-11-18T19:42+08:00,2017-12-03T23:46+08:00,丁酉,confirmed,hko+lunar,
2017,11,0,2017-12-18T14:30+08:00,2018-01-02T10:24+08:00,丁酉,confirmed,hko+lunar,
2018,12,0,2018-01-17T10:17+08:00,2018-01-31T21:26+08:00,丁酉,confirmed,hko+lunar,
2018,1,0,2018-02-16T05:05+08:00,2018-03-02T08:51+08:00,戊戌,confirmed,hko+lunar,
2018,2,0,2018-03-17T21:11+08:00,2018-03-31T20:36+08:00,戊戌,confirmed,hko+lunar,
2018,3,0,2018-04-16T09:57+08:00,2018-04-30T08:58+08:00,戊戌,confirmed,hko+lunar,
2018,4,0,2018-05-15T19:47+08:00,2018-05-29T22:19+08:00,戊戌,confirmed,hko+lunar,
2018,5,0,2018-06-14T03:43+08:00,2018-06-28T12:52+08:00,戊戌,confirmed,hko+lunar,
2018,6,0,2018-07-13T10:47+08:00,2018-07-28T04:20+08:00,戊戌,confirmed,hko+lunar,
2018,7,0,2018-08-11T17:57+08:00,2018-08-26T19:56+08:00,戊戌,confirmed,hko+lunar,
2018,8,0,2018-09-10T02:01+08:00,2018-09-25T10:52+08:00,戊戌,confirmed,hko+lunar,
2018,9,0,2018-10-09T11:46+08:00,2018-10-25T00:45+08:00,戊戌,confirmed,hko+lunar,
2018,10,0,2018-11-08T00:02+08:00,2018-11-23T13:39+08:00,戊戌,confirmed,hko+lunar,
2018,11,0,2018-12-07T15:20+08:00,2018-12-23T01:48+08:00,戊戌,confirmed,hko+lunar,
2019,12,0,2019-01-06T09:28+08:00,2019-01-21T13:16+08:00,戊戌,confirmed,hko+lunar,
2019,1,0,2019-02-05T05:03+08:00,2019-02-19T23:53+08:00,己亥,confirmed,hko+lunar,
2019,2,0,2019-03-07T00:03+08:00,2019-03-21T09:42+08:00,己亥,confirmed,hko+lunar,
2019,3,0,2019-04-05T16:50+08:00,2019-04-19T19:12+08:00,己亥,confirmed,hko+lunar,
2019,4,0,2019-05-05T06:45+08:00,2019-05-19T05:11+08:00,己亥,confirmed,hko+lunar,
2019,5,0,2019-06-03T18:01+08:00,2019-06-17T16:30+08:00,己亥,confirmed,hko+lunar,
2019,6,0,2019-07-03T03:16+08:00,2019-07-17T05:38+08:00,己亥,confirmed,hko+lunar,
2019,7,0,2019-08-01T11:11+08:00,2019-08-15T20:29+08:00,己亥,confirmed,hko+lunar,
2019,8,0,2019-08-30T18:37+08:00,2019-09-14T12:32+08:00,己亥,confirmed,hko+lunar,
2019,9,0,2019-09-29T02:26+08:00,2019-10-14T05:07+08:00,己亥,confirmed,hko+lunar,
2019,10,0,2019-10-28T11:38+08:00,2019-11-12T21:34+08:00,己亥,confirmed,hko+lunar,
2019,11,0,2019-11-26T23:05+08:00,2019-12-12T13:12+08:00,己亥,confirmed,hko+lunar,
2019,12,0,2019-12-26T13:13+08:00,2020-01-11T03:21+08:00,己亥,confirmed,hko+lunar,
2020,1,0,2020-01-25T05:41+08:00,2020-02-09T15:33+08:00,庚子,confirmed,hko+lunar,
2020,2,0,2020-02-23T23:32+08:00,2020-03-10T01:47+08:00,庚子,confirmed,hko+lunar,
2020,3,0,2020-03-24T17:28+08:00,2020-04-08T10:35+08:00,庚子,confirmed,hko+lunar,
2020,4,0,2020-04-23T10:25+08:00,2020-05-07T18:45+08:00,庚子,confirmed,hko+lunar,
2020,4,1,2020-05-23T01:38+08:00,2020-06-06T03:12+08:00,庚子,confirmed,hko+lunar,闰四月
2020,5,0,2020-06-21T14:41+08:00,2020-07-05T12:44+08:00,庚子,confirmed,hko+lunar,
2020,6,0,2020-07-21T01:32+08:00,2020-08-03T23:58+08:00,庚子,confirmed,hko+lunar,
2020,7,0,2020-08-19T10:41+08:00,2020-09-02T13:22+08:00,庚子,confirmed,hko+lunar,
2020,8,0,2020-09-17T19:00+08:00,2020-10-02T05:05+08:00,庚子,confirmed,hko+lunar,
2020,9,0,2020-10-17T03:31+08:00,2020-10-31T22:49+08:00,庚子,confirmed,hko+lunar,
2020,10,0,2020-11-15T13:07+08:00,2020-11-30T17:29+08:00,庚子,confirmed,hko+lunar,
2020,11,0,2020-12-15T00:16+08:00,2020-12-30T11:28+08:00,庚子,confirmed,hko+lunar,
2021,12,0,2021-01-13T13:00+08:00,2021-01-29T03:16+08:00,庚子,confirmed,hko+lunar,
2021,1,0,2021-02-12T03:05+08:00,2021-02-27T16:17+08:00,辛丑,confirmed,hko+lunar,
2021,2,0,2021-03-13T18:21+08:00,2021-03-29T02:48+08:00,辛丑,confirmed,hko+lunar,
2021,3,0,2021-04-12T10:30+08:00,2021-04-27T11:31+08:00,辛丑,confirmed,hko+lunar,
2021,4,0,2021-05-12T02:59+08:00,2021-05-26T19:13+08:00,辛丑,confirmed,hko+lunar,
2021,5,0,2021-06-10T18:52+08:00,2021-06-25T02:39+08:00,辛丑,confirmed,hko+lunar,
2021,6,0,2021-07-10T09:16+08:00,2021-07-24T10:36+08:00,辛丑,confirmed,hko+lunar,
2021,7,0,2021-08-08T21:50+08:00,2021-08-22T20:01+08:00,辛丑,confirmed,hko+lunar,
2021,8,0,2021-09-07T08:51+08:00,2021-09-21T07:54+08:00,辛丑,confirmed,hko+lunar,
2021,9,0,2021-10-06T19:05+08:00,2021-10-20T22:56+08:00,辛丑,confirmed,hko+lunar,
2021,10,0,2021-11-05T05:14+08:00,2021-11-19T16:57+08:00,辛丑,confirmed,hko+lunar,
2021,11,0,2021-12-04T15:43+08:00,2021-12-19T12:35+08:00,辛丑,confirmed,hko+lunar,
2022,12,0,2022-01-03T02:33+08:00,2022-01-18T07:48+08:00,辛丑,confirmed,hko+lunar,
2022,1,0,2022-02-01T13:46+08:00,2022-02-17T00:56+08:00,壬寅,confirmed,hko+lunar,
2022,2,0,2022-03-03T01:34+08:00,2022-03-18T15:17+08:00,壬寅,confirmed,hko+lunar,
2022,3,0,2022-04-01T14:24+08:00,2022-04-17T02:55+08:00,壬寅,confirmed,hko+lunar,
2022,4,0,2022-05-01T04:28+08:00,2022-05-16T12:14+08:00,壬寅,confirmed,hko+lunar,
2022,5,0,2022-05-30T19:30+08:00,2022-06-14T19:51+08:00,壬寅,confirmed,hko+lunar,
2022,6,0,2022-06-29T10:52+08:00,2022-07-14T02:37+08:00,壬寅,confirmed,hko+lunar,
2022,7,0,2022-07-29T01:55+08:00,2022-08-12T09:35+08:00,壬寅,confirmed,hko+lunar,
2022,8,0,2022-08-27T16:17+08:00,2022-09-10T17:59+08:00,壬寅,confirmed,hko+lunar,
2022,9,0,2022-09-26T05:54+08:00,2022-10-10T04:54+08:00,壬寅,confirmed,hko+lunar,
2022,10,0,2022-10-25T18:48+08:00,2022-11-08T19:02+08:00,壬寅,confirmed,hko+lunar,
2022,11,0,2022-11-24T06:57+08:00,2022-12-08T12:08+08:00,壬寅,confirmed,hko+lunar,
2022,12,0,2022-12-23T18:16+08:00,2023-01-07T07:07+08:00,壬寅,confirmed,hko+lunar,
2023,1,0,2023-01-22T04:53+08:00,2023-02-06T02:28+08:00,癸卯,confirmed,hko+lunar,
2023,2,0,2023-02-20T15:05+08:00,2023-03-07T20:40+08:00,癸卯,confirmed,hko+lunar,
2023,2,1,2023-03-22T01:23+08:00,2023-04-06T12:34+08:00,癸卯,confirmed,hko+lunar,闰二月
2023,3,0,2023-04-20T12:12+08:00,2023-05-06T01:34+08:00,癸卯,confirmed,hko+lunar,
2023,4,0,2023-05-19T23:53+08:00,2023-06-04T11:41+08:00,癸卯,confirmed,hko+lunar,
2023,5,0,2023-06-18T12:37+08:00,2023-07-03T19:38+08:00,癸卯,confirmed,hko+lunar,
2023,6,0,2023-07-18T02:31+08:00,2023-08-02T02:31+08:00,癸卯,confirmed,hko+lunar,
2023,7,0,2023-08-16T17:38+08:00,2023-08-31T09:35+08:00,癸卯,confirmed,hko+lunar,
2023,8,0,2023-09-15T09:39+08:00,2023-09-29T17:57+08:00,癸卯,confirmed,hko+lunar,
2023,9,0,2023-10-15T01:55+08:00,2023-10-29T04:24+08:00,癸卯,confirmed,hko+lunar,
2023,10,0,2023-11-13T17:27+08:00,2023-11-27T17:16+08:00,癸卯,confirmed,hko+lunar,
2023,11,0,2023-12-13T07:32+08:00,2023-12-27T08:33+08:00,癸卯,confirmed,hko+lunar,
2024,12,0,2024-01-11T19:57+08:00,2024-01-26T01:54+08:00,癸卯,confirmed,hko+lunar,
2024,1,0,2024-02-10T06:59+08:00,2024-02-24T20:30+08:00,甲辰,confirmed,hko+lunar,
2024,2,0,2024-03-10T17:00+08:00,2024-03-25T15:00+08:00,甲辰,confirmed,hko+lunar,
2024,3,0,2024-04-09T02:20+08:00,2024-04-24T07:48+08:00,甲辰,confirmed,hko+lunar,
2024,4,0,2024-05-08T11:21+08:00,2024-05-23T21:53+08:00,甲辰,confirmed,hko+lunar,
2024,5,0,2024-06-06T20:37+08:00,2024-06-22T09:07+08:00,甲辰,confirmed,hko+lunar,
2024,6,0,2024-07-06T06:57+08:00,2024-07-21T18:17+08:00,甲辰,confirmed,hko+lunar,
2024,7,0,2024-08-04T19:13+08:00,2024-08-20T02:25+08:00,甲辰,confirmed,hko+lunar,
2024,8,0,2024-09-03T09:55+08:00,2024-09-18T10:34+08:00,甲辰,confirmed,hko+lunar,
2024,9,0,2024-10-03T02:49+08:00,2024-10-17T19:26+08:00,甲辰,confirmed,hko+lunar,
2024,10,0,2024-11-01T20:47+08:00,2024-11-16T05:28+08:00,甲辰,confirmed,hko+lunar,
2024,11,0,2024-12-01T14:21+08:00,2024-12-15T17:01+08:00,甲辰,confirmed,hko+lunar,
2024,12,0,2024-12-31T06:26+08:00,2025-01-14T06:26+08:00,甲辰,confirmed,hko+lunar,
2025,1,0,2025-01-29T20:35+08:00,2025-02-12T21:53+08:00,乙巳,confirmed,hko+lunar,
2025,2,0,2025-02-28T08:44+08:00,2025-03-14T14:54+08:00,乙巳,confirmed,hko+lunar,
2025,3,0,2025-03-29T18:57+08:00,2025-04-13T08:22+08:00,乙巳,confirmed,hko+lunar,
2025,4,0,2025-04-28T03:31+08:00,2025-05-13T00:55+08:00,乙巳,confirmed,hko+lunar,
2025,5,0,2025-05-27T11:02+08:00,2025-06-11T15:43+08:00,乙巳,confirmed,hko+lunar,
2025,6,0,2025-06-25T18:31+08:00,2025-07-11T04:36+08:00,乙巳,confirmed,hko+lunar,
2025,6,1,2025-07-25T03:11+08:00,2025-08-09T15:55+08:00,乙巳,confirmed,hko+lunar,闰六月
2025,7,0,2025-08-23T14:06+08:00,2025-09-08T02:08+08:00,乙巳,confirmed,hko+lunar,
2025,8,0,2025-09-22T03:54+08:00,2025-10-07T11:47+08:00,乙巳,confirmed,hko+lunar,
2025,9,0,2025-10-21T20:25+08:00,2025-11-05T21:19+08:00,乙巳,confirmed,hko+lunar,
2025,10,0,2025-11-20T14:47+08:00,2025-12-05T07:14+08:00,乙巳,confirmed,hko+lunar,
2025,11,0,2025-12-20T09:43+08:00,2026-01-03T18:02+08:00,乙巳,confirmed,hko+lunar,
2026,12,0,2026-01-19T03:51+08:00,2026-02-02T06:09+08:00,乙巳,confirmed,hko+lunar,
2026,1,0,2026-02-17T20:01+08:00,2026-03-03T19:37+08:00,丙午,confirmed,hko+lunar,
2026,2,0,2026-03-19T09:23+08:00,2026-04-02T10:11+08:00,丙午,confirmed,hko+lunar,
2026,3,0,2026-04-17T19:51+08:00,2026-05-02T01:23+08:00,丙午,confirmed,hko+lunar,
2026,4,0,2026-05-17T04:01+08:00,2026-05-31T16:45+08:00,丙午,confirmed,hko+lunar,
2026,5,0,2026-06-15T10:54+08:00,2026-06-30T07:56+08:00,丙午,confirmed,hko+lunar,
2026,6,0,2026-07-14T17:43+08:00,2026-07-29T22:35+08:00,丙午,confirmed,hko+lunar,
2026,7,0,2026-08-13T01:36+08:00,2026-08-28T12:18+08:00,丙午,confirmed,hko+lunar,
2026,8,0,2026-09-11T11:26+08:00,2026-09-27T00:49+08:00,丙午,confirmed,hko+lunar,
2026,9,0,2026-10-10T23:50+08:00,2026-10-26T12:11+08:00,丙午,confirmed,hko+lunar,
2026,10,0,2026-11-09T15:02+08:00,2026-11-24T22:53+08:00,丙午,confirmed,hko+lunar,
2026,11,0,2026-12-09T08:51+08:00,2026-12-24T09:28+08:00,丙午,confirmed,hko+lunar,
2027,12,0,2027-01-08T04:24+08:00,2027-01-22T20:17+08:00,丙午,confirmed,hko+lunar,
2027,1,0,2027-02-06T23:56+08:00,2027-02-21T07:23+08:00,丁未,confirmed,hko+lunar,
2027,2,0,2027-03-08T17:29+08:00,2027-03-22T18:43+08:00,丁未,confirmed,hko+lunar,
2027,3,0,2027-04-07T07:51+08:00,2027-04-21T06:27+08:00,丁未,confirmed,hko+lunar,
2027,4,0,2027-05-06T18:58+08:00,2027-05-20T18:59+08:00,丁未,confirmed,hko+lunar,
2027,5,0,2027-06-05T03:40+08:00,2027-06-19T08:44+08:00,丁未,confirmed,hko+lunar,
2027,6,0,2027-07-04T11:02+08:00,2027-07-18T23:44+08:00,丁未,confirmed,hko+lunar,
2027,7,0,2027-08-02T18:05+08:00,2027-08-17T15:28+08:00,丁未,confirmed,hko+lunar,
2027,8,0,2027-09-01T01:41+08:00,2027-09-16T07:03+08:00,丁未,confirmed,hko+lunar,
2027,9,0,2027-09-30T10:36+08:00,2027-10-15T21:47+08:00,丁未,confirmed,hko+lunar,
2027,10,0,2027-10-29T21:36+08:00,2027-11-14T11:25+08:00,丁未,confirmed,hko+lunar,
2027,11,0,2027-11-28T11:24+08:00,2027-12-14T00:08+08:00,丁未,confirmed,hko+lunar,
2027,12,0,2027-12-28T04:12+08:00,2028-01-12T12:03+08:00,丁未,confirmed,hko+lunar,
2028,1,0,2028-01-26T23:12+08:00,2028-02-10T23:03+08:00,戊申,confirmed,hko+lunar,
2028,2,0,2028-02-25T18:37+08:00,2028-03-11T09:06+08:00,戊申,confirmed,hko+lunar,
2028,3,0,2028-03-26T12:31+08:00,2028-04-09T18:26+08:00,戊申,confirmed,hko+lunar,
2028,4,0,2028-04-25T03:46+08:00,2028-05-09T03:48+08:00,戊申,confirmed,hko+lunar,
2028,5,0,2028-05-24T16:16+08:00,2028-06-07T14:08+08:00,戊申,confirmed,hko+lunar,
2028,5,1,2028-06-23T02:27+08:00,2028-07-07T02:10+08:00,戊申,confirmed,hko+lunar,闰五月
2028,6,0,2028-07-22T11:01+08:00,2028-08-05T16:09+08:00,戊申,confirmed,hko+lunar,
2028,7,0,2028-08-20T18:43+08:00,2028-09-04T07:47+08:00,戊申,confirmed,hko+lunar,
2028,8,0,2028-09-19T02:23+08:00,2028-10-04T00:24+08:00,戊申,confirmed,hko+lunar,
2028,9,0,2028-10-18T10:56+08:00,2028-11-02T17:17+08:00,戊申,confirmed,hko+lunar,
2028,10,0,2028-11-16T21:18+08:00,2028-12-02T09:40+08:00,戊申,confirmed,hko+lunar,
2028,11,0,2028-12-16T10:06+08:00,2029-01-01T00:48+08:00,戊申,confirmed,hko+lunar,
2029,12,0,2029-01-15T01:24+08:00,2029-01-30T14:03+08:00,戊申,confirmed,hko+lunar,
2029,1,0,2029-02-13T18:31+08:00,2029-03-01T01:10+08:00,己酉,confirmed,hko+lunar,
2029,2,0,2029-03-15T12:19+08:00,2029-03-30T10:26+08:00,己酉,confirmed,hko+lunar,
2029,3,0,2029-04-14T05:40+08:00,2029-04-28T18:36+08:00,己酉,confirmed,hko+lunar,
2029,4,0,2029-05-13T21:42+08:00,2029-05-28T02:37+08:00,己酉,confirmed,hko+lunar,
2029,5,0,2029-06-12T11:50+08:00,2029-06-26T11:22+08:00,己酉,confirmed,hko+lunar,
2029,6,0,2029-07-11T23:51+08:00,2029-07-25T21:35+08:00,己酉,confirmed,hko+lunar,
2029,7,0,2029-08-10T09:55+08:00,2029-08-24T09:51+08:00,己酉,confirmed,hko+lunar,
2029,8,0,2029-09-08T18:44+08:00,2029-09-23T00:29+08:00,己酉,confirmed,hko+lunar,
2029,9,0,2029-10-08T03:14+08:00,2029-10-22T17:27+08:00,己酉,confirmed,hko+lunar,
2029,10,0,2029-11-06T12:24+08:00,2029-11-21T12:02+08:00,己酉,confirmed,hko+lunar,
2029,11,0,2029-12-05T22:52+08:00,2029-12-21T06:46+08:00,己酉,confirmed,hko+lunar,
2030,12,0,2030-01-04T10:49+08:00,2030-01-19T23:54+08:00,己酉,confirmed,hko+lunar,
2030,1,0,2030-02-03T00:07+08:00,2030-02-18T14:19+08:00,庚戌,confirmed,hko+lunar,
2030,2,0,2030-03-04T14:34+08:00,2030-03-20T01:56+08:00,庚戌,confirmed,hko+lunar,
2030,3,0,2030-04-03T06:02+08:00,2030-04-18T11:20+08:00,庚戌,confirmed,hko+lunar,
2030,4,0,2030-05-02T22:12+08:00,2030-05-17T19:19+08:00,庚戌,confirmed,hko+lunar,
2030,5,0,2030-06-01T14:21+08:00,2030-06-16T02:41+08:00,庚戌,confirmed,hko+lunar,
2030,6,0,2030-07-01T05:34+08:00,2030-07-15T10:12+08:00,庚戌,confirmed,hko+lunar,
2030,7,0,2030-07-30T19:11+08:00,2030-08-13T18:44+08:00,庚戌,confirmed,hko+lunar,
2030,8,0,2030-08-29T07:07+08:00,2030-09-12T05:17+08:00,庚戌,confirmed,hko+lunar,
2030,9,0,2030-09-27T17:54+08:00,2030-10-11T18:46+08:00,庚戌,confirmed,hko+lunar,
2030,10,0,2030-10-27T04:17+08:00,2030-11-10T11:30+08:00,庚戌,confirmed,hko+lunar,
2030,11,0,2030-11-25T14:46+08:00,2030-12-10T06:40+08:00,庚戌,confirmed,hko+lunar,
2030,12,0,2030-12-25T01:32+08:00,2031-01-09T02:25+08:00,庚戌,confirmed,hko+lunar,
2031,1,0,2031-01-23T12:31+08:00,2031-02-07T20:46+08:00,辛亥,confirmed,hko+lunar,
2031,2,0,2031-02-21T23:48+08:00,2031-03-09T12:29+08:00,辛亥,confirmed,hko+lunar,
2031,3,0,2031-03-23T11:49+08:00,2031-04-08T01:21+08:00,辛亥,confirmed,hko+lunar,
2031,3,1,2031-04-22T00:57+08:00,2031-05-07T11:39+08:00,辛亥,confirmed,hko+lunar,闰三月
2031,4,0,2031-05-21T15:17+08:00,2031-06-05T19:58+08:00,辛亥,confirmed,hko+lunar,
2031,5,0,2031-06-20T06:24+08:00,2031-07-05T03:01+08:00,辛亥,confirmed,hko+lunar,
2031,6,0,2031-07-19T21:40+08:00,2031-08-03T09:45+08:00,辛亥,confirmed,hko+lunar,
2031,7,0,2031-08-18T12:32+08:00,2031-09-01T17:20+08:00,辛亥,confirmed,hko+lunar,
2031,8,0,2031-09-17T02:46+08:00,2031-10-01T02:57+08:00,辛亥,confirmed,hko+lunar,
2031,9,0,2031-10-16T16:20+08:00,2031-10-30T15:32+08:00,辛亥,confirmed,hko+lunar,
2031,10,0,2031-11-15T05:09+08:00,2031-11-29T07:18+08:00,辛亥,confirmed,hko+lunar,
2031,11,0,2031-12-14T17:05+08:00,2031-12-29T01:33+08:00,辛亥,confirmed,hko+lunar,
2032,12,0,2032-01-13T04:06+08:00,2032-01-27T20:52+08:00,辛亥,confirmed,hko+lunar,
2032,1,0,2032-02-11T14:24+08:00,2032-02-26T15:43+08:00,壬子,confirmed,hko+lunar,
2032,2,0,2032-03-12T00:24+08:00,2032-03-27T08:46+08:00,壬子,confirmed,hko+lunar,
2032,3,0,2032-04-10T10:39+08:00,2032-04-25T23:09+08:00,壬子,confirmed,hko+lunar,
2032,4,0,2032-05-09T21:35+08:00,2032-05-25T10:37+08:00,壬子,confirmed,hko+lunar,
2032,5,0,2032-06-08T09:32+08:00,2032-06-23T19:32+08:00,壬子,confirmed,hko+lunar,
2032,6,0,2032-07-07T22:41+08:00,2032-07-23T02:51+08:00,壬子,confirmed,hko+lunar,
2032,7,0,2032-08-06T13:11+08:00,2032-08-21T09:46+08:00,壬子,confirmed,hko+lunar,
2032,8,0,2032-09-05T04:56+08:00,2032-09-19T17:30+08:00,壬子,confirmed,hko+lunar,
2032,9,0,2032-10-04T21:26+08:00,2032-10-19T02:58+08:00,壬子,confirmed,hko+lunar,
2032,10,0,2032-11-03T13:44+08:00,2032-11-17T14:42+08:00,壬子,confirmed,hko+lunar,
2032,11,0,2032-12-03T04:52+08:00,2032-12-17T04:49+08:00,壬子,confirmed,hko+lunar,
2033,12,0,2033-01-01T18:17+08:00,2033-01-15T21:07+08:00,壬子,confirmed,hko+lunar,
2033,1,0,2033-01-31T05:59+08:00,2033-02-14T15:04+08:00,癸丑,confirmed,hko+lunar,
2033,2,0,2033-03-01T16:23+08:00,2033-03-16T09:37+08:00,癸丑,confirmed,hko+lunar,
2033,3,0,2033-03-31T01:51+08:00,2033-04-15T03:17+08:00,癸丑,confirmed,hko+lunar,
2033,4,0,2033-04-29T10:46+08:00,2033-05-14T18:42+08:00,癸丑,confirmed,hko+lunar,
2033,5,0,2033-05-28T19:36+08:00,2033-06-13T07:19+08:00,癸丑,confirmed,hko+lunar,
2033,6,0,2033-06-27T05:07+08:00,2033-07-12T17:28+08:00,癸丑,confirmed,hko+lunar,
2033,7,0,2033-07-26T16:12+08:00,2033-08-11T02:07+08:00,癸丑,confirmed,hko+lunar,
2033,8,0,2033-08-25T05:39+08:00,2033-09-09T10:20+08:00,癸丑,confirmed,hko+lunar,
2033,9,0,2033-09-23T21:39+08:00,2033-10-08T18:58+08:00,癸丑,confirmed,hko+lunar,
2033,10,0,2033-10-23T15:28+08:00,2033-11-07T04:32+08:00,癸丑,confirmed,hko+lunar,
2033,11,0,2033-11-22T09:39+08:00,2033-12-06T15:22+08:00,癸丑,confirmed,hko+lunar,
2033,11,1,2033-12-22T02:46+08:00,2034-01-05T03:47+08:00,癸丑,confirmed,hko+lunar,闰十一月
2034,12,0,2034-01-20T18:01+08:00,2034-02-03T18:04+08:00,癸丑,confirmed,hko+lunar,
2034,1,0,2034-02-19T07:10+08:00,2034-03-05T10:10+08:00,甲寅,confirmed,hko+lunar,
2034,2,0,2034-03-20T18:14+08:00,2034-04-04T03:18+08:00,甲寅,confirmed,hko+lunar,
2034,3,0,2034-04-19T03:25+08:00,2034-05-03T20:15+08:00,甲寅,confirmed,hko+lunar,
2034,4,0,2034-05-18T11:12+08:00,2034-06-02T11:54+08:00,甲寅,confirmed,hko+lunar,
2034,5,0,2034-06-16T18:25+08:00,2034-07-02T01:44+08:00,甲寅,confirmed,hko+lunar,
2034,6,0,2034-07-16T02:15+08:00,2034-07-31T13:54+08:00,甲寅,confirmed,hko+lunar,
2034,7,0,2034-08-14T11:53+08:00,2034-08-30T00:49+08:00,甲寅,confirmed,hko+lunar,
2034,8,0,2034-09-13T00:13+08:00,2034-09-28T10:56+08:00,甲寅,confirmed,hko+lunar,
2034,9,0,2034-10-12T15:32+08:00,2034-10-27T20:42+08:00,甲寅,confirmed,hko+lunar,
2034,10,0,2034-11-11T09:16+08:00,2034-11-26T06:32+08:00,甲寅,confirmed,hko+lunar,
2034,11,0,2034-12-11T04:14+08:00,2034-12-25T16:54+08:00,甲寅,confirmed,hko+lunar,
2035,12,0,2035-01-09T23:03+08:00,2035-01-24T04:16+08:00,甲寅,confirmed,hko+lunar,
2035,1,0,2035-02-08T16:22+08:00,2035-02-22T16:53+08:00,乙卯,confirmed,hko+lunar,
2035,2,0,2035-03-10T07:09+08:00,2035-03-24T06:42+08:00,乙卯,confirmed,hko+lunar,
2035,3,0,2035-04-08T18:57+08:00,2035-04-22T21:20+08:00,乙卯,confirmed,hko+lunar,
2035,4,0,2035-05-08T04:03+08:00,2035-05-22T12:25+08:00,乙卯,confirmed,hko+lunar,
2035,5,0,2035-06-06T11:20+08:00,2035-06-21T03:37+08:00,乙卯,confirmed,hko+lunar,
2035,6,0,2035-07-05T17:59+08:00,2035-07-20T18:36+08:00,乙卯,confirmed,hko+lunar,
2035,7,0,2035-08-04T01:11+08:00,2035-08-19T09:00+08:00,乙卯,confirmed,hko+lunar,
2035,8,0,2035-09-02T09:59+08:00,2035-09-17T22:23+08:00,乙卯,confirmed,hko+lunar,
2035,9,0,2035-10-01T21:06+08:00,2035-10-17T10:35+08:00,乙卯,confirmed,hko+lunar,
2035,10,0,2035-10-31T10:58+08:00,2035-11-15T21:48+08:00,乙卯,confirmed,hko+lunar,
2035,11,0,2035-11-30T03:37+08:00,2035-12-15T08:33+08:00,乙卯,confirmed,hko+lunar,
2035,12,0,2035-12-29T22:30+08:00,2036-01-13T19:16+08:00,乙卯,confirmed,hko+lunar,
2036,1,0,2036-01-28T18:17+08:00,2036-02-12T06:08+08:00,丙辰,confirmed,hko+lunar,
2036,2,0,2036-02-27T12:59+08:00,2036-03-12T17:09+08:00,丙辰,confirmed,hko+lunar,
2036,3,0,2036-03-28T04:56+08:00,2036-04-11T04:22+08:00,丙辰,confirmed,hko+lunar,
2036,4,0,2036-04-26T17:33+08:00,2036-05-10T16:09+08:00,丙辰,confirmed,hko+lunar,
2036,5,0,2036-05-26T03:17+08:00,2036-06-09T05:02+08:00,丙辰,confirmed,hko+lunar,
2036,6,0,2036-06-24T11:09+08:00,2036-07-08T19:19+08:00,丙辰,confirmed,hko+lunar,
2036,6,1,2036-07-23T18:17+08:00,2036-08-07T10:48+08:00,丙辰,confirmed,hko+lunar,闰六月
2036,7,0,2036-08-22T01:35+08:00,2036-09-06T02:45+08:00,丙辰,confirmed,hko+lunar,
2036,8,0,2036-09-20T09:51+08:00,2036-10-05T18:15+08:00,丙辰,confirmed,hko+lunar,
2036,9,0,2036-10-19T19:50+08:00,2036-11-04T08:44+08:00,丙辰,confirmed,hko+lunar,
2036,10,0,2036-11-18T08:14+08:00,2036-12-03T22:08+08:00,丙辰,confirmed,hko+lunar,
2036,11,0,2036-12-17T23:34+08:00,2037-01-02T10:35+08:00,丙辰,confirmed,hko+lunar,
2037,12,0,2037-01-16T17:34+08:00,2037-01-31T22:04+08:00,丙辰,confirmed,hko+lunar,
2037,1,0,2037-02-15T12:54+08:00,2037-03-02T08:28+08:00,丁巳,confirmed,hko+lunar,
2037,2,0,2037-03-17T07:36+08:00,2037-03-31T17:53+08:00,丁巳,confirmed,hko+lunar,
2037,3,0,2037-04-16T00:07+08:00,2037-04-30T02:53+08:00,丁巳,confirmed,hko+lunar,
2037,4,0,2037-05-15T13:54+08:00,2037-05-29T12:24+08:00,丁巳,confirmed,hko+lunar,
2037,5,0,2037-06-14T01:10+08:00,2037-06-27T23:19+08:00,丁巳,confirmed,hko+lunar,
2037,6,0,2037-07-13T10:31+08:00,2037-07-27T12:15+08:00,丁巳,confirmed,hko+lunar,
2037,7,0,2037-08-11T18:41+08:00,2037-08-26T03:09+08:00,丁巳,confirmed,hko+lunar,
2037,8,0,2037-09-10T02:25+08:00,2037-09-24T19:31+08:00,丁巳,confirmed,hko+lunar,
2037,9,0,2037-10-09T10:34+08:00,2037-10-24T12:36+08:00,丁巳,confirmed,hko+lunar,
2037,10,0,2037-11-07T20:03+08:00,2037-11-23T05:35+08:00,丁巳,confirmed,hko+lunar,
2037,11,0,2037-12-07T07:38+08:00,2037-12-22T21:38+08:00,丁巳,confirmed,hko+lunar,
2038,12,0,2038-01-05T21:41+08:00,2038-01-21T12:00+08:00,丁巳,confirmed,hko+lunar,
2038,1,0,2038-02-04T13:52+08:00,2038-02-20T00:09+08:00,戊午,confirmed,hko+lunar,
2038,2,0,2038-03-06T07:15+08:00,2038-03-21T10:09+08:00,戊午,confirmed,hko+lunar,
2038,3,0,2038-04-05T00:43+08:00,2038-04-19T18:36+08:00,戊午,confirmed,hko+lunar,
2038,4,0,2038-05-04T17:19+08:00,2038-05-19T02:23+08:00,戊午,confirmed,hko+lunar,
2038,5,0,2038-06-03T08:24+08:00,2038-06-17T10:30+08:00,戊午,confirmed,hko+lunar,
2038,6,0,2038-07-02T21:32+08:00,2038-07-16T19:48+08:00,戊午,confirmed,hko+lunar,
2038,7,0,2038-08-01T08:40+08:00,2038-08-15T06:56+08:00,戊午,confirmed,hko+lunar,
2038,8,0,2038-08-30T18:12+08:00,2038-09-13T20:24+08:00,戊午,confirmed,hko+lunar,
2038,9,0,2038-09-29T02:57+08:00,2038-10-13T12:21+08:00,戊午,confirmed,hko+lunar,
2038,10,0,2038-10-28T11:52+08:00,2038-11-12T06:27+08:00,戊午,confirmed,hko+lunar,
2038,11,0,2038-11-26T21:46+08:00,2038-12-12T01:30+08:00,戊午,confirmed,hko+lunar,
2038,12,0,2038-12-26T09:02+08:00,2039-01-10T19:45+08:00,戊午,confirmed,hko+lunar,
2039,1,0,2039-01-24T21:36+08:00,2039-02-09T11:39+08:00,己未,confirmed,hko+lunar,
2039,2,0,2039-02-23T11:17+08:00,2039-03-11T00:35+08:00,己未,confirmed,hko+lunar,
2039,3,0,2039-03-25T01:59+08:00,2039-04-09T10:52+08:00,己未,confirmed,hko+lunar,
2039,4,0,2039-04-23T17:34+08:00,2039-05-08T19:20+08:00,己未,confirmed,hko+lunar,
2039,5,0,2039-05-23T09:38+08:00,2039-06-07T02:47+08:00,己未,confirmed,hko+lunar,
2039,5,1,2039-06-22T01:21+08:00,2039-07-06T10:03+08:00,己未,confirmed,hko+lunar,闰五月
2039,6,0,2039-07-21T15:54+08:00,2039-08-04T17:56+08:00,己未,confirmed,hko+lunar,
2039,7,0,2039-08-20T04:50+08:00,2039-09-03T03:23+08:00,己未,confirmed,hko+lunar,
2039,8,0,2039-09-18T16:23+08:00,2039-10-02T15:23+08:00,己未,confirmed,hko+lunar,
2039,9,0,2039-10-18T03:09+08:00,2039-11-01T06:36+08:00,己未,confirmed,hko+lunar,
2039,10,0,2039-11-16T13:46+08:00,2039-12-01T00:49+08:00,己未,confirmed,hko+lunar,
2039,11,0,2039-12-16T00:32+08:00,2039-12-30T20:37+08:00,己未,confirmed,hko+lunar,
2040,12,0,2040-01-14T11:25+08:00,2040-01-29T15:54+08:00,己未,confirmed,hko+lunar,
2040,1,0,2040-02-12T22:24+08:00,2040-02-28T08:59+08:00,庚申,confirmed,hko+lunar,
2040,2,0,2040-03-13T09:46+08:00,2040-03-28T23:11+08:00,庚申,confirmed,hko+lunar,
2040,3,0,2040-04-11T22:00+08:00,2040-04-27T10:37+08:00,庚申,confirmed,hko+lunar,
2040,4,0,2040-05-11T11:27+08:00,2040-05-26T19:47+08:00,庚申,confirmed,hko+lunar,
2040,5,0,2040-06-10T02:03+08:00,2040-06-25T03:19+08:00,庚申,confirmed,hko+lunar,
2040,6,0,2040-07-09T17:14+08:00,2040-07-24T10:05+08:00,庚申,confirmed,hko+lunar,
2040,7,0,2040-08-08T08:26+08:00,2040-08-22T17:09+08:00,庚申,confirmed,hko+lunar,
2040,8,0,2040-09-06T23:13+08:00,2040-09-21T01:42+08:00,庚申,confirmed,hko+lunar,
2040,9,0,2040-10-06T13:25+08:00,2040-10-20T12:49+08:00,庚申,confirmed,hko+lunar,
2040,10,0,2040-11-05T02:56+08:00,2040-11-19T03:06+08:00,庚申,confirmed,hko+lunar,
2040,11,0,2040-12-04T15:33+08:00,2040-12-18T20:15+08:00,庚申,confirmed,hko+lunar,
2041,12,0,2041-01-03T03:07+08:00,2041-01-17T15:11+08:00,庚申,confirmed,hko+lunar,
2041,1,0,2041-02-01T13:42+08:00,2041-02-16T10:21+08:00,辛酉,confirmed,hko+lunar,
2041,2,0,2041-03-02T23:39+08:00,2041-03-18T04:19+08:00,辛酉,confirmed,hko+lunar,
2041,3,0,2041-04-01T09:29+08:00,2041-04-16T20:00+08:00,辛酉,confirmed,hko+lunar,
2041,4,0,2041-04-30T19:46+08:00,2041-05-16T08:52+08:00,辛酉,confirmed,hko+lunar,
2041,5,0,2041-05-30T06:56+08:00,2041-06-14T18:58+08:00,辛酉,confirmed,hko+lunar,
2041,6,0,2041-06-28T19:16+08:00,2041-07-14T03:00+08:00,辛酉,confirmed,hko+lunar,
2041,7,0,2041-07-28T09:02+08:00,2041-08-12T10:04+08:00,辛酉,confirmed,hko+lunar,
2041,8,0,2041-08-27T00:16+08:00,2041-09-10T17:23+08:00,辛酉,confirmed,hko+lunar,
2041,9,0,2041-09-25T16:41+08:00,2041-10-10T02:02+08:00,辛酉,confirmed,hko+lunar,
2041,10,0,2041-10-25T09:30+08:00,2041-11-08T12:43+08:00,辛酉,confirmed,hko+lunar,
2041,11,0,2041-11-24T01:36+08:00,2041-12-08T01:42+08:00,辛酉,confirmed,hko+lunar,
2041,12,0,2041-12-23T16:06+08:00,2042-01-06T16:53+08:00,辛酉,confirmed,hko+lunar,
2042,1,0,2042-01-22T04:42+08:00,2042-02-05T09:57+08:00,壬戌,confirmed,hko+lunar,
2042,2,0,2042-02-20T15:38+08:00,2042-03-07T04:10+08:00,壬戌,confirmed,hko+lunar,
2042,2,1,2042-03-22T01:23+08:00,2042-04-05T22:15+08:00,壬戌,confirmed,hko+lunar,闰二月
2042,3,0,2042-04-20T10:19+08:00,2042-05-05T14:48+08:00,壬戌,confirmed,hko+lunar,
2042,4,0,2042-05-19T18:54+08:00,2042-06-04T04:48+08:00,壬戌,confirmed,hko+lunar,
2042,5,0,2042-06-18T03:48+08:00,2042-07-03T16:09+08:00,壬戌,confirmed,hko+lunar,
2042,6,0,2042-07-17T13:51+08:00,2042-08-02T01:33+08:00,壬戌,confirmed,hko+lunar,
2042,7,0,2042-08-16T02:01+08:00,2042-08-31T10:02+08:00,壬戌,confirmed,hko+lunar,
2042,8,0,2042-09-14T16:50+08:00,2042-09-29T18:34+08:00,壬戌,confirmed,hko+lunar,
2042,9,0,2042-10-14T10:03+08:00,2042-10-29T03:48+08:00,壬戌,confirmed,hko+lunar,
2042,10,0,2042-11-13T04:28+08:00,2042-11-27T14:06+08:00,壬戌,confirmed,hko+lunar,
2042,11,0,2042-12-12T22:29+08:00,2042-12-27T01:42+08:00,壬戌,confirmed,hko+lunar,
2043,12,0,2043-01-11T14:53+08:00,2043-01-25T14:56+08:00,壬戌,confirmed,hko+lunar,
2043,1,0,2043-02-10T05:07+08:00,2043-02-24T05:58+08:00,癸亥,confirmed,hko+lunar,
2043,2,0,2043-03-11T17:09+08:00,2043-03-25T22:26+08:00,癸亥,confirmed,hko+lunar,
2043,3,0,2043-04-10T03:06+08:00,2043-04-24T15:23+08:00,癸亥,confirmed,hko+lunar,
2043,4,0,2043-05-09T11:21+08:00,2043-05-24T07:37+08:00,癸亥,confirmed,hko+lunar,
2043,5,0,2043-06-07T18:35+08:00,2043-06-22T22:20+08:00,癸亥,confirmed,hko+lunar,
2043,6,0,2043-07-07T01:51+08:00,2043-07-22T11:24+08:00,癸亥,confirmed,hko+lunar,
2043,7,0,2043-08-05T10:22+08:00,2043-08-20T23:04+08:00,癸亥,confirmed,hko+lunar,
2043,8,0,2043-09-03T21:17+08:00,2043-09-19T09:47+08:00,癸亥,confirmed,hko+lunar,
2043,9,0,2043-10-03T11:12+08:00,2043-10-18T19:55+08:00,癸亥,confirmed,hko+lunar,
2043,10,0,2043-11-02T03:57+08:00,2043-11-17T05:52+08:00,癸亥,confirmed,hko+lunar,
2043,11,0,2043-12-01T22:37+08:00,2043-12-16T16:02+08:00,癸亥,confirmed,hko+lunar,
2043,12,0,2043-12-31T17:48+08:00,2044-01-15T02:51+08:00,癸亥,confirmed,hko+lunar,
2044,1,0,2044-01-30T12:04+08:00,2044-02-13T14:41+08:00,甲子,confirmed,hko+lunar,
2044,2,0,2044-02-29T04:12+08:00,2044-03-14T03:41+08:00,甲子,confirmed,hko+lunar,
2044,3,0,2044-03-29T17:26+08:00,2044-04-12T17:39+08:00,甲子,confirmed,hko+lunar,
2044,4,0,2044-04-28T03:42+08:00,2044-05-12T08:16+08:00,甲子,confirmed,hko+lunar,
2044,5,0,2044-05-27T11:39+08:00,2044-06-10T23:16+08:00,甲子,confirmed,hko+lunar,
2044,6,0,2044-06-25T18:24+08:00,2044-07-10T14:22+08:00,甲子,confirmed,hko+lunar,
2044,7,0,2044-07-25T01:10+08:00,2044-08-09T05:13+08:00,甲子,confirmed,hko+lunar,
2044,7,1,2044-08-23T09:06+08:00,2044-09-07T19:24+08:00,甲子,confirmed,hko+lunar,闰七月
2044,8,0,2044-09-21T19:03+08:00,2044-10-07T08:30+08:00,甲子,confirmed,hko+lunar,
2044,9,0,2044-10-21T07:36+08:00,2044-11-05T20:26+08:00,甲子,confirmed,hko+lunar,
2044,10,0,2044-11-19T22:57+08:00,2044-12-05T07:33+08:00,甲子,confirmed,hko+lunar,
2044,11,0,2044-12-19T16:53+08:00,2045-01-03T18:20+08:00,甲子,confirmed,hko+lunar,
2045,12,0,2045-01-18T12:25+08:00,2045-02-02T05:05+08:00,甲子,confirmed,hko+lunar,
2045,1,0,2045-02-17T07:51+08:00,2045-03-03T15:52+08:00,乙丑,confirmed,hko+lunar,
2045,2,0,2045-03-19T01:14+08:00,2045-04-02T02:43+08:00,乙丑,confirmed,hko+lunar,
2045,3,0,2045-04-17T15:26+08:00,2045-05-01T13:52+08:00,乙丑,confirmed,hko+lunar,
2045,4,0,2045-05-17T02:26+08:00,2045-05-31T01:52+08:00,乙丑,confirmed,hko+lunar,
2045,5,0,2045-06-15T11:04+08:00,2045-06-29T15:15+08:00,乙丑,confirmed,hko+lunar,
2045,6,0,2045-07-14T18:28+08:00,2045-07-29T06:10+08:00,乙丑,confirmed,hko+lunar,
2045,7,0,2045-08-13T01:39+08:00,2045-08-27T22:07+08:00,乙丑,confirmed,hko+lunar,
2045,8,0,2045-09-11T09:27+08:00,2045-09-26T14:11+08:00,乙丑,confirmed,hko+lunar,
2045,9,0,2045-10-10T18:36+08:00,2045-10-26T05:31+08:00,乙丑,confirmed,hko+lunar,
2045,10,0,2045-11-09T05:49+08:00,2045-11-24T19:43+08:00,乙丑,confirmed,hko+lunar,
2045,11,0,2045-12-08T19:41+08:00,2045-12-24T08:49+08:00,乙丑,confirmed,hko+lunar,
2046,12,0,2046-01-07T12:24+08:00,2046-01-22T20:51+08:00,乙丑,confirmed,hko+lunar,
2046,1,0,2046-02-06T07:09+08:00,2046-02-21T07:44+08:00,丙寅,confirmed,hko+lunar,
2046,2,0,2046-03-08T02:15+08:00,2046-03-22T17:27+08:00,丙寅,confirmed,hko+lunar,
2046,3,0,2046-04-06T19:51+08:00,2046-04-21T02:21+08:00,丙寅,confirmed,hko+lunar,
2046,4,0,2046-05-06T10:56+08:00,2046-05-20T11:15+08:00,丙寅,confirmed,hko+lunar,
2046,5,0,2046-06-04T23:22+08:00,2046-06-18T21:10+08:00,丙寅,confirmed,hko+lunar,
2046,6,0,2046-07-04T09:38+08:00,2046-07-18T08:55+08:00,丙寅,confirmed,hko+lunar,
2046,7,0,2046-08-02T18:25+08:00,2046-08-16T22:50+08:00,丙寅,confirmed,hko+lunar,
2046,8,0,2046-09-01T02:25+08:00,2046-09-15T14:39+08:00,丙寅,confirmed,hko+lunar,
2046,9,0,2046-09-30T10:25+08:00,2046-10-15T07:41+08:00,丙寅,confirmed,hko+lunar,
2046,10,0,2046-10-29T19:17+08:00,2046-11-14T01:04+08:00,丙寅,confirmed,hko+lunar,
2046,11,0,2046-11-28T05:50+08:00,2046-12-13T17:55+08:00,丙寅,confirmed,hko+lunar,
2046,12,0,2046-12-27T18:38+08:00,2047-01-12T09:21+08:00,丙寅,confirmed,hko+lunar,
2047,1,0,2047-01-26T09:43+08:00,2047-02-10T22:39+08:00,丁卯,confirmed,hko+lunar,
2047,2,0,2047-02-25T02:25+08:00,2047-03-12T09:37+08:00,丁卯,confirmed,hko+lunar,
2047,3,0,2047-03-26T19:44+08:00,2047-04-10T18:35+08:00,丁卯,confirmed,hko+lunar,
2047,4,0,2047-04-25T12:39+08:00,2047-05-10T02:24+08:00,丁卯,confirmed,hko+lunar,
2047,5,0,2047-05-25T04:27+08:00,2047-06-08T10:04+08:00,丁卯,confirmed,hko+lunar,
2047,5,1,2047-06-23T18:35+08:00,2047-07-07T18:33+08:00,丁卯,confirmed,hko+lunar,闰五月
2047,6,0,2047-07-23T06:49+08:00,2047-08-06T04:38+08:00,丁卯,confirmed,hko+lunar,
2047,7,0,2047-08-21T17:16+08:00,2047-09-04T16:54+08:00,丁卯,confirmed,hko+lunar,
2047,8,0,2047-09-20T02:31+08:00,2047-10-04T07:42+08:00,丁卯,confirmed,hko+lunar,
2047,9,0,2047-10-19T11:28+08:00,2047-11-03T00:58+08:00,丁卯,confirmed,hko+lunar,
2047,10,0,2047-11-17T20:59+08:00,2047-12-02T19:55+08:00,丁卯,confirmed,hko+lunar,
2047,11,0,2047-12-17T07:38+08:00,2048-01-01T14:57+08:00,丁卯,confirmed,hko+lunar,
2048,12,0,2048-01-15T19:32+08:00,2048-01-31T08:14+08:00,丁卯,confirmed,hko+lunar,
2048,1,0,2048-02-14T08:31+08:00,2048-02-29T22:38+08:00,戊辰,confirmed,hko+lunar,
2048,2,0,2048-03-14T22:27+08:00,2048-03-30T10:04+08:00,戊辰,confirmed,hko+lunar,
2048,3,0,2048-04-13T13:19+08:00,2048-04-28T19:13+08:00,戊辰,confirmed,hko+lunar,
2048,4,0,2048-05-13T04:58+08:00,2048-05-28T02:57+08:00,戊辰,confirmed,hko+lunar,
2048,5,0,2048-06-11T20:50+08:00,2048-06-26T10:08+08:00,戊辰,confirmed,hko+lunar,
2048,6,0,2048-07-11T12:04+08:00,2048-07-25T17:34+08:00,戊辰,confirmed,hko+lunar,
2048,7,0,2048-08-10T01:59+08:00,2048-08-24T02:07+08:00,戊辰,confirmed,hko+lunar,
2048,8,0,2048-09-08T14:24+08:00,2048-09-22T12:46+08:00,戊辰,confirmed,hko+lunar,
2048,9,0,2048-10-08T01:45+08:00,2048-10-22T02:25+08:00,戊辰,confirmed,hko+lunar,
2048,10,0,2048-11-06T12:38+08:00,2048-11-20T19:19+08:00,戊辰,confirmed,hko+lunar,
2048,11,0,2048-12-05T23:30+08:00,2048-12-20T14:39+08:00,戊辰,confirmed,hko+lunar,
2049,12,0,2049-01-04T10:24+08:00,2049-01-19T10:29+08:00,戊辰,confirmed,hko+lunar,
2049,1,0,2049-02-02T21:15+08:00,2049-02-18T04:47+08:00,己巳,confirmed,hko+lunar,
2049,2,0,2049-03-04T08:11+08:00,2049-03-19T20:23+08:00,己巳,confirmed,hko+lunar,
2049,3,0,2049-04-02T19:39+08:00,2049-04-18T09:04+08:00,己巳,confirmed,hko+lunar,
2049,4,0,2049-05-02T08:11+08:00,2049-05-17T19:13+08:00,己巳,confirmed,hko+lunar,
2049,5,0,2049-05-31T22:00+08:00,2049-06-16T03:26+08:00,己巳,confirmed,hko+lunar,
2049,6,0,2049-06-30T12:50+08:00,2049-07-15T10:29+08:00,己巳,confirmed,hko+lunar,
2049,7,0,2049-07-30T04:07+08:00,2049-08-13T17:19+08:00,己巳,confirmed,hko+lunar,
2049,8,0,2049-08-28T19:18+08:00,2049-09-12T01:04+08:00,己巳,confirmed,hko+lunar,
2049,9,0,2049-09-27T10:05+08:00,2049-10-11T10:53+08:00,己巳,confirmed,hko+lunar,
2049,10,0,2049-10-27T00:15+08:00,2049-11-09T23:38+08:00,己巳,confirmed,hko+lunar,
2049,11,0,2049-11-25T13:35+08:00,2049-12-09T15:28+08:00,己巳,confirmed,hko+lunar,
2049,12,0,2049-12-25T01:51+08:00,2050-01-08T09:39+08:00,己巳,confirmed,hko+lunar,
2050,1,0,2050-01-23T12:57+08:00,2050-02-07T04:47+08:00,庚午,confirmed,hko+lunar,
2050,2,0,2050-02-21T23:03+08:00,2050-03-08T23:23+08:00,庚午,confirmed,hko+lunar,
2050,3,0,2050-03-23T08:41+08:00,2050-04-07T16:12+08:00,庚午,confirmed,hko+lunar,
2050,3,1,2050-04-21T18:25+08:00,2050-05-07T06:26+08:00,庚午,confirmed,hko+lunar,闰三月
2050,4,0,2050-05-21T04:51+08:00,2050-06-05T17:51+08:00,庚午,confirmed,hko+lunar,
2050,5,0,2050-06-19T16:21+08:00,2050-07-05T02:51+08:00,庚午,confirmed,hko+lunar,
2050,6,0,2050-07-19T05:16+08:00,2050-08-03T10:20+08:00,庚午,confirmed,hko+lunar,
2050,7,0,2050-08-17T19:47+08:00,2050-09-01T17:30+08:00,庚午,confirmed,hko+lunar,
2050,8,0,2050-09-16T11:49+08:00,2050-10-01T01:31+08:00,庚午,confirmed,hko+lunar,
2050,9,0,2050-10-16T04:48+08:00,2050-10-30T11:16+08:00,庚午,confirmed,hko+lunar,
2050,10,0,2050-11-14T21:41+08:00,2050-11-28T23:09+08:00,庚午,confirmed,hko+lunar,
2050,11,0,2050-12-14T13:18+08:00,2050-12-28T13:15+08:00,庚午,confirmed,hko+lunar,
2051,12,0,2051-01-13T02:58+08:00,2051-01-27T05:19+08:00,庚午,confirmed,hko+lunar,
2051,1,0,2051-02-11T14:41+08:00,2051-02-25T22:53+08:00,辛未,confirmed,hko+lunar,
2051,2,0,2051-03-13T00:52+08:00,2051-03-27T17:00+08:00,辛未,confirmed,hko+lunar,
2051,3,0,2051-04-11T09:59+08:00,2051-04-26T10:19+08:00,辛未,confirmed,hko+lunar,
2051,4,0,2051-05-10T18:29+08:00,2051-05-26T01:35+08:00,辛未,confirmed,hko+lunar,
2051,5,0,2051-06-09T02:56+08:00,2051-06-24T14:14+08:00,辛未,confirmed,hko+lunar,
2051,6,0,2051-07-08T12:09+08:00,2051-07-24T00:36+08:00,辛未,confirmed,hko+lunar,
2051,7,0,2051-08-06T23:05+08:00,2051-08-22T09:35+08:00,辛未,confirmed,hko+lunar,
2051,8,0,2051-09-05T12:33+08:00,2051-09-20T18:11+08:00,辛未,confirmed,hko+lunar,
2051,9,0,2051-10-05T04:46+08:00,2051-10-20T03:13+08:00,辛未,confirmed,hko+lunar,
2051,10,0,2051-11-03T22:59+08:00,2051-11-18T13:06+08:00,辛未,confirmed,hko+lunar,
2051,11,0,2051-12-03T17:37+08:00,2051-12-18T00:05+08:00,辛未,confirmed,hko+lunar,
2052,12,0,2052-01-02T11:05+08:00,2052-01-16T12:24+08:00,辛未,confirmed,hko+lunar,
2052,1,0,2052-02-01T02:30+08:00,2052-02-15T02:21+08:00,壬申,confirmed,hko+lunar,
2052,2,0,2052-03-01T15:36+08:00,2052-03-15T17:54+08:00,壬申,confirmed,hko+lunar,
2052,3,0,2052-03-31T02:27+08:00,2052-04-14T10:29+08:00,壬申,confirmed,hko+lunar,
2052,4,0,2052-04-29T11:21+08:00,2052-05-14T03:00+08:00,壬申,confirmed,hko+lunar,
2052,5,0,2052-05-28T18:50+08:00,2052-06-12T18:27+08:00,壬申,confirmed,hko+lunar,
2052,6,0,2052-06-27T01:50+08:00,2052-07-12T08:23+08:00,壬申,confirmed,hko+lunar,
2052,7,0,2052-07-26T09:31+08:00,2052-08-10T20:52+08:00,壬申,confirmed,hko+lunar,
2052,8,0,2052-08-24T19:07+08:00,2052-09-09T08:15+08:00,壬申,confirmed,hko+lunar,
2052,8,1,2052-09-23T07:32+08:00,2052-10-08T18:54+08:00,壬申,confirmed,hko+lunar,闰八月
2052,9,0,2052-10-22T23:03+08:00,2052-11-07T05:09+08:00,壬申,confirmed,hko+lunar,
2052,10,0,2052-11-21T17:02+08:00,2052-12-06T15:18+08:00,壬申,confirmed,hko+lunar,
2052,11,0,2052-12-21T12:15+08:00,2053-01-05T01:46+08:00,壬申,confirmed,hko+lunar,
2053,12,0,2053-01-20T07:12+08:00,2053-02-03T12:57+08:00,壬申,confirmed,hko+lunar,
2053,1,0,2053-02-19T00:31+08:00,2053-03-05T01:09+08:00,癸酉,confirmed,hko+lunar,
2053,2,0,2053-03-20T15:11+08:00,2053-04-03T14:22+08:00,癸酉,confirmed,hko+lunar,
2053,3,0,2053-04-19T02:48+08:00,2053-05-03T04:25+08:00,癸酉,confirmed,hko+lunar,
2053,4,0,2053-05-18T11:43+08:00,2053-06-01T19:02+08:00,癸酉,confirmed,hko+lunar,
2053,5,0,2053-06-16T18:51+08:00,2053-07-01T10:01+08:00,癸酉,confirmed,hko+lunar,
2053,6,0,2053-07-16T01:26+08:00,2053-07-31T01:06+08:00,癸酉,confirmed,hko+lunar,
2053,7,0,2053-08-14T08:41+08:00,2053-08-29T15:53+08:00,癸酉,confirmed,hko+lunar,
2053,8,0,2053-09-12T17:36+08:00,2053-09-28T05:50+08:00,癸酉,confirmed,hko+lunar,
2053,9,0,2053-10-12T04:53+08:00,2053-10-27T18:38+08:00,癸酉,confirmed,hko+lunar,
2053,10,0,2053-11-10T18:55+08:00,2053-11-26T06:21+08:00,癸酉,confirmed,hko+lunar,
2053,11,0,2053-12-10T11:40+08:00,2053-12-25T17:23+08:00,癸酉,confirmed,hko+lunar,
2054,12,0,2054-01-09T06:34+08:00,2054-01-24T04:08+08:00,癸酉,confirmed,hko+lunar,
2054,1,0,2054-02-08T02:14+08:00,2054-02-22T14:46+08:00,甲戌,confirmed,hko+lunar,
2054,2,0,2054-03-09T20:45+08:00,2054-03-24T01:21+08:00,甲戌,confirmed,hko+lunar,
2054,3,0,2054-04-08T12:32+08:00,2054-04-22T12:02+08:00,甲戌,confirmed,hko+lunar,
2054,4,0,2054-05-08T01:01+08:00,2054-05-21T23:16+08:00,甲戌,confirmed,hko+lunar,
2054,5,0,2054-06-06T10:40+08:00,2054-06-20T11:43+08:00,甲戌,confirmed,hko+lunar,
2054,6,0,2054-07-05T18:34+08:00,2054-07-20T01:47+08:00,甲戌,confirmed,hko+lunar,
2054,7,0,2054-08-04T01:48+08:00,2054-08-18T17:21+08:00,甲戌,confirmed,hko+lunar,
2054,8,0,2054-09-02T09:18+08:00,2054-09-17T09:41+08:00,甲戌,confirmed,hko+lunar,
2054,9,0,2054-10-01T17:49+08:00,2054-10-17T01:44+08:00,甲戌,confirmed,hko+lunar,
2054,10,0,2054-10-31T04:01+08:00,2054-11-15T16:49+08:00,甲戌,confirmed,hko+lunar,
2054,11,0,2054-11-29T16:34+08:00,2054-12-15T06:41+08:00,甲戌,confirmed,hko+lunar,
2054,12,0,2054-12-29T07:52+08:00,2055-01-13T19:21+08:00,甲戌,confirmed,hko+lunar,
2055,1,0,2055-01-28T01:39+08:00,2055-02-12T06:48+08:00,乙亥,confirmed,hko+lunar,
2055,2,0,2055-02-26T20:39+08:00,2055-03-13T16:57+08:00,乙亥,confirmed,hko+lunar,
2055,3,0,2055-03-28T15:01+08:00,2055-04-12T01:58+08:00,乙亥,confirmed,hko+lunar,
2055,4,0,2055-04-27T07:17+08:00,2055-05-11T10:32+08:00,乙亥,confirmed,hko+lunar,
2055,5,0,2055-05-26T20:57+08:00,2055-06-09T19:36+08:00,乙亥,confirmed,hko+lunar,
2055,6,0,2055-06-25T08:16+08:00,2055-07-09T06:11+08:00,乙亥,confirmed,hko+lunar,
2055,6,1,2055-07-24T17:48+08:00,2055-08-07T18:57+08:00,乙亥,confirmed,hko+lunar,闰六月
2055,7,0,2055-08-23T02:15+08:00,2055-09-06T09:56+08:00,乙亥,confirmed,hko+lunar,
2055,8,0,2055-09-21T10:20+08:00,2055-10-06T02:38+08:00,乙亥,confirmed,hko+lunar,
2055,9,0,2055-10-20T18:49+08:00,2055-11-04T20:11+08:00,乙亥,confirmed,hko+lunar,
2055,10,0,2055-11-19T04:34+08:00,2055-12-04T13:40+08:00,乙亥,confirmed,hko+lunar,
2055,11,0,2055-12-18T16:15+08:00,2056-01-03T06:06+08:00,乙亥,confirmed,hko+lunar,
2056,12,0,2056-01-17T06:10+08:00,2056-02-01T20:36+08:00,乙亥,confirmed,hko+lunar,
2056,1,0,2056-02-15T22:00+08:00,2056-03-02T08:40+08:00,丙子,confirmed,hko+lunar,
2056,2,0,2056-03-16T14:52+08:00,2056-03-31T18:25+08:00,丙子,confirmed,hko+lunar,
2056,3,0,2056-04-15T07:50+08:00,2056-04-30T02:31+08:00,丙子,confirmed,hko+lunar,
2056,4,0,2056-05-15T00:06+08:00,2056-05-29T09:58+08:00,丙子,confirmed,hko+lunar,
2056,5,0,2056-06-13T15:04+08:00,2056-06-27T17:48+08:00,丙子,confirmed,hko+lunar,
2056,6,0,2056-07-13T04:20+08:00,2056-07-27T02:54+08:00,丙子,confirmed,hko+lunar,
2056,7,0,2056-08-11T15:48+08:00,2056-08-25T14:00+08:00,丙子,confirmed,hko+lunar,
2056,8,0,2056-09-10T01:47+08:00,2056-09-24T03:34+08:00,丙子,confirmed,hko+lunar,
2056,9,0,2056-10-09T11:00+08:00,2056-10-23T19:46+08:00,丙子,confirmed,hko+lunar,
2056,10,0,2056-11-07T20:21+08:00,2056-11-22T14:11+08:00,丙子,confirmed,hko+lunar,
2056,11,0,2056-12-07T06:31+08:00,2056-12-22T09:34+08:00,丙子,confirmed,hko+lunar,
2057,12,0,2057-01-05T17:49+08:00,2057-01-21T04:01+08:00,丙子,confirmed,hko+lunar,
2057,1,0,2057-02-04T06:10+08:00,2057-02-19T19:57+08:00,丁丑,confirmed,hko+lunar,
2057,2,0,2057-03-05T19:25+08:00,2057-03-21T08:45+08:00,丁丑,confirmed,hko+lunar,
2057,3,0,2057-04-04T09:31+08:00,2057-04-19T18:49+08:00,丁丑,confirmed,hko+lunar,
2057,4,0,2057-05-04T00:32+08:00,2057-05-19T03:02+08:00,丁丑,confirmed,hko+lunar,
2057,5,0,2057-06-02T16:11+08:00,2057-06-17T10:18+08:00,丁丑,confirmed,hko+lunar,
2057,6,0,2057-07-02T07:47+08:00,2057-07-16T17:28+08:00,丁丑,confirmed,hko+lunar,
2057,7,0,2057-07-31T22:32+08:00,2057-08-15T01:21+08:00,丁丑,confirmed,hko+lunar,
2057,8,0,2057-08-30T11:55+08:00,2057-09-13T10:53+08:00,丁丑,confirmed,hko+lunar,
2057,9,0,2057-09-29T00:00+08:00,2057-10-12T23:02+08:00,丁丑,arbitrated,hko+lunar,HKO 官方朔日 2057-09-29=None vs lunar 9月 不一致
2057,10,0,2057-10-28T11:19+08:00,2057-11-11T14:24+08:00,丁丑,confirmed,hko+lunar,
2057,11,0,2057-11-26T22:22+08:00,2057-12-11T08:46+08:00,丁丑,confirmed,hko+lunar,
2057,12,0,2057-12-26T09:22+08:00,2058-01-10T04:39+08:00,丁丑,confirmed,hko+lunar,
2058,1,0,2058-01-24T20:14+08:00,2058-02-08T23:54+08:00,戊寅,confirmed,hko+lunar,
2058,2,0,2058-02-23T06:57+08:00,2058-03-10T16:53+08:00,戊寅,confirmed,hko+lunar,
2058,3,0,2058-03-24T17:50+08:00,2058-04-09T06:55+08:00,戊寅,confirmed,hko+lunar,
2058,4,0,2058-04-23T05:29+08:00,2058-05-08T18:12+08:00,戊寅,confirmed,hko+lunar,
2058,4,1,2058-05-22T18:23+08:00,2058-06-07T03:15+08:00,戊寅,confirmed,hko+lunar,闰四月
2058,5,0,2058-06-21T08:35+08:00,2058-07-06T10:47+08:00,戊寅,confirmed,hko+lunar,
2058,6,0,2058-07-20T23:40+08:00,2058-08-04T17:38+08:00,戊寅,confirmed,hko+lunar,
2058,7,0,2058-08-19T15:03+08:00,2058-09-03T00:51+08:00,戊寅,confirmed,hko+lunar,
2058,8,0,2058-09-18T06:18+08:00,2058-10-02T09:36+08:00,戊寅,confirmed,hko+lunar,
2058,9,0,2058-10-17T21:05+08:00,2058-10-31T20:54+08:00,戊寅,confirmed,hko+lunar,
2058,10,0,2058-11-16T11:09+08:00,2058-11-30T11:17+08:00,戊寅,confirmed,hko+lunar,
2058,11,0,2058-12-16T00:12+08:00,2058-12-30T04:25+08:00,戊寅,confirmed,hko+lunar,
2059,12,0,2059-01-14T11:57+08:00,2059-01-28T23:11+08:00,戊寅,confirmed,hko+lunar,
2059,1,0,2059-02-12T22:27+08:00,2059-02-27T18:06+08:00,己卯,confirmed,hko+lunar,
2059,2,0,2059-03-14T08:06+08:00,2059-03-29T11:48+08:00,己卯,confirmed,hko+lunar,
2059,3,0,2059-04-12T17:29+08:00,2059-04-28T03:17+08:00,己卯,confirmed,hko+lunar,
2059,4,0,2059-05-12T03:15+08:00,2059-05-27T16:04+08:00,己卯,confirmed,hko+lunar,
2059,5,0,2059-06-10T13:57+08:00,2059-06-26T02:13+08:00,己卯,confirmed,hko+lunar,
2059,6,0,2059-07-10T01:59+08:00,2059-07-25T10:24+08:00,己卯,confirmed,hko+lunar,
2059,7,0,2059-08-08T15:38+08:00,2059-08-23T17:42+08:00,己卯,confirmed,hko+lunar,
2059,8,0,2059-09-07T07:01+08:00,2059-09-22T01:19+08:00,己卯,confirmed,hko+lunar,
2059,9,0,2059-10-06T23:50+08:00,2059-10-21T10:15+08:00,己卯,confirmed,hko+lunar,
2059,10,0,2059-11-05T17:11+08:00,2059-11-19T21:09+08:00,己卯,confirmed,hko+lunar,
2059,11,0,2059-12-05T09:49+08:00,2059-12-19T10:12+08:00,己卯,confirmed,hko+lunar,
2060,12,0,2060-01-04T00:40+08:00,2060-01-18T01:14+08:00,己卯,confirmed,hko+lunar,
2060,1,0,2060-02-02T13:23+08:00,2060-02-16T17:56+08:00,庚辰,confirmed,hko+lunar,
2060,2,0,2060-03-03T00:12+08:00,2060-03-17T11:41+08:00,庚辰,confirmed,hko+lunar,
2060,3,0,2060-04-01T09:38+08:00,2060-04-16T05:22+08:00,庚辰,confirmed,hko+lunar,
2060,4,0,2060-04-30T18:11+08:00,2060-05-15T21:39+08:00,庚辰,confirmed,hko+lunar,
2060,5,0,2060-05-30T02:23+08:00,2060-06-14T11:37+08:00,庚辰,confirmed,hko+lunar,
2060,6,0,2060-06-28T10:58+08:00,2060-07-13T23:08+08:00,庚辰,confirmed,hko+lunar,
2060,7,0,2060-07-27T20:50+08:00,2060-08-12T08:51+08:00,庚辰,confirmed,hko+lunar,
2060,8,0,2060-08-26T08:56+08:00,2060-09-10T17:44+08:00,庚辰,confirmed,hko+lunar,
2060,9,0,2060-09-24T23:54+08:00,2060-10-10T02:41+08:00,庚辰,confirmed,hko+lunar,
2060,10,0,2060-10-24T17:26+08:00,2060-11-08T12:17+08:00,庚辰,confirmed,hko+lunar,
2060,11,0,2060-11-23T12:16+08:00,2060-12-07T22:48+08:00,庚辰,confirmed,hko+lunar,
2060,12,0,2060-12-23T06:40+08:00,2061-01-06T10:25+08:00,庚辰,confirmed,hko+lunar,
2061,1,0,2061-01-21T23:16+08:00,2061-02-04T23:22+08:00,辛巳,confirmed,hko+lunar,
2061,2,0,2061-02-20T13:31+08:00,2061-03-06T13:54+08:00,辛巳,confirmed,hko+lunar,
2061,3,0,2061-03-22T01:23+08:00,2061-04-05T05:47+08:00,辛巳,confirmed,hko+lunar,
2061,3,1,2061-04-20T11:05+08:00,2061-05-04T22:13+08:00,辛巳,confirmed,hko+lunar,闰三月
2061,4,0,2061-05-19T19:03+08:00,2061-06-03T14:09+08:00,辛巳,confirmed,hko+lunar,
2061,5,0,2061-06-18T02:03+08:00,2061-07-03T04:52+08:00,辛巳,confirmed,hko+lunar,
2061,6,0,2061-07-17T09:10+08:00,2061-08-01T18:11+08:00,辛巳,confirmed,hko+lunar,
2061,7,0,2061-08-15T17:39+08:00,2061-08-31T06:18+08:00,辛巳,confirmed,hko+lunar,
2061,8,0,2061-09-14T04:37+08:00,2061-09-29T17:32+08:00,辛巳,confirmed,hko+lunar,
2061,9,0,2061-10-13T18:42+08:00,2061-10-29T04:12+08:00,辛巳,confirmed,hko+lunar,
2061,10,0,2061-11-12T11:40+08:00,2061-11-27T14:32+08:00,辛巳,confirmed,hko+lunar,
2061,11,0,2061-12-12T06:33+08:00,2061-12-27T00:53+08:00,辛巳,confirmed,hko+lunar,
2062,12,0,2062-01-11T01:52+08:00,2062-01-25T11:37+08:00,辛巳,confirmed,hko+lunar,
2062,1,0,2062-02-09T20:11+08:00,2062-02-23T23:08+08:00,壬午,confirmed,hko+lunar,
2062,2,0,2062-03-11T12:13+08:00,2062-03-25T11:36+08:00,壬午,confirmed,hko+lunar,
2062,3,0,2062-04-10T01:17+08:00,2062-04-24T00:57+08:00,壬午,confirmed,hko+lunar,
2062,4,0,2062-05-09T11:23+08:00,2062-05-23T15:03+08:00,壬午,confirmed,hko+lunar,
2062,5,0,2062-06-07T19:12+08:00,2062-06-22T05:43+08:00,壬午,confirmed,hko+lunar,
2062,6,0,2062-07-07T01:53+08:00,2062-07-21T20:47+08:00,壬午,confirmed,hko+lunar,
2062,7,0,2062-08-05T08:41+08:00,2062-08-20T11:56+08:00,壬午,confirmed,hko+lunar,
2062,8,0,2062-09-03T16:42+08:00,2062-09-19T02:37+08:00,壬午,confirmed,hko+lunar,
2062,9,0,2062-10-03T02:50+08:00,2062-10-18T16:19+08:00,壬午,confirmed,hko+lunar,
2062,10,0,2062-11-01T15:33+08:00,2062-11-17T04:48+08:00,壬午,confirmed,hko+lunar,
2062,11,0,2062-12-01T07:01+08:00,2062-12-16T16:18+08:00,壬午,confirmed,hko+lunar,
2062,12,0,2062-12-31T00:57+08:00,2063-01-15T03:12+08:00,壬午,confirmed,hko+lunar,
2063,1,0,2063-01-29T20:23+08:00,2063-02-13T13:49+08:00,癸未,confirmed,hko+lunar,
2063,2,0,2063-02-28T15:38+08:00,2063-03-15T00:14+08:00,癸未,confirmed,hko+lunar,
2063,3,0,2063-03-30T08:50+08:00,2063-04-13T10:35+08:00,癸未,confirmed,hko+lunar,
2063,4,0,2063-04-28T22:52+08:00,2063-05-12T21:11+08:00,癸未,confirmed,hko+lunar,
2063,5,0,2063-05-28T09:47+08:00,2063-06-11T08:43+08:00,癸未,confirmed,hko+lunar,
2063,6,0,2063-06-26T18:26+08:00,2063-07-10T21:48+08:00,癸未,confirmed,hko+lunar,
2063,7,0,2063-07-26T01:55+08:00,2063-08-09T12:40+08:00,癸未,confirmed,hko+lunar,
2063,7,1,2063-08-24T09:18+08:00,2063-09-08T04:53+08:00,癸未,confirmed,hko+lunar,闰七月
2063,8,0,2063-09-22T17:22+08:00,2063-10-07T21:27+08:00,癸未,confirmed,hko+lunar,
2063,9,0,2063-10-22T02:46+08:00,2063-11-06T13:22+08:00,癸未,confirmed,hko+lunar,
2063,10,0,2063-11-20T14:10+08:00,2063-12-06T04:06+08:00,癸未,confirmed,hko+lunar,
2063,11,0,2063-12-20T04:04+08:00,2064-01-04T17:31+08:00,癸未,confirmed,hko+lunar,
2064,12,0,2064-01-18T20:37+08:00,2064-02-03T05:37+08:00,癸未,confirmed,hko+lunar,
2064,1,0,2064-02-17T15:03+08:00,2064-03-03T16:19+08:00,甲申,confirmed,hko+lunar,
2064,2,0,2064-03-18T09:45+08:00,2064-04-02T01:40+08:00,甲申,confirmed,hko+lunar,
2064,3,0,2064-04-17T03:02+08:00,2064-05-01T10:08+08:00,甲申,confirmed,hko+lunar,
2064,4,0,2064-05-16T17:55+08:00,2064-05-30T18:36+08:00,甲申,confirmed,hko+lunar,
2064,5,0,2064-06-15T06:21+08:00,2064-06-29T04:09+08:00,甲申,confirmed,hko+lunar,
2064,6,0,2064-07-14T16:46+08:00,2064-07-28T15:41+08:00,甲申,confirmed,hko+lunar,
2064,7,0,2064-08-13T01:49+08:00,2064-08-27T05:35+08:00,甲申,confirmed,hko+lunar,
2064,8,0,2064-09-11T10:11+08:00,2064-09-25T21:38+08:00,甲申,confirmed,hko+lunar,
2064,9,0,2064-10-10T18:34+08:00,2064-10-25T15:06+08:00,甲申,confirmed,hko+lunar,
2064,10,0,2064-11-09T03:45+08:00,2064-11-24T08:58+08:00,甲申,confirmed,hko+lunar,
2064,11,0,2064-12-08T14:29+08:00,2064-12-24T02:14+08:00,甲申,confirmed,hko+lunar,
2065,12,0,2065-01-07T03:15+08:00,2065-01-22T17:54+08:00,甲申,confirmed,hko+lunar,
2065,1,0,2065-02-05T18:02+08:00,2065-02-21T07:11+08:00,乙酉,confirmed,hko+lunar,
2065,2,0,2065-03-07T10:15+08:00,2065-03-22T17:56+08:00,乙酉,confirmed,hko+lunar,
2065,3,0,2065-04-06T03:01+08:00,2065-04-21T02:36+08:00,乙酉,confirmed,hko+lunar,
2065,4,0,2065-05-05T19:30+08:00,2065-05-20T10:05+08:00,乙酉,confirmed,hko+lunar,
2065,5,0,2065-06-04T11:05+08:00,2065-06-18T17:28+08:00,乙酉,confirmed,hko+lunar,
2065,6,0,2065-07-04T01:16+08:00,2065-07-18T01:46+08:00,乙酉,confirmed,hko+lunar,
2065,7,0,2065-08-02T13:46+08:00,2065-08-16T11:46+08:00,乙酉,confirmed,hko+lunar,
2065,8,0,2065-09-01T00:40+08:00,2065-09-15T00:05+08:00,乙酉,confirmed,hko+lunar,
2065,9,0,2065-09-30T10:24+08:00,2065-10-14T15:05+08:00,乙酉,confirmed,hko+lunar,
2065,10,0,2065-10-29T19:49+08:00,2065-11-13T08:38+08:00,乙酉,confirmed,hko+lunar,
2065,11,0,2065-11-28T05:40+08:00,2065-12-13T03:52+08:00,乙酉,confirmed,hko+lunar,
2065,12,0,2065-12-27T16:28+08:00,2066-01-11T23:07+08:00,乙酉,confirmed,hko+lunar,
2066,1,0,2066-01-26T04:14+08:00,2066-02-10T16:29+08:00,丙戌,confirmed,hko+lunar,
2066,2,0,2066-02-24T16:51+08:00,2066-03-12T06:48+08:00,丙戌,confirmed,hko+lunar,
2066,3,0,2066-03-26T06:14+08:00,2066-04-10T18:03+08:00,丙戌,confirmed,hko+lunar,
2066,4,0,2066-04-24T20:30+08:00,2066-05-10T02:58+08:00,丙戌,confirmed,hko+lunar,
2066,5,0,2066-05-24T11:39+08:00,2066-06-08T10:31+08:00,丙戌,confirmed,hko+lunar,
2066,5,1,2066-06-23T03:15+08:00,2066-07-07T17:35+08:00,丙戌,confirmed,hko+lunar,闰五月
2066,6,0,2066-07-22T18:34+08:00,2066-08-06T01:00+08:00,丙戌,confirmed,hko+lunar,
2066,7,0,2066-08-21T08:50+08:00,2066-09-04T09:38+08:00,丙戌,confirmed,hko+lunar,
2066,8,0,2066-09-19T21:48+08:00,2066-10-03T20:25+08:00,丙戌,confirmed,hko+lunar,
2066,9,0,2066-10-19T09:43+08:00,2066-11-02T10:13+08:00,丙戌,confirmed,hko+lunar,
2066,10,0,2066-11-17T21:06+08:00,2066-12-02T03:16+08:00,丙戌,confirmed,hko+lunar,
2066,11,0,2066-12-17T08:18+08:00,2066-12-31T22:41+08:00,丙戌,confirmed,hko+lunar,
2067,12,0,2067-01-15T19:17+08:00,2067-01-30T18:30+08:00,丙戌,confirmed,hko+lunar,
2067,1,0,2067-02-14T05:58+08:00,2067-03-01T12:42+08:00,丁亥,confirmed,hko+lunar,
2067,2,0,2067-03-15T16:29+08:00,2067-03-31T04:09+08:00,丁亥,confirmed,hko+lunar,
2067,3,0,2067-04-14T03:24+08:00,2067-04-29T16:40+08:00,丁亥,confirmed,hko+lunar,
2067,4,0,2067-05-13T15:21+08:00,2067-05-29T02:42+08:00,丁亥,confirmed,hko+lunar,
2067,5,0,2067-06-12T04:41+08:00,2067-06-27T10:53+08:00,丁亥,confirmed,hko+lunar,
2067,6,0,2067-07-11T19:17+08:00,2067-07-26T17:59+08:00,丁亥,confirmed,hko+lunar,
2067,7,0,2067-08-10T10:37+08:00,2067-08-25T00:58+08:00,丁亥,confirmed,hko+lunar,
2067,8,0,2067-09-09T02:09+08:00,2067-09-23T08:55+08:00,丁亥,confirmed,hko+lunar,
2067,9,0,2067-10-08T17:28+08:00,2067-10-22T18:56+08:00,丁亥,confirmed,hko+lunar,
2067,10,0,2067-11-07T08:14+08:00,2067-11-21T07:50+08:00,丁亥,confirmed,hko+lunar,
2067,11,0,2067-12-06T22:05+08:00,2067-12-20T23:42+08:00,丁亥,confirmed,hko+lunar,
2068,12,0,2068-01-05T10:38+08:00,2068-01-19T17:45+08:00,丁亥,confirmed,hko+lunar,
2068,1,0,2068-02-03T21:45+08:00,2068-02-18T12:38+08:00,戊子,confirmed,hko+lunar,
2068,2,0,2068-03-04T07:38+08:00,2068-03-19T06:56+08:00,戊子,confirmed,hko+lunar,
2068,3,0,2068-04-02T16:52+08:00,2068-04-17T23:30+08:00,戊子,confirmed,hko+lunar,
2068,4,0,2068-05-02T02:07+08:00,2068-05-17T13:35+08:00,戊子,confirmed,hko+lunar,
2068,5,0,2068-05-31T12:04+08:00,2068-06-16T01:00+08:00,戊子,confirmed,hko+lunar,
2068,6,0,2068-06-29T23:12+08:00,2068-07-15T10:08+08:00,戊子,confirmed,hko+lunar,
2068,7,0,2068-07-29T11:55+08:00,2068-08-13T17:51+08:00,戊子,confirmed,hko+lunar,
2068,8,0,2068-08-28T02:29+08:00,2068-09-12T01:20+08:00,戊子,confirmed,hko+lunar,
2068,9,0,2068-09-26T18:49+08:00,2068-10-11T09:40+08:00,戊子,confirmed,hko+lunar,
2068,10,0,2068-10-26T12:17+08:00,2068-11-09T19:41+08:00,戊子,confirmed,hko+lunar,
2068,11,0,2068-11-25T05:42+08:00,2068-12-09T07:42+08:00,戊子,confirmed,hko+lunar,
2068,12,0,2068-12-24T21:45+08:00,2069-01-07T21:43+08:00,戊子,confirmed,hko+lunar,
2069,1,0,2069-01-23T11:37+08:00,2069-02-06T13:30+08:00,己丑,confirmed,hko+lunar,
2069,2,0,2069-02-21T23:17+08:00,2069-03-08T06:35+08:00,己丑,confirmed,hko+lunar,
2069,3,0,2069-03-23T09:14+08:00,2069-04-07T00:13+08:00,己丑,confirmed,hko+lunar,
2069,4,0,2069-04-21T17:59+08:00,2069-05-06T17:12+08:00,己丑,confirmed,hko+lunar,
2069,4,1,2069-05-21T02:06+08:00,2069-06-05T08:20+08:00,己丑,confirmed,hko+lunar,闰四月
2069,5,0,2069-06-19T10:14+08:00,2069-07-04T21:06+08:00,己丑,confirmed,hko+lunar,
2069,6,0,2069-07-18T19:13+08:00,2069-08-03T07:45+08:00,己丑,confirmed,hko+lunar,
2069,7,0,2069-08-17T06:03+08:00,2069-09-01T17:07+08:00,己丑,confirmed,hko+lunar,
2069,8,0,2069-09-15T19:36+08:00,2069-10-01T02:10+08:00,己丑,confirmed,hko+lunar,
2069,9,0,2069-10-15T12:04+08:00,2069-10-30T11:36+08:00,己丑,confirmed,hko+lunar,
2069,10,0,2069-11-14T06:38+08:00,2069-11-28T21:46+08:00,己丑,confirmed,hko+lunar,
2069,11,0,2069-12-14T01:38+08:00,2069-12-28T08:50+08:00,己丑,confirmed,hko+lunar,
2070,12,0,2070-01-12T19:23+08:00,2070-01-26T21:00+08:00,己丑,confirmed,hko+lunar,
2070,1,0,2070-02-11T10:53+08:00,2070-02-25T10:31+08:00,庚寅,confirmed,hko+lunar,
2070,2,0,2070-03-12T23:53+08:00,2070-03-27T01:31+08:00,庚寅,confirmed,hko+lunar,
2070,3,0,2070-04-11T10:31+08:00,2070-04-25T17:32+08:00,庚寅,confirmed,hko+lunar,
2070,4,0,2070-05-10T19:09+08:00,2070-05-25T09:38+08:00,庚寅,confirmed,hko+lunar,
2070,5,0,2070-06-09T02:25+08:00,2070-06-24T00:57+08:00,庚寅,confirmed,hko+lunar,
2070,6,0,2070-07-08T09:15+08:00,2070-07-23T15:02+08:00,庚寅,confirmed,hko+lunar,
2070,7,0,2070-08-06T16:52+08:00,2070-08-22T03:54+08:00,庚寅,confirmed,hko+lunar,
2070,8,0,2070-09-05T02:29+08:00,2070-09-20T15:48+08:00,庚寅,confirmed,hko+lunar,
2070,9,0,2070-10-04T15:02+08:00,2070-10-20T02:59+08:00,庚寅,confirmed,hko+lunar,
2070,10,0,2070-11-03T06:43+08:00,2070-11-18T13:41+08:00,庚寅,confirmed,hko+lunar,
2070,11,0,2070-12-03T00:54+08:00,2070-12-18T00:06+08:00,庚寅,confirmed,hko+lunar,
2071,12,0,2071-01-01T20:16+08:00,2071-01-16T10:36+08:00,庚寅,confirmed,hko+lunar,
2071,1,0,2071-01-31T15:16+08:00,2071-02-14T21:33+08:00,辛卯,confirmed,hko+lunar,
2071,2,0,2071-03-02T08:32+08:00,2071-03-16T09:18+08:00,辛卯,confirmed,hko+lunar,
2071,3,0,2071-03-31T23:04+08:00,2071-04-14T21:56+08:00,辛卯,confirmed,hko+lunar,
2071,4,0,2071-04-30T10:31+08:00,2071-05-14T11:25+08:00,辛卯,confirmed,hko+lunar,
2071,5,0,2071-05-29T19:17+08:00,2071-06-13T01:37+08:00,辛卯,confirmed,hko+lunar,
2071,6,0,2071-06-28T02:21+08:00,2071-07-12T16:26+08:00,辛卯,confirmed,hko+lunar,
2071,7,0,2071-07-27T08:57+08:00,2071-08-11T07:40+08:00,辛卯,confirmed,hko+lunar,
2071,8,0,2071-08-25T16:17+08:00,2071-09-09T22:52+08:00,辛卯,confirmed,hko+lunar,
2071,8,1,2071-09-24T01:22+08:00,2071-10-09T13:24+08:00,辛卯,confirmed,hko+lunar,闰八月
2071,9,0,2071-10-23T12:50+08:00,2071-11-08T02:48+08:00,辛卯,confirmed,hko+lunar,
2071,10,0,2071-11-22T03:00+08:00,2071-12-07T14:58+08:00,辛卯,confirmed,hko+lunar,
2071,11,0,2071-12-21T19:47+08:00,2072-01-06T02:13+08:00,辛卯,confirmed,hko+lunar,
2072,12,0,2072-01-20T14:35+08:00,2072-02-04T12:56+08:00,辛卯,confirmed,hko+lunar,
2072,1,0,2072-02-19T10:04+08:00,2072-03-04T23:18+08:00,壬辰,confirmed,hko+lunar,
2072,2,0,2072-03-20T04:22+08:00,2072-04-03T09:25+08:00,壬辰,confirmed,hko+lunar,
2072,3,0,2072-04-18T19:57+08:00,2072-05-02T19:34+08:00,壬辰,confirmed,hko+lunar,
2072,4,0,2072-05-18T08:19+08:00,2072-06-01T06:18+08:00,壬辰,confirmed,hko+lunar,
2072,5,0,2072-06-16T17:58+08:00,2072-06-30T18:22+08:00,壬辰,confirmed,hko+lunar,
2072,6,0,2072-07-16T01:56+08:00,2072-07-30T08:17+08:00,壬辰,confirmed,hko+lunar,
2072,7,0,2072-08-14T09:21+08:00,2072-08-29T00:00+08:00,壬辰,confirmed,hko+lunar,
2072,8,0,2072-09-12T17:07+08:00,2072-09-27T16:44+08:00,壬辰,confirmed,hko+lunar,
2072,9,0,2072-10-12T01:56+08:00,2072-10-27T09:22+08:00,壬辰,confirmed,hko+lunar,
2072,10,0,2072-11-10T12:22+08:00,2072-11-26T01:00+08:00,壬辰,confirmed,hko+lunar,
2072,11,0,2072-12-10T00:59+08:00,2072-12-25T15:16+08:00,壬辰,confirmed,hko+lunar,
2073,12,0,2073-01-08T16:11+08:00,2073-01-24T04:06+08:00,壬辰,confirmed,hko+lunar,
2073,1,0,2073-02-07T09:41+08:00,2073-02-22T15:27+08:00,癸巳,confirmed,hko+lunar,
2073,2,0,2073-03-09T04:16+08:00,2073-03-24T01:18+08:00,癸巳,confirmed,hko+lunar,
2073,3,0,2073-04-07T22:14+08:00,2073-04-22T09:55+08:00,癸巳,confirmed,hko+lunar,
2073,4,0,2073-05-07T14:16+08:00,2073-05-21T18:03+08:00,癸巳,confirmed,hko+lunar,
2073,5,0,2073-06-06T03:52+08:00,2073-06-20T02:45+08:00,癸巳,confirmed,hko+lunar,
2073,6,0,2073-07-05T15:17+08:00,2073-07-19T13:05+08:00,癸巳,confirmed,hko+lunar,
2073,7,0,2073-08-04T01:05+08:00,2073-08-18T01:46+08:00,癸巳,confirmed,hko+lunar,
2073,8,0,2073-09-02T09:53+08:00,2073-09-16T16:53+08:00,癸巳,confirmed,hko+lunar,
2073,9,0,2073-10-01T18:22+08:00,2073-10-16T09:55+08:00,癸巳,confirmed,hko+lunar,
2073,10,0,2073-10-31T03:13+08:00,2073-11-15T03:55+08:00,癸巳,confirmed,hko+lunar,
2073,11,0,2073-11-29T13:12+08:00,2073-12-14T21:49+08:00,癸巳,confirmed,hko+lunar,
2073,12,0,2073-12-29T00:56+08:00,2074-01-13T14:32+08:00,癸巳,confirmed,hko+lunar,
2074,1,0,2074-01-27T14:38+08:00,2074-02-12T05:06+08:00,甲午,confirmed,hko+lunar,
2074,2,0,2074-02-26T06:01+08:00,2074-03-13T17:02+08:00,甲午,confirmed,hko+lunar,
2074,3,0,2074-03-27T22:20+08:00,2074-04-12T02:31+08:00,甲午,confirmed,hko+lunar,
2074,4,0,2074-04-26T14:48+08:00,2074-05-11T10:18+08:00,甲午,confirmed,hko+lunar,
2074,5,0,2074-05-26T06:45+08:00,2074-06-09T17:28+08:00,甲午,confirmed,hko+lunar,
2074,6,0,2074-06-24T21:39+08:00,2074-07-09T01:06+08:00,甲午,confirmed,hko+lunar,
2074,6,1,2074-07-24T11:07+08:00,2074-08-07T10:06+08:00,甲午,confirmed,hko+lunar,闰六月
2074,7,0,2074-08-22T23:00+08:00,2074-09-05T21:14+08:00,甲午,confirmed,hko+lunar,
2074,8,0,2074-09-21T09:29+08:00,2074-10-05T10:56+08:00,甲午,confirmed,hko+lunar,
2074,9,0,2074-10-20T19:12+08:00,2074-11-04T03:22+08:00,甲午,confirmed,hko+lunar,
2074,10,0,2074-11-19T04:57+08:00,2074-12-03T22:04+08:00,甲午,confirmed,hko+lunar,
2074,11,0,2074-12-18T15:20+08:00,2075-01-02T17:40+08:00,甲午,confirmed,hko+lunar,
2075,12,0,2075-01-17T02:37+08:00,2075-02-01T12:13+08:00,甲午,confirmed,hko+lunar,
2075,1,0,2075-02-15T14:41+08:00,2075-03-03T04:07+08:00,乙未,confirmed,hko+lunar,
2075,2,0,2075-03-17T03:26+08:00,2075-04-01T16:46+08:00,乙未,confirmed,hko+lunar,
2075,3,0,2075-04-15T16:56+08:00,2075-05-01T02:38+08:00,乙未,confirmed,hko+lunar,
2075,4,0,2075-05-15T07:23+08:00,2075-05-30T10:39+08:00,乙未,confirmed,hko+lunar,
2075,5,0,2075-06-13T22:40+08:00,2075-06-28T17:47+08:00,乙未,confirmed,hko+lunar,
2075,6,0,2075-07-13T14:12+08:00,2075-07-28T00:55+08:00,乙未,confirmed,hko+lunar,
2075,7,0,2075-08-12T05:11+08:00,2075-08-26T08:51+08:00,乙未,confirmed,hko+lunar,
2075,8,0,2075-09-10T19:03+08:00,2075-09-24T18:31+08:00,乙未,confirmed,hko+lunar,
2075,9,0,2075-10-10T07:44+08:00,2075-10-24T06:49+08:00,乙未,confirmed,hko+lunar,
2075,10,0,2075-11-08T19:36+08:00,2075-11-22T22:21+08:00,乙未,confirmed,hko+lunar,
2075,11,0,2075-12-08T07:04+08:00,2075-12-22T16:48+08:00,乙未,confirmed,hko+lunar,
2076,12,0,2076-01-06T18:15+08:00,2076-01-21T12:40+08:00,乙未,confirmed,hko+lunar,
2076,1,0,2076-02-05T05:02+08:00,2076-02-20T07:49+08:00,丙申,confirmed,hko+lunar,
2076,2,0,2076-03-05T15:25+08:00,2076-03-21T00:38+08:00,丙申,confirmed,hko+lunar,
2076,3,0,2076-04-04T01:48+08:00,2076-04-19T14:30+08:00,丙申,confirmed,hko+lunar,
2076,4,0,2076-05-03T12:52+08:00,2076-05-19T01:39+08:00,丙申,confirmed,hko+lunar,
2076,5,0,2076-06-02T01:15+08:00,2076-06-17T10:39+08:00,丙申,confirmed,hko+lunar,
2076,6,0,2076-07-01T15:05+08:00,2076-07-16T18:13+08:00,丙申,confirmed,hko+lunar,
2076,7,0,2076-07-31T06:06+08:00,2076-08-15T01:12+08:00,丙申,confirmed,hko+lunar,
2076,8,0,2076-08-29T21:44+08:00,2076-09-13T08:39+08:00,丙申,confirmed,hko+lunar,
2076,9,0,2076-09-28T13:28+08:00,2076-10-12T17:38+08:00,丙申,confirmed,hko+lunar,
2076,10,0,2076-10-28T04:51+08:00,2076-11-11T05:08+08:00,丙申,confirmed,hko+lunar,
2076,11,0,2076-11-26T19:29+08:00,2076-12-10T19:36+08:00,丙申,confirmed,hko+lunar,
2076,12,0,2076-12-26T08:54+08:00,2077-01-09T12:38+08:00,丙申,confirmed,hko+lunar,
2077,1,0,2077-01-24T20:46+08:00,2077-02-08T07:09+08:00,丁酉,confirmed,hko+lunar,
2077,2,0,2077-02-23T07:07+08:00,2077-03-10T01:43+08:00,丁酉,confirmed,hko+lunar,
2077,3,0,2077-03-24T16:25+08:00,2077-04-08T19:06+08:00,丁酉,confirmed,hko+lunar,
2077,4,0,2077-04-23T01:21+08:00,2077-05-08T10:24+08:00,丁酉,confirmed,hko+lunar,
2077,4,1,2077-05-22T10:38+08:00,2077-06-06T23:07+08:00,丁酉,confirmed,hko+lunar,闰四月
2077,5,0,2077-06-20T20:56+08:00,2077-07-06T09:22+08:00,丁酉,confirmed,hko+lunar,
2077,6,0,2077-07-20T08:42+08:00,2077-08-04T17:47+08:00,丁酉,confirmed,hko+lunar,
2077,7,0,2077-08-18T22:18+08:00,2077-09-03T01:24+08:00,丁酉,confirmed,hko+lunar,
2077,8,0,2077-09-17T13:54+08:00,2077-10-02T09:21+08:00,丁酉,confirmed,hko+lunar,
2077,9,0,2077-10-17T07:08+08:00,2077-10-31T18:37+08:00,丁酉,confirmed,hko+lunar,
2077,10,0,2077-11-16T01:01+08:00,2077-11-30T05:43+08:00,丁酉,confirmed,hko+lunar,
2077,11,0,2077-12-15T18:07+08:00,2077-12-29T18:46+08:00,丁酉,confirmed,hko+lunar,
2078,12,0,2078-01-14T09:15+08:00,2078-01-28T09:34+08:00,丁酉,confirmed,hko+lunar,
2078,1,0,2078-02-12T22:00+08:00,2078-02-27T01:51+08:00,戊戌,confirmed,hko+lunar,
2078,2,0,2078-03-14T08:38+08:00,2078-03-28T19:05+08:00,戊戌,confirmed,hko+lunar,
2078,3,0,2078-04-12T17:46+08:00,2078-04-27T12:20+08:00,戊戌,confirmed,hko+lunar,
2078,4,0,2078-05-12T01:57+08:00,2078-05-27T04:24+08:00,戊戌,confirmed,hko+lunar,
2078,5,0,2078-06-10T09:50+08:00,2078-06-25T18:23+08:00,戊戌,confirmed,hko+lunar,
2078,6,0,2078-07-09T18:09+08:00,2078-07-25T06:08+08:00,戊戌,confirmed,hko+lunar,
2078,7,0,2078-08-08T03:53+08:00,2078-08-23T16:12+08:00,戊戌,confirmed,hko+lunar,
2078,8,0,2078-09-06T16:00+08:00,2078-09-22T01:32+08:00,戊戌,confirmed,hko+lunar,
2078,9,0,2078-10-06T07:06+08:00,2078-10-21T10:55+08:00,戊戌,confirmed,hko+lunar,
2078,10,0,2078-11-05T00:57+08:00,2078-11-19T20:53+08:00,戊戌,confirmed,hko+lunar,
2078,11,0,2078-12-04T20:09+08:00,2078-12-19T07:35+08:00,戊戌,confirmed,hko+lunar,
2079,12,0,2079-01-03T14:51+08:00,2079-01-17T19:07+08:00,戊戌,confirmed,hko+lunar,
2079,1,0,2079-02-02T07:36+08:00,2079-02-16T07:46+08:00,己亥,confirmed,hko+lunar,
2079,2,0,2079-03-03T21:50+08:00,2079-03-17T21:46+08:00,己亥,confirmed,hko+lunar,
2079,3,0,2079-04-02T09:31+08:00,2079-04-16T13:03+08:00,己亥,confirmed,hko+lunar,
2079,4,0,2079-05-01T18:58+08:00,2079-05-16T04:59+08:00,己亥,confirmed,hko+lunar,
2079,5,0,2079-05-31T02:42+08:00,2079-06-14T20:40+08:00,己亥,confirmed,hko+lunar,
2079,6,0,2079-06-29T09:32+08:00,2079-07-14T11:25+08:00,己亥,confirmed,hko+lunar,
2079,7,0,2079-07-28T16:34+08:00,2079-08-13T01:01+08:00,己亥,confirmed,hko+lunar,
2079,8,0,2079-08-27T01:03+08:00,2079-09-11T13:36+08:00,己亥,confirmed,hko+lunar,
2079,9,0,2079-09-25T12:07+08:00,2079-10-11T01:24+08:00,己亥,confirmed,hko+lunar,
2079,10,0,2079-10-25T02:20+08:00,2079-11-09T12:35+08:00,己亥,confirmed,hko+lunar,
2079,11,0,2079-11-23T19:30+08:00,2079-12-08T23:17+08:00,己亥,confirmed,hko+lunar,
2079,12,0,2079-12-23T14:32+08:00,2080-01-07T09:46+08:00,己亥,confirmed,hko+lunar,
2080,1,0,2080-01-22T09:56+08:00,2080-02-05T20:22+08:00,庚子,confirmed,hko+lunar,
2080,2,0,2080-02-21T04:12+08:00,2080-03-06T07:30+08:00,庚子,confirmed,hko+lunar,
2080,3,0,2080-03-21T20:07+08:00,2080-04-04T19:25+08:00,庚子,confirmed,hko+lunar,
2080,3,1,2080-04-20T09:01+08:00,2080-05-04T08:11+08:00,庚子,confirmed,hko+lunar,闰三月
2080,4,0,2080-05-19T18:57+08:00,2080-06-02T21:46+08:00,庚子,confirmed,hko+lunar,
2080,5,0,2080-06-18T02:41+08:00,2080-07-02T12:10+08:00,庚子,confirmed,hko+lunar,
2080,6,0,2080-07-17T09:22+08:00,2080-08-01T03:14+08:00,庚子,confirmed,hko+lunar,
2080,7,0,2080-08-15T16:14+08:00,2080-08-30T18:42+08:00,庚子,confirmed,hko+lunar,
2080,8,0,2080-09-14T00:26+08:00,2080-09-29T09:55+08:00,庚子,confirmed,hko+lunar,
2080,9,0,2080-10-13T10:45+08:00,2080-10-29T00:13+08:00,庚子,confirmed,hko+lunar,
2080,10,0,2080-11-11T23:38+08:00,2080-11-27T13:15+08:00,庚子,confirmed,hko+lunar,
2080,11,0,2080-12-11T15:10+08:00,2080-12-27T01:04+08:00,庚子,confirmed,hko+lunar,
2081,12,0,2081-01-10T09:03+08:00,2081-01-25T12:02+08:00,庚子,confirmed,hko+lunar,
2081,1,0,2081-02-09T04:18+08:00,2081-02-23T22:28+08:00,辛丑,confirmed,hko+lunar,
2081,2,0,2081-03-10T23:17+08:00,2081-03-25T08:30+08:00,辛丑,confirmed,hko+lunar,
2081,3,0,2081-04-09T16:16+08:00,2081-04-23T18:21+08:00,辛丑,confirmed,hko+lunar,
2081,4,0,2081-05-09T06:10+08:00,2081-05-23T04:27+08:00,辛丑,confirmed,hko+lunar,
2081,5,0,2081-06-07T17:02+08:00,2081-06-21T15:33+08:00,辛丑,confirmed,hko+lunar,
2081,6,0,2081-07-07T01:45+08:00,2081-07-21T04:23+08:00,辛丑,confirmed,hko+lunar,
2081,7,0,2081-08-05T09:25+08:00,2081-08-19T19:16+08:00,辛丑,confirmed,hko+lunar,
2081,8,0,2081-09-03T17:02+08:00,2081-09-18T11:46+08:00,辛丑,confirmed,hko+lunar,
2081,9,0,2081-10-03T01:24+08:00,2081-10-18T04:51+08:00,辛丑,confirmed,hko+lunar,
2081,10,0,2081-11-01T11:05+08:00,2081-11-16T21:20+08:00,辛丑,confirmed,hko+lunar,
2081,11,0,2081-11-30T22:37+08:00,2081-12-16T12:32+08:00,辛丑,confirmed,hko+lunar,
2081,12,0,2081-12-30T12:29+08:00,2082-01-15T02:12+08:00,辛丑,confirmed,hko+lunar,
2082,1,0,2082-01-29T04:47+08:00,2082-02-13T14:17+08:00,壬寅,confirmed,hko+lunar,
2082,2,0,2082-02-27T22:49+08:00,2082-03-15T00:46+08:00,壬寅,confirmed,hko+lunar,
2082,3,0,2082-03-29T17:06+08:00,2082-04-13T09:46+08:00,壬寅,confirmed,hko+lunar,
2082,4,0,2082-04-28T10:03+08:00,2082-05-12T17:50+08:00,壬寅,confirmed,hko+lunar,
2082,5,0,2082-05-28T00:48+08:00,2082-06-11T01:56+08:00,壬寅,confirmed,hko+lunar,
2082,6,0,2082-06-26T13:17+08:00,2082-07-10T11:11+08:00,壬寅,confirmed,hko+lunar,
2082,7,0,2082-07-25T23:55+08:00,2082-08-08T22:34+08:00,壬寅,confirmed,hko+lunar,
2082,7,1,2082-08-24T09:19+08:00,2082-09-07T12:31+08:00,壬寅,confirmed,hko+lunar,闰七月
2082,8,0,2082-09-22T18:05+08:00,2082-10-07T04:49+08:00,壬寅,confirmed,hko+lunar,
2082,9,0,2082-10-22T02:51+08:00,2082-11-05T22:39+08:00,壬寅,confirmed,hko+lunar,
2082,10,0,2082-11-20T12:20+08:00,2082-12-05T16:58+08:00,壬寅,confirmed,hko+lunar,
2082,11,0,2082-12-19T23:12+08:00,2083-01-04T10:33+08:00,壬寅,confirmed,hko+lunar,
2083,12,0,2083-01-18T11:51+08:00,2083-02-03T02:21+08:00,壬寅,confirmed,hko+lunar,
2083,1,0,2083-02-17T02:16+08:00,2083-03-04T15:35+08:00,癸卯,confirmed,hko+lunar,
2083,2,0,2083-03-18T17:57+08:00,2083-04-03T02:08+08:00,癸卯,confirmed,hko+lunar,
2083,3,0,2083-04-17T10:10+08:00,2083-05-02T10:31+08:00,癸卯,confirmed,hko+lunar,
2083,4,0,2083-05-17T02:15+08:00,2083-05-31T17:43+08:00,癸卯,confirmed,hko+lunar,
2083,5,0,2083-06-15T17:38+08:00,2083-06-30T00:53+08:00,癸卯,confirmed,hko+lunar,
2083,6,0,2083-07-15T07:55+08:00,2083-07-29T09:02+08:00,癸卯,confirmed,hko+lunar,
2083,7,0,2083-08-13T20:46+08:00,2083-08-27T19:01+08:00,癸卯,confirmed,hko+lunar,
2083,8,0,2083-09-12T08:08+08:00,2083-09-26T07:26+08:00,癸卯,confirmed,hko+lunar,
2083,9,0,2083-10-11T18:24+08:00,2083-10-25T22:37+08:00,癸卯,confirmed,hko+lunar,
2083,10,0,2083-11-10T04:16+08:00,2083-11-24T16:24+08:00,癸卯,confirmed,hko+lunar,
2083,11,0,2083-12-09T14:26+08:00,2083-12-24T11:52+08:00,癸卯,confirmed,hko+lunar,
2084,12,0,2084-01-08T01:18+08:00,2084-01-23T07:16+08:00,癸卯,confirmed,hko+lunar,
2084,1,0,2084-02-06T12:54+08:00,2084-02-22T00:37+08:00,甲辰,confirmed,hko+lunar,
2084,2,0,2084-03-07T01:05+08:00,2084-03-22T14:49+08:00,甲辰,confirmed,hko+lunar,
2084,3,0,2084-04-05T13:53+08:00,2084-04-21T01:54+08:00,甲辰,confirmed,hko+lunar,
2084,4,0,2084-05-05T03:33+08:00,2084-05-20T10:37+08:00,甲辰,confirmed,hko+lunar,
2084,5,0,2084-06-03T18:14+08:00,2084-06-18T18:02+08:00,甲辰,confirmed,hko+lunar,
2084,6,0,2084-07-03T09:39+08:00,2084-07-18T01:03+08:00,甲辰,confirmed,hko+lunar,
2084,7,0,2084-08-02T01:05+08:00,2084-08-16T08:31+08:00,甲辰,confirmed,hko+lunar,
2084,8,0,2084-08-31T15:46+08:00,2084-09-14T17:16+08:00,甲辰,confirmed,hko+lunar,
2084,9,0,2084-09-30T05:17+08:00,2084-10-14T04:14+08:00,甲辰,confirmed,hko+lunar,
2084,10,0,2084-10-29T17:48+08:00,2084-11-12T18:11+08:00,甲辰,confirmed,hko+lunar,
2084,11,0,2084-11-28T05:40+08:00,2084-12-12T11:20+08:00,甲辰,confirmed,hko+lunar,
2084,12,0,2084-12-27T17:08+08:00,2085-01-11T06:43+08:00,甲辰,confirmed,hko+lunar,
2085,1,0,2085-01-26T04:08+08:00,2085-02-10T02:25+08:00,乙巳,confirmed,hko+lunar,
2085,2,0,2085-02-24T14:33+08:00,2085-03-11T20:27+08:00,乙巳,confirmed,hko+lunar,
2085,3,0,2085-03-26T00:38+08:00,2085-04-10T11:42+08:00,乙巳,confirmed,hko+lunar,
2085,4,0,2085-04-24T11:00+08:00,2085-05-10T00:05+08:00,乙巳,confirmed,hko+lunar,
2085,5,0,2085-05-23T22:24+08:00,2085-06-08T10:03+08:00,乙巳,confirmed,hko+lunar,
2085,5,1,2085-06-22T11:19+08:00,2085-07-07T18:16+08:00,乙巳,confirmed,hko+lunar,闰五月
2085,6,0,2085-07-22T01:44+08:00,2085-08-06T01:30+08:00,乙巳,confirmed,hko+lunar,
2085,7,0,2085-08-20T17:12+08:00,2085-09-04T08:42+08:00,乙巳,confirmed,hko+lunar,
2085,8,0,2085-09-19T09:08+08:00,2085-10-03T16:55+08:00,乙巳,confirmed,hko+lunar,
2085,9,0,2085-10-19T01:01+08:00,2085-11-02T03:10+08:00,乙巳,confirmed,hko+lunar,
2085,10,0,2085-11-17T16:22+08:00,2085-12-01T16:11+08:00,乙巳,confirmed,hko+lunar,
2085,11,0,2085-12-17T06:39+08:00,2085-12-31T08:00+08:00,乙巳,confirmed,hko+lunar,
2086,12,0,2086-01-15T19:25+08:00,2086-01-30T01:50+08:00,乙巳,confirmed,hko+lunar,
2086,1,0,2086-02-14T06:28+08:00,2086-02-28T20:22+08:00,丙午,confirmed,hko+lunar,
2086,2,0,2086-03-15T16:05+08:00,2086-03-30T14:18+08:00,丙午,confirmed,hko+lunar,
2086,3,0,2086-04-14T00:54+08:00,2086-04-29T06:36+08:00,丙午,confirmed,hko+lunar,
2086,4,0,2086-05-13T09:42+08:00,2086-05-28T20:36+08:00,丙午,confirmed,hko+lunar,
2086,5,0,2086-06-11T19:13+08:00,2086-06-27T08:05+08:00,丙午,confirmed,hko+lunar,
2086,6,0,2086-07-11T06:03+08:00,2086-07-26T17:25+08:00,丙午,confirmed,hko+lunar,
2086,7,0,2086-08-09T18:39+08:00,2086-08-25T01:27+08:00,丙午,confirmed,hko+lunar,
2086,8,0,2086-09-08T09:18+08:00,2086-09-23T09:16+08:00,丙午,confirmed,hko+lunar,
2086,9,0,2086-10-08T01:57+08:00,2086-10-22T17:57+08:00,丙午,confirmed,hko+lunar,
2086,10,0,2086-11-06T19:54+08:00,2086-11-21T04:13+08:00,丙午,confirmed,hko+lunar,
2086,11,0,2086-12-06T13:49+08:00,2086-12-20T16:20+08:00,丙午,confirmed,hko+lunar,
2087,12,0,2087-01-05T06:12+08:00,2087-01-19T06:12+08:00,丙午,confirmed,hko+lunar,
2087,1,0,2087-02-03T20:12+08:00,2087-02-17T21:35+08:00,丁未,confirmed,hko+lunar,
2087,2,0,2087-03-05T07:46+08:00,2087-03-19T14:10+08:00,丁未,confirmed,hko+lunar,
2087,3,0,2087-04-03T17:27+08:00,2087-04-18T07:18+08:00,丁未,confirmed,hko+lunar,
2087,4,0,2087-05-03T01:52+08:00,2087-05-17T23:56+08:00,丁未,confirmed,hko+lunar,
2087,5,0,2087-06-01T09:40+08:00,2087-06-16T15:00+08:00,丁未,confirmed,hko+lunar,
2087,6,0,2087-06-30T17:32+08:00,2087-07-16T03:55+08:00,丁未,confirmed,hko+lunar,
2087,7,0,2087-07-30T02:21+08:00,2087-08-14T14:55+08:00,丁未,confirmed,hko+lunar,
2087,8,0,2087-08-28T13:09+08:00,2087-09-13T00:44+08:00,丁未,confirmed,hko+lunar,
2087,9,0,2087-09-27T02:48+08:00,2087-10-12T10:15+08:00,丁未,confirmed,hko+lunar,
2087,10,0,2087-10-26T19:30+08:00,2087-11-10T20:06+08:00,丁未,confirmed,hko+lunar,
2087,11,0,2087-11-25T14:25+08:00,2087-12-10T06:33+08:00,丁未,confirmed,hko+lunar,
2087,12,0,2087-12-25T09:44+08:00,2088-01-08T17:39+08:00,丁未,confirmed,hko+lunar,
2088,1,0,2088-01-24T03:39+08:00,2088-02-07T05:34+08:00,戊申,confirmed,hko+lunar,
2088,2,0,2088-02-22T19:10+08:00,2088-03-07T18:37+08:00,戊申,confirmed,hko+lunar,
2088,3,0,2088-03-23T08:01+08:00,2088-04-06T09:01+08:00,戊申,confirmed,hko+lunar,
2088,4,0,2088-04-21T18:26+08:00,2088-05-06T00:26+08:00,戊申,confirmed,hko+lunar,
2088,4,1,2088-05-21T02:50+08:00,2088-06-04T16:09+08:00,戊申,confirmed,hko+lunar,闰四月
2088,5,0,2088-06-19T09:55+08:00,2088-07-04T07:23+08:00,戊申,confirmed,hko+lunar,
2088,6,0,2088-07-18T16:40+08:00,2088-08-02T21:41+08:00,戊申,confirmed,hko+lunar,
2088,7,0,2088-08-17T00:16+08:00,2088-09-01T10:59+08:00,戊申,confirmed,hko+lunar,
2088,8,0,2088-09-15T09:59+08:00,2088-09-30T23:26+08:00,戊申,confirmed,hko+lunar,
2088,9,0,2088-10-14T22:40+08:00,2088-10-30T11:11+08:00,戊申,confirmed,hko+lunar,
2088,10,0,2088-11-13T14:33+08:00,2088-11-28T22:19+08:00,戊申,confirmed,hko+lunar,
2088,11,0,2088-12-13T08:53+08:00,2088-12-28T08:58+08:00,戊申,confirmed,hko+lunar,
2089,12,0,2089-01-12T04:19+08:00,2089-01-26T19:26+08:00,戊申,confirmed,hko+lunar,
2089,1,0,2089-02-10T23:17+08:00,2089-02-25T06:06+08:00,己酉,confirmed,hko+lunar,
2089,2,0,2089-03-12T16:25+08:00,2089-03-26T17:21+08:00,己酉,confirmed,hko+lunar,
2089,3,0,2089-04-11T06:47+08:00,2089-04-25T05:24+08:00,己酉,confirmed,hko+lunar,
2089,4,0,2089-05-10T18:05+08:00,2089-05-24T18:19+08:00,己酉,confirmed,hko+lunar,
2089,5,0,2089-06-09T02:46+08:00,2089-06-23T08:08+08:00,己酉,confirmed,hko+lunar,
2089,6,0,2089-07-08T09:49+08:00,2089-07-22T22:51+08:00,己酉,confirmed,hko+lunar,
2089,7,0,2089-08-06T16:29+08:00,2089-08-21T14:17+08:00,己酉,confirmed,hko+lunar,
2089,8,0,2089-09-04T23:59+08:00,2089-09-20T05:56+08:00,己酉,confirmed,hko+lunar,
2089,9,0,2089-10-04T09:16+08:00,2089-10-19T21:05+08:00,己酉,confirmed,hko+lunar,
2089,10,0,2089-11-02T20:56+08:00,2089-11-18T11:04+08:00,己酉,confirmed,hko+lunar,
2089,11,0,2089-12-02T11:13+08:00,2089-12-17T23:39+08:00,己酉,confirmed,hko+lunar,
2090,12,0,2090-01-01T03:58+08:00,2090-01-16T11:04+08:00,己酉,confirmed,hko+lunar,
2090,1,0,2090-01-30T22:35+08:00,2090-02-14T21:40+08:00,庚戌,confirmed,hko+lunar,
2090,2,0,2090-03-01T17:47+08:00,2090-03-16T07:43+08:00,庚戌,confirmed,hko+lunar,
2090,3,0,2090-03-31T11:49+08:00,2090-04-14T17:23+08:00,庚戌,confirmed,hko+lunar,
2090,4,0,2090-04-30T03:13+08:00,2090-05-14T03:02+08:00,庚戌,confirmed,hko+lunar,
2090,5,0,2090-05-29T15:31+08:00,2090-06-12T13:19+08:00,庚戌,confirmed,hko+lunar,
2090,6,0,2090-06-28T01:12+08:00,2090-07-12T01:04+08:00,庚戌,confirmed,hko+lunar,
2090,7,0,2090-07-27T09:20+08:00,2090-08-10T14:53+08:00,庚戌,confirmed,hko+lunar,
2090,8,0,2090-08-25T17:00+08:00,2090-09-09T06:46+08:00,庚戌,confirmed,hko+lunar,
2090,8,1,2090-09-24T01:04+08:00,2090-10-08T23:55+08:00,庚戌,confirmed,hko+lunar,闰八月
2090,9,0,2090-10-23T10:11+08:00,2090-11-07T17:06+08:00,庚戌,confirmed,hko+lunar,
2090,10,0,2090-11-21T20:50+08:00,2090-12-07T09:15+08:00,庚戌,confirmed,hko+lunar,
2090,11,0,2090-12-21T09:30+08:00,2091-01-05T23:52+08:00,庚戌,confirmed,hko+lunar,
2091,12,0,2091-01-20T00:32+08:00,2091-02-04T12:48+08:00,庚戌,confirmed,hko+lunar,
2091,1,0,2091-02-18T17:40+08:00,2091-03-06T00:00+08:00,辛亥,confirmed,hko+lunar,
2091,2,0,2091-03-20T11:47+08:00,2091-04-04T09:32+08:00,辛亥,confirmed,hko+lunar,
2091,3,0,2091-04-19T05:21+08:00,2091-05-03T17:47+08:00,辛亥,confirmed,hko+lunar,
2091,4,0,2091-05-18T21:08+08:00,2091-06-02T01:32+08:00,辛亥,confirmed,hko+lunar,
2091,5,0,2091-06-17T10:42+08:00,2091-07-01T09:55+08:00,辛亥,confirmed,hko+lunar,
2091,6,0,2091-07-16T22:17+08:00,2091-07-30T20:02+08:00,辛亥,confirmed,hko+lunar,
2091,7,0,2091-08-15T08:23+08:00,2091-08-29T08:41+08:00,辛亥,confirmed,hko+lunar,
2091,8,0,2091-09-13T17:36+08:00,2091-09-27T23:57+08:00,辛亥,confirmed,hko+lunar,
2091,9,0,2091-10-13T02:30+08:00,2091-10-27T17:19+08:00,辛亥,confirmed,hko+lunar,
2091,10,0,2091-11-11T11:43+08:00,2091-11-26T11:44+08:00,辛亥,confirmed,hko+lunar,
2091,11,0,2091-12-10T21:55+08:00,2091-12-26T06:01+08:00,辛亥,confirmed,hko+lunar,
2092,12,0,2092-01-09T09:38+08:00,2092-01-24T22:56+08:00,辛亥,confirmed,hko+lunar,
2092,1,0,2092-02-07T23:04+08:00,2092-02-23T13:31+08:00,壬子,confirmed,hko+lunar,
2092,2,0,2092-03-08T13:57+08:00,2092-03-24T01:17+08:00,壬子,confirmed,hko+lunar,
2092,3,0,2092-04-07T05:42+08:00,2092-04-22T10:30+08:00,壬子,confirmed,hko+lunar,
2092,4,0,2092-05-06T21:40+08:00,2092-05-21T18:01+08:00,壬子,confirmed,hko+lunar,
2092,5,0,2092-06-05T13:19+08:00,2092-06-20T00:57+08:00,壬子,confirmed,hko+lunar,
2092,6,0,2092-07-05T04:12+08:00,2092-07-19T08:25+08:00,壬子,confirmed,hko+lunar,
2092,7,0,2092-08-03T17:56+08:00,2092-08-17T17:23+08:00,壬子,confirmed,hko+lunar,
2092,8,0,2092-09-02T06:15+08:00,2092-09-16T04:35+08:00,壬子,confirmed,hko+lunar,
2092,9,0,2092-10-01T17:17+08:00,2092-10-15T18:27+08:00,壬子,confirmed,hko+lunar,
2092,10,0,2092-10-31T03:30+08:00,2092-11-14T11:06+08:00,壬子,confirmed,hko+lunar,
2092,11,0,2092-11-29T13:37+08:00,2092-12-14T06:00+08:00,壬子,confirmed,hko+lunar,
2092,12,0,2092-12-29T00:12+08:00,2093-01-13T01:45+08:00,壬子,confirmed,hko+lunar,
2093,1,0,2093-01-27T11:23+08:00,2093-02-11T20:20+08:00,癸丑,confirmed,hko+lunar,
2093,2,0,2093-02-25T23:07+08:00,2093-03-13T12:08+08:00,癸丑,confirmed,hko+lunar,
2093,3,0,2093-03-27T11:19+08:00,2093-04-12T00:37+08:00,癸丑,confirmed,hko+lunar,
2093,4,0,2093-04-26T00:14+08:00,2093-05-11T10:18+08:00,癸丑,confirmed,hko+lunar,
2093,5,0,2093-05-25T14:09+08:00,2093-06-09T18:11+08:00,癸丑,confirmed,hko+lunar,
2093,6,0,2093-06-24T05:06+08:00,2093-07-09T01:15+08:00,癸丑,confirmed,hko+lunar,
2093,6,1,2093-07-23T20:37+08:00,2093-08-07T08:25+08:00,癸丑,confirmed,hko+lunar,闰六月
2093,7,0,2093-08-22T11:55+08:00,2093-09-05T16:29+08:00,癸丑,confirmed,hko+lunar,
2093,8,0,2093-09-21T02:18+08:00,2093-10-05T02:19+08:00,癸丑,confirmed,hko+lunar,
2093,9,0,2093-10-20T15:34+08:00,2093-11-03T14:47+08:00,癸丑,confirmed,hko+lunar,
2093,10,0,2093-11-19T03:59+08:00,2093-12-03T06:25+08:00,癸丑,confirmed,hko+lunar,
2093,11,0,2093-12-18T15:49+08:00,2094-01-02T00:52+08:00,癸丑,confirmed,hko+lunar,
2094,12,0,2094-01-17T03:07+08:00,2094-01-31T20:38+08:00,癸丑,confirmed,hko+lunar,
2094,1,0,2094-02-15T13:45+08:00,2094-03-02T15:36+08:00,甲寅,confirmed,hko+lunar,
2094,2,0,2094-03-16T23:46+08:00,2094-04-01T08:13+08:00,甲寅,confirmed,hko+lunar,
2094,3,0,2094-04-15T09:39+08:00,2094-04-30T21:56+08:00,甲寅,confirmed,hko+lunar,
2094,4,0,2094-05-14T20:11+08:00,2094-05-30T08:59+08:00,甲寅,confirmed,hko+lunar,
2094,5,0,2094-06-13T08:05+08:00,2094-06-28T18:00+08:00,甲寅,confirmed,hko+lunar,
2094,6,0,2094-07-12T21:38+08:00,2094-07-28T01:41+08:00,甲寅,confirmed,hko+lunar,
2094,7,0,2094-08-11T12:38+08:00,2094-08-26T08:53+08:00,甲寅,confirmed,hko+lunar,
2094,8,0,2094-09-10T04:33+08:00,2094-09-24T16:35+08:00,甲寅,confirmed,hko+lunar,
2094,9,0,2094-10-09T20:46+08:00,2094-10-24T01:49+08:00,甲寅,confirmed,hko+lunar,
2094,10,0,2094-11-08T12:44+08:00,2094-11-22T13:29+08:00,甲寅,confirmed,hko+lunar,
2094,11,0,2094-12-08T03:52+08:00,2094-12-22T03:57+08:00,甲寅,confirmed,hko+lunar,
2095,12,0,2095-01-06T17:35+08:00,2095-01-20T20:49+08:00,甲寅,confirmed,hko+lunar,
2095,1,0,2095-02-05T05:30+08:00,2095-02-19T15:00+08:00,乙卯,confirmed,hko+lunar,
2095,2,0,2095-03-06T15:40+08:00,2095-03-21T09:12+08:00,乙卯,confirmed,hko+lunar,
2095,3,0,2095-04-05T00:37+08:00,2095-04-20T02:16+08:00,乙卯,confirmed,hko+lunar,
2095,4,0,2095-05-04T09:07+08:00,2095-05-19T17:23+08:00,乙卯,confirmed,hko+lunar,
2095,5,0,2095-06-02T17:59+08:00,2095-06-18T06:07+08:00,乙卯,confirmed,hko+lunar,
2095,6,0,2095-07-02T03:56+08:00,2095-07-17T16:32+08:00,乙卯,confirmed,hko+lunar,
2095,7,0,2095-07-31T15:30+08:00,2095-08-16T01:14+08:00,乙卯,confirmed,hko+lunar,
2095,8,0,2095-08-30T05:07+08:00,2095-09-14T09:12+08:00,乙卯,confirmed,hko+lunar,
2095,9,0,2095-09-28T20:55+08:00,2095-10-13T17:32+08:00,乙卯,confirmed,hko+lunar,
2095,10,0,2095-10-28T14:34+08:00,2095-11-12T03:06+08:00,乙卯,confirmed,hko+lunar,
2095,11,0,2095-11-27T08:56+08:00,2095-12-11T14:22+08:00,乙卯,confirmed,hko+lunar,
2095,12,0,2095-12-27T02:26+08:00,2096-01-10T03:21+08:00,乙卯,confirmed,hko+lunar,
2096,1,0,2096-01-25T17:46+08:00,2096-02-08T17:51+08:00,丙辰,confirmed,hko+lunar,
2096,2,0,2096-02-24T06:30+08:00,2096-03-09T09:38+08:00,丙辰,confirmed,hko+lunar,
2096,3,0,2096-03-24T16:56+08:00,2096-04-08T02:20+08:00,丙辰,confirmed,hko+lunar,
2096,4,0,2096-04-23T01:45+08:00,2096-05-07T19:08+08:00,丙辰,confirmed,hko+lunar,
2096,4,1,2096-05-22T09:37+08:00,2096-06-06T11:00+08:00,丙辰,confirmed,hko+lunar,闰四月
2096,5,0,2096-06-20T17:13+08:00,2096-07-06T01:04+08:00,丙辰,confirmed,hko+lunar,
2096,6,0,2096-07-20T01:22+08:00,2096-08-04T13:06+08:00,丙辰,confirmed,hko+lunar,
2096,7,0,2096-08-18T11:01+08:00,2096-09-02T23:37+08:00,丙辰,confirmed,hko+lunar,
2096,8,0,2096-09-16T23:12+08:00,2096-10-02T09:26+08:00,丙辰,confirmed,hko+lunar,
2096,9,0,2096-10-16T14:30+08:00,2096-10-31T19:17+08:00,丙辰,confirmed,hko+lunar,
2096,10,0,2096-11-15T08:37+08:00,2096-11-30T05:35+08:00,丙辰,confirmed,hko+lunar,
2096,11,0,2096-12-15T04:07+08:00,2096-12-29T16:25+08:00,丙辰,confirmed,hko+lunar,
2097,12,0,2097-01-13T23:01+08:00,2097-01-28T03:49+08:00,丙辰,confirmed,hko+lunar,
2097,1,0,2097-02-12T15:50+08:00,2097-02-26T16:03+08:00,丁巳,confirmed,hko+lunar,
2097,2,0,2097-03-14T05:58+08:00,2097-03-28T05:30+08:00,丁巳,confirmed,hko+lunar,
2097,3,0,2097-04-12T17:28+08:00,2097-04-26T20:10+08:00,丁巳,confirmed,hko+lunar,
2097,4,0,2097-05-12T02:41+08:00,2097-05-26T11:37+08:00,丁巳,confirmed,hko+lunar,
2097,5,0,2097-06-10T10:15+08:00,2097-06-25T03:05+08:00,丁巳,confirmed,hko+lunar,
2097,6,0,2097-07-09T16:59+08:00,2097-07-24T17:56+08:00,丁巳,confirmed,hko+lunar,
2097,7,0,2097-08-07T00:01+08:00,2097-08-23T07:54+08:00,丁巳,confirmed,hko+lunar,新月时刻 UTC+8 落 2097-08-08 00:01（跨日界，朔日按多源裁决取 2097-08-07）
2097,8,0,2097-09-06T08:35+08:00,2097-09-21T21:02+08:00,丁巳,confirmed,hko+lunar,
2097,9,0,2097-10-05T19:47+08:00,2097-10-21T09:24+08:00,丁巳,confirmed,hko+lunar,
2097,10,0,2097-11-04T10:10+08:00,2097-11-19T21:05+08:00,丁巳,confirmed,hko+lunar,
2097,11,0,2097-12-04T03:28+08:00,2097-12-19T08:05+08:00,丁巳,confirmed,hko+lunar,
2098,12,0,2098-01-02T22:34+08:00,2098-01-17T18:37+08:00,丁巳,confirmed,hko+lunar,
2098,1,0,2098-02-01T17:55+08:00,2098-02-16T05:02+08:00,戊午,confirmed,hko+lunar,
2098,2,0,2098-03-03T12:04+08:00,2098-03-17T15:44+08:00,戊午,confirmed,hko+lunar,
2098,3,0,2098-04-02T03:49+08:00,2098-04-16T03:06+08:00,戊午,confirmed,hko+lunar,
2098,4,0,2098-05-01T16:33+08:00,2098-05-15T15:18+08:00,戊午,confirmed,hko+lunar,
2098,5,0,2098-05-31T02:24+08:00,2098-06-14T04:26+08:00,戊午,confirmed,hko+lunar,
2098,6,0,2098-06-29T10:07+08:00,2098-07-13T18:36+08:00,戊午,confirmed,hko+lunar,
2098,7,0,2098-07-28T16:52+08:00,2098-08-12T09:46+08:00,戊午,confirmed,hko+lunar,
2098,8,0,2098-08-26T23:54+08:00,2098-09-11T01:35+08:00,戊午,confirmed,hko+lunar,
2098,9,0,2098-09-25T08:18+08:00,2098-10-10T17:21+08:00,戊午,confirmed,hko+lunar,
2098,10,0,2098-10-24T18:50+08:00,2098-11-09T08:16+08:00,戊午,confirmed,hko+lunar,
2098,11,0,2098-11-23T07:52+08:00,2098-12-08T21:47+08:00,戊午,confirmed,hko+lunar,
2098,12,0,2098-12-22T23:26+08:00,2099-01-07T09:52+08:00,戊午,confirmed,hko+lunar,
2099,1,0,2099-01-21T17:09+08:00,2099-02-05T20:50+08:00,己未,confirmed,hko+lunar,
2099,2,0,2099-02-20T12:07+08:00,2099-03-07T07:01+08:00,己未,confirmed,hko+lunar,
2099,2,1,2099-03-22T06:48+08:00,2099-04-05T16:39+08:00,己未,confirmed,hko+lunar,闰二月
2099,3,0,2099-04-20T23:31+08:00,2099-05-05T02:00+08:00,己未,confirmed,hko+lunar,
2099,4,0,2099-05-20T13:18+08:00,2099-06-03T11:38+08:00,己未,confirmed,hko+lunar,
2099,5,0,2099-06-19T00:12+08:00,2099-07-02T22:23+08:00,己未,confirmed,hko+lunar,
2099,6,0,2099-07-18T09:02+08:00,2099-08-01T11:01+08:00,己未,confirmed,hko+lunar,
2099,7,0,2099-08-16T16:56+08:00,2099-08-31T01:57+08:00,己未,confirmed,hko+lunar,
2099,8,0,2099-09-15T00:52+08:00,2099-09-29T18:47+08:00,己未,confirmed,hko+lunar,
2099,9,0,2099-10-14T09:34+08:00,2099-10-29T12:22+08:00,己未,confirmed,hko+lunar,
2099,10,0,2099-11-12T19:31+08:00,2099-11-28T05:24+08:00,己未,confirmed,hko+lunar,
2099,11,0,2099-12-12T07:11+08:00,2099-12-27T21:00+08:00,己未,confirmed,hko+lunar,
2100,12,0,2100-01-10T20:57+08:00,2100-01-26T10:51+08:00,己未,confirmed,hko+lunar,
2100,1,0,2100-02-09T12:56+08:00,2100-02-24T22:53+08:00,庚申,confirmed,hko+lunar,
2100,2,0,2100-03-11T06:30+08:00,2100-03-26T09:06+08:00,庚申,confirmed,hko+lunar,
2100,3,0,2100-04-10T00:18+08:00,2100-04-24T17:45+08:00,庚申,confirmed,hko+lunar,
2100,4,0,2100-05-09T16:55+08:00,2100-05-24T01:27+08:00,庚申,confirmed,hko+lunar,
2100,5,0,2100-06-08T07:33+08:00,2100-06-22T09:13+08:00,庚申,confirmed,hko+lunar,
2100,6,0,2100-07-07T20:08+08:00,2100-07-21T18:14+08:00,庚申,confirmed,hko+lunar,
2100,7,0,2100-08-06T07:03+08:00,2100-08-20T05:31+08:00,庚申,confirmed,hko+lunar,
2100,8,0,2100-09-04T16:51+08:00,2100-09-18T19:34+08:00,庚申,confirmed,hko+lunar,
2100,9,0,2100-10-04T02:04+08:00,2100-10-18T12:07+08:00,庚申,confirmed,hko+lunar,
2100,10,0,2100-11-02T11:16+08:00,2100-11-17T06:21+08:00,庚申,confirmed,hko+lunar,
2100,11,0,2100-12-01T21:02+08:00,2100-12-17T01:01+08:00,庚申,confirmed,hko+lunar,
2100,12,0,2100-12-31T07:58+08:00,2101-01-15T18:53+08:00,庚申,confirmed,hko+lunar,
2101,1,0,2101-01-29T20:26+08:00,2101-02-14T10:44+08:00,辛酉,pending,lunar,算法值（lunar-python 朔日，无官方锚点；时刻 skyfield）
2101,2,0,2101-02-28T10:26+08:00,2101-03-15T23:52+08:00,辛酉,pending,lunar,算法值（lunar-python 朔日，无官方锚点；时刻 skyfield）
2101,3,0,2101-03-30T01:32+08:00,2101-04-14T10:10+08:00,辛酉,pending,lunar,算法值（lunar-python 朔日，无官方锚点；时刻 skyfield）
2101,4,0,2101-04-28T17:11+08:00,2101-05-13T18:17+08:00,辛酉,pending,lunar,算法值（lunar-python 朔日，无官方锚点；时刻 skyfield）
2101,5,0,2101-05-28T08:51+08:00,2101-06-12T01:15+08:00,辛酉,pending,lunar,算法值（lunar-python 朔日，无官方锚点；时刻 skyfield）
2101,6,0,2101-06-27T00:07+08:00,2101-07-11T08:15+08:00,辛酉,pending,lunar,算法值（lunar-python 朔日，无官方锚点；时刻 skyfield）
2101,7,0,2101-07-26T14:33+08:00,2101-08-09T16:21+08:00,辛酉,pending,lunar,算法值（lunar-python 朔日，无官方锚点；时刻 skyfield）
2101,7,1,2101-08-25T03:48+08:00,2101-09-08T02:23+08:00,辛酉,pending,lunar,算法值（lunar-python 朔日，无官方锚点；时刻 skyfield）
2101,8,0,2101-09-23T15:42+08:00,2101-10-07T14:57+08:00,辛酉,pending,lunar,算法值（lunar-python 朔日，无官方锚点；时刻 skyfield）
2101,9,0,2101-10-23T02:31+08:00,2101-11-06T06:19+08:00,辛酉,pending,lunar,算法值（lunar-python 朔日，无官方锚点；时刻 skyfield）
2101,10,0,2101-11-21T12:50+08:00,2101-12-06T00:18+08:00,辛酉,pending,lunar,算法值（lunar-python 朔日，无官方锚点；时刻 skyfield）
2101,11,0,2101-12-20T23:16+08:00,2102-01-04T19:55+08:00,辛酉,pending,lunar,算法值（lunar-python 朔日，无官方锚点；时刻 skyfield）
