year,term,jie_zhong,datetime,source_ref,notes
1948,小寒,节,1948-01-06 18:00,lunar,
1948,大寒,中气,1948-01-21 11:18,lunar,
1948,立春,节,1948-02-05 05:42,lunar,
1948,雨水,中气,1948-02-20 01:37,lunar,
1948,惊蛰,节,1948-03-05 23:58,lunar,
1948,春分,中气,1948-03-21 00:57,lunar,
1948,清明,节,1948-04-05 05:09,lunar,
1948,谷雨,中气,1948-04-20 12:25,lunar,
1948,立夏,节,1948-05-05 22:52,lunar,
1948,小满,中气,1948-05-21 11:58,lunar,
1948,芒种,节,1948-06-06 03:20,lunar,
1948,夏至,中气,1948-06-21 20:11,lunar,
1948,小暑,节,1948-07-07 13:43,lunar,
1948,大暑,中气,1948-07-23 07:07,lunar,
1948,立秋,节,1948-08-07 23:26,lunar,
1948,处暑,中气,1948-08-23 14:03,lunar,
1948,白露,节,1948-09-08 02:05,lunar,
1948,秋分,中气,1948-09-23 11:22,lunar,
1948,寒露,节,1948-10-08 17:20,lunar,
1948,霜降,中气,1948-10-23 20:18,lunar,
1948,立冬,节,1948-11-07 20:07,lunar,
1948,小雪,中气,1948-11-22 17:29,lunar,
1948,大雪,节,1948-12-07 12:38,lunar,
1948,冬至,中气,1948-12-22 06:33,lunar,
1949,小寒,节,1949-01-05 23:41,lunar,
1949,大寒,中气,1949-01-20 17:09,lunar,
1949,立春,节,1949-02-04 11:23,lunar,
1949,雨水,中气,1949-02-19 07:27,lunar,
1949,惊蛰,节,1949-03-06 05:39,lunar,
1949,春分,中气,1949-03-21 06:48,lunar,
1949,清明,节,1949-04-05 10:52,lunar,
1949,谷雨,中气,1949-04-20 18:17,lunar,
1949,立夏,节,1949-05-06 04:37,lunar,
1949,小满,中气,1949-05-21 17:51,lunar,
1949,芒种,节,1949-06-06 09:07,lunar,
1949,夏至,中气,1949-06-22 02:03,lunar,
1949,小暑,节,1949-07-07 19:32,lunar,
1949,大暑,中气,1949-07-23 12:57,lunar,
1949,立秋,节,1949-08-08 05:15,lunar,
1949,处暑,中气,1949-08-23 19:48,lunar,
1949,白露,节,1949-09-08 07:54,lunar,
1949,秋分,中气,1949-09-23 17:06,lunar,
1949,寒露,节,1949-10-08 23:11,lunar,
1949,霜降,中气,1949-10-24 02:03,lunar,
1949,立冬,节,1949-11-08 02:00,lunar,
1949,小雪,中气,1949-11-22 23:16,lunar,
1949,大雪,节,1949-12-07 18:33,lunar,
1949,冬至,中气,1949-12-22 12:23,lunar,
1950,小寒,节,1950-01-06 05:39,lunar,
1950,大寒,中气,1950-01-20 23:00,lunar,
1950,立春,节,1950-02-04 17:21,lunar,
1950,雨水,中气,1950-02-19 13:17,lunar,
1950,惊蛰,节,1950-03-06 11:35,lunar,
1950,春分,中气,1950-03-21 12:35,lunar,
1950,清明,节,1950-04-05 16:44,lunar,
1950,谷雨,中气,1950-04-20 23:59,lunar,
1950,立夏,节,1950-05-06 10:25,lunar,
1950,小满,中气,1950-05-21 23:27,lunar,
1950,芒种,节,1950-06-06 14:51,lunar,
1950,夏至,中气,1950-06-22 07:36,lunar,
1950,小暑,节,1950-07-08 01:13,lunar,
1950,大暑,中气,1950-07-23 18:30,lunar,
1950,立秋,节,1950-08-08 10:55,lunar,
1950,处暑,中气,1950-08-24 01:23,lunar,
1950,白露,节,1950-09-08 13:34,lunar,
1950,秋分,中气,1950-09-23 22:44,lunar,
1950,寒露,节,1950-10-09 04:52,lunar,
1950,霜降,中气,1950-10-24 07:45,lunar,
1950,立冬,节,1950-11-08 07:44,lunar,
1950,小雪,中气,1950-11-23 05:02,lunar,
1950,大雪,节,1950-12-08 00:22,lunar,
1950,冬至,中气,1950-12-22 18:13,lunar,
1951,小寒,节,1951-01-06 11:30,lunar,
1951,大寒,中气,1951-01-21 04:52,lunar,
1951,立春,节,1951-02-04 23:13,lunar,
1951,雨水,中气,1951-02-19 19:10,lunar,
1951,惊蛰,节,1951-03-06 17:27,lunar,
1951,春分,中气,1951-03-21 18:26,lunar,
1951,清明,节,1951-04-05 22:33,lunar,
1951,谷雨,中气,1951-04-21 05:48,lunar,
1951,立夏,节,1951-05-06 16:09,lunar,
1951,小满,中气,1951-05-22 05:15,lunar,
1951,芒种,节,1951-06-06 20:33,lunar,
1951,夏至,中气,1951-06-22 13:25,lunar,
1951,小暑,节,1951-07-08 06:54,lunar,
1951,大暑,中气,1951-07-24 00:21,lunar,
1951,立秋,节,1951-08-08 16:37,lunar,
1951,处暑,中气,1951-08-24 07:16,lunar,
1951,白露,节,1951-09-08 19:18,lunar,
1951,秋分,中气,1951-09-24 04:37,lunar,
1951,寒露,节,1951-10-09 10:36,lunar,
1951,霜降,中气,1951-10-24 13:36,lunar,
1951,立冬,节,1951-11-08 13:27,lunar,
1951,小雪,中气,1951-11-23 10:51,lunar,
1951,大雪,节,1951-12-08 06:02,lunar,
1951,冬至,中气,1951-12-23 00:00,lunar,
1952,小寒,节,1952-01-06 17:10,lunar,
1952,大寒,中气,1952-01-21 10:38,lunar,
1952,立春,节,1952-02-05 04:53,lunar,
1952,雨水,中气,1952-02-20 00:57,lunar,
1952,惊蛰,节,1952-03-05 23:07,lunar,
1952,春分,中气,1952-03-21 00:14,lunar,
1952,清明,节,1952-04-05 04:15,lunar,
1952,谷雨,中气,1952-04-20 11:37,lunar,
1952,立夏,节,1952-05-05 21:54,lunar,
1952,小满,中气,1952-05-21 11:04,lunar,
1952,芒种,节,1952-06-06 02:20,lunar,
1952,夏至,中气,1952-06-21 19:13,lunar,
1952,小暑,节,1952-07-07 12:45,lunar,
1952,大暑,中气,1952-07-23 06:07,lunar,
1952,立秋,节,1952-08-07 22:31,lunar,
1952,处暑,中气,1952-08-23 13:03,lunar,
1952,白露,节,1952-09-08 01:14,lunar,
1952,秋分,中气,1952-09-23 10:24,lunar,
1952,寒露,节,1952-10-08 16:32,lunar,
1952,霜降,中气,1952-10-23 19:22,lunar,
1952,立冬,节,1952-11-07 19:22,lunar,
1952,小雪,中气,1952-11-22 16:36,lunar,
1952,大雪,节,1952-12-07 11:56,lunar,
1952,冬至,中气,1952-12-22 05:43,lunar,
1953,小寒,节,1953-01-05 23:02,lunar,
1953,大寒,中气,1953-01-20 16:21,lunar,
1953,立春,节,1953-02-04 10:46,lunar,
1953,雨水,中气,1953-02-19 06:41,lunar,
1953,惊蛰,节,1953-03-06 05:02,lunar,
1953,春分,中气,1953-03-21 06:01,lunar,
1953,清明,节,1953-04-05 10:13,lunar,
1953,谷雨,中气,1953-04-20 17:25,lunar,
1953,立夏,节,1953-05-06 03:52,lunar,
1953,小满,中气,1953-05-21 16:53,lunar,
1953,芒种,节,1953-06-06 08:16,lunar,
1953,夏至,中气,1953-06-22 01:00,lunar,
1953,小暑,节,1953-07-07 18:35,lunar,
1953,大暑,中气,1953-07-23 11:52,lunar,
1953,立秋,节,1953-08-08 04:15,lunar,
1953,处暑,中气,1953-08-23 18:45,lunar,
1953,白露,节,1953-09-08 06:53,lunar,
1953,秋分,中气,1953-09-23 16:06,lunar,
1953,寒露,节,1953-10-08 22:10,lunar,
1953,霜降,中气,1953-10-24 01:06,lunar,
1953,立冬,节,1953-11-08 01:01,lunar,
1953,小雪,中气,1953-11-22 22:22,lunar,
1953,大雪,节,1953-12-07 17:37,lunar,
1953,冬至,中气,1953-12-22 11:31,lunar,
1954,小寒,节,1954-01-06 04:45,lunar,
1954,大寒,中气,1954-01-20 22:11,lunar,
1954,立春,节,1954-02-04 16:31,lunar,
1954,雨水,中气,1954-02-19 12:32,lunar,
1954,惊蛰,节,1954-03-06 10:49,lunar,
1954,春分,中气,1954-03-21 11:53,lunar,
1954,清明,节,1954-04-05 15:59,lunar,
1954,谷雨,中气,1954-04-20 23:20,lunar,
1954,立夏,节,1954-05-06 09:38,lunar,
1954,小满,中气,1954-05-21 22:47,lunar,
1954,芒种,节,1954-06-06 14:01,lunar,
1954,夏至,中气,1954-06-22 06:54,lunar,
1954,小暑,节,1954-07-08 00:19,lunar,
1954,大暑,中气,1954-07-23 17:45,lunar,
1954,立秋,节,1954-08-08 09:59,lunar,
1954,处暑,中气,1954-08-24 00:36,lunar,
1954,白露,节,1954-09-08 12:38,lunar,
1954,秋分,中气,1954-09-23 21:55,lunar,
1954,寒露,节,1954-10-09 03:57,lunar,
1954,霜降,中气,1954-10-24 06:56,lunar,
1954,立冬,节,1954-11-08 06:51,lunar,
1954,小雪,中气,1954-11-23 04:14,lunar,
1954,大雪,节,1954-12-07 23:28,lunar,
1954,冬至,中气,1954-12-22 17:24,lunar,
1955,小寒,节,1955-01-06 10:36,lunar,
1955,大寒,中气,1955-01-21 04:02,lunar,
1955,立春,节,1955-02-04 22:18,lunar,
1955,雨水,中气,1955-02-19 18:19,lunar,
1955,惊蛰,节,1955-03-06 16:31,lunar,
1955,春分,中气,1955-03-21 17:35,lunar,
1955,清明,节,1955-04-05 21:39,lunar,
1955,谷雨,中气,1955-04-21 04:58,lunar,
1955,立夏,节,1955-05-06 15:18,lunar,
1955,小满,中气,1955-05-22 04:24,lunar,
1955,芒种,节,1955-06-06 19:43,lunar,
1955,夏至,中气,1955-06-22 12:31,lunar,
1955,小暑,节,1955-07-08 06:06,lunar,
1955,大暑,中气,1955-07-23 23:25,lunar,
1955,立秋,节,1955-08-08 15:50,lunar,
1955,处暑,中气,1955-08-24 06:19,lunar,
1955,白露,节,1955-09-08 18:32,lunar,
1955,秋分,中气,1955-09-24 03:41,lunar,
1955,寒露,节,1955-10-09 09:52,lunar,
1955,霜降,中气,1955-10-24 12:43,lunar,
1955,立冬,节,1955-11-08 12:45,lunar,
1955,小雪,中气,1955-11-23 10:01,lunar,
1955,大雪,节,1955-12-08 05:23,lunar,
1955,冬至,中气,1955-12-22 23:11,lunar,
1956,小寒,节,1956-01-06 16:30,lunar,
1956,大寒,中气,1956-01-21 09:48,lunar,
1956,立春,节,1956-02-05 04:12,lunar,
1956,雨水,中气,1956-02-20 00:05,lunar,
1956,惊蛰,节,1956-03-05 22:24,lunar,
1956,春分,中气,1956-03-20 23:20,lunar,
1956,清明,节,1956-04-05 03:31,lunar,
1956,谷雨,中气,1956-04-20 10:43,lunar,
1956,立夏,节,1956-05-05 21:10,lunar,
1956,小满,中气,1956-05-21 10:13,lunar,
1956,芒种,节,1956-06-06 01:36,lunar,
1956,夏至,中气,1956-06-21 18:24,lunar,
1956,小暑,节,1956-07-07 11:58,lunar,
1956,大暑,中气,1956-07-23 05:20,lunar,
1956,立秋,节,1956-08-07 21:40,lunar,
1956,处暑,中气,1956-08-23 12:15,lunar,
1956,白露,节,1956-09-08 00:19,lunar,
1956,秋分,中气,1956-09-23 09:35,lunar,
1956,寒露,节,1956-10-08 15:36,lunar,
1956,霜降,中气,1956-10-23 18:34,lunar,
1956,立冬,节,1956-11-07 18:26,lunar,
1956,小雪,中气,1956-11-22 15:50,lunar,
1956,大雪,节,1956-12-07 11:02,lunar,
1956,冬至,中气,1956-12-22 04:59,lunar,
1957,小寒,节,1957-01-05 22:10,lunar,
1957,大寒,中气,1957-01-20 15:39,lunar,
1957,立春,节,1957-02-04 09:55,lunar,
1957,雨水,中气,1957-02-19 05:58,lunar,
1957,惊蛰,节,1957-03-06 04:10,lunar,
1957,春分,中气,1957-03-21 05:16,lunar,
1957,清明,节,1957-04-05 09:19,lunar,
1957,谷雨,中气,1957-04-20 16:41,lunar,
1957,立夏,节,1957-05-06 02:58,lunar,
1957,小满,中气,1957-05-21 16:10,lunar,
1957,芒种,节,1957-06-06 07:25,lunar,
1957,夏至,中气,1957-06-22 00:20,lunar,
1957,小暑,节,1957-07-07 17:48,lunar,
1957,大暑,中气,1957-07-23 11:15,lunar,
1957,立秋,节,1957-08-08 03:32,lunar,
1957,处暑,中气,1957-08-23 18:08,lunar,
1957,白露,节,1957-09-08 06:12,lunar,
1957,秋分,中气,1957-09-23 15:26,lunar,
1957,寒露,节,1957-10-08 21:30,lunar,
1957,霜降,中气,1957-10-24 00:24,lunar,
1957,立冬,节,1957-11-08 00:20,lunar,
1957,小雪,中气,1957-11-22 21:39,lunar,
1957,大雪,节,1957-12-07 16:56,lunar,
1957,冬至,中气,1957-12-22 10:49,lunar,
1958,小寒,节,1958-01-06 04:04,lunar,
1958,大寒,中气,1958-01-20 21:28,lunar,
1958,立春,节,1958-02-04 15:49,lunar,
1958,雨水,中气,1958-02-19 11:48,lunar,
1958,惊蛰,节,1958-03-06 10:05,lunar,
1958,春分,中气,1958-03-21 11:06,lunar,
1958,清明,节,1958-04-05 15:12,lunar,
1958,谷雨,中气,1958-04-20 22:27,lunar,
1958,立夏,节,1958-05-06 08:49,lunar,
1958,小满,中气,1958-05-21 21:51,lunar,
1958,芒种,节,1958-06-06 13:12,lunar,
1958,夏至,中气,1958-06-22 05:57,lunar,
1958,小暑,节,1958-07-07 23:33,lunar,
1958,大暑,中气,1958-07-23 16:50,lunar,
1958,立秋,节,1958-08-08 09:17,lunar,
1958,处暑,中气,1958-08-23 23:46,lunar,
1958,白露,节,1958-09-08 11:59,lunar,
1958,秋分,中气,1958-09-23 21:09,lunar,
1958,寒露,节,1958-10-09 03:19,lunar,
1958,霜降,中气,1958-10-24 06:11,lunar,
1958,立冬,节,1958-11-08 06:12,lunar,
1958,小雪,中气,1958-11-23 03:29,lunar,
1958,大雪,节,1958-12-07 22:50,lunar,
1958,冬至,中气,1958-12-22 16:40,lunar,
1959,小寒,节,1959-01-06 09:58,lunar,
1959,大寒,中气,1959-01-21 03:19,lunar,
1959,立春,节,1959-02-04 21:42,lunar,
1959,雨水,中气,1959-02-19 17:38,lunar,
1959,惊蛰,节,1959-03-06 15:57,lunar,
1959,春分,中气,1959-03-21 16:54,lunar,
1959,清明,节,1959-04-05 21:03,lunar,
1959,谷雨,中气,1959-04-21 04:16,lunar,
1959,立夏,节,1959-05-06 14:39,lunar,
1959,小满,中气,1959-05-22 03:42,lunar,
1959,芒种,节,1959-06-06 19:00,lunar,
1959,夏至,中气,1959-06-22 11:50,lunar,
1959,小暑,节,1959-07-08 05:20,lunar,
1959,大暑,中气,1959-07-23 22:45,lunar,
1959,立秋,节,1959-08-08 15:04,lunar,
1959,处暑,中气,1959-08-24 05:43,lunar,
1959,白露,节,1959-09-08 17:48,lunar,
1959,秋分,中气,1959-09-24 03:08,lunar,
1959,寒露,节,1959-10-09 09:10,lunar,
1959,霜降,中气,1959-10-24 12:11,lunar,
1959,立冬,节,1959-11-08 12:02,lunar,
1959,小雪,中气,1959-11-23 09:27,lunar,
1959,大雪,节,1959-12-08 04:37,lunar,
1959,冬至,中气,1959-12-22 22:34,lunar,
1960,小寒,节,1960-01-06 15:42,lunar,
1960,大寒,中气,1960-01-21 09:10,lunar,
1960,立春,节,1960-02-05 03:23,lunar,
1960,雨水,中气,1960-02-19 23:26,lunar,
1960,惊蛰,节,1960-03-05 21:36,lunar,
1960,春分,中气,1960-03-20 22:43,lunar,
1960,清明,节,1960-04-05 02:44,lunar,
1960,谷雨,中气,1960-04-20 10:06,lunar,
1960,立夏,节,1960-05-05 20:23,lunar,
1960,小满,中气,1960-05-21 09:33,lunar,
1960,芒种,节,1960-06-06 00:49,lunar,
1960,夏至,中气,1960-06-21 17:42,lunar,
1960,小暑,节,1960-07-07 11:13,lunar,
1960,大暑,中气,1960-07-23 04:37,lunar,
1960,立秋,节,1960-08-07 21:00,lunar,
1960,处暑,中气,1960-08-23 11:34,lunar,
1960,白露,节,1960-09-07 23:45,lunar,
1960,秋分,中气,1960-09-23 08:59,lunar,
1960,寒露,节,1960-10-08 15:09,lunar,
1960,霜降,中气,1960-10-23 18:02,lunar,
1960,立冬,节,1960-11-07 18:02,lunar,
1960,小雪,中气,1960-11-22 15:18,lunar,
1960,大雪,节,1960-12-07 10:38,lunar,
1960,冬至,中气,1960-12-22 04:26,lunar,
1961,小寒,节,1961-01-05 21:43,lunar,
1961,大寒,中气,1961-01-20 15:01,lunar,
1961,立春,节,1961-02-04 09:22,lunar,
1961,雨水,中气,1961-02-19 05:16,lunar,
1961,惊蛰,节,1961-03-06 03:35,lunar,
1961,春分,中气,1961-03-21 04:32,lunar,
1961,清明,节,1961-04-05 08:42,lunar,
1961,谷雨,中气,1961-04-20 15:55,lunar,
1961,立夏,节,1961-05-06 02:21,lunar,
1961,小满,中气,1961-05-21 15:22,lunar,
1961,芒种,节,1961-06-06 06:46,lunar,
1961,夏至,中气,1961-06-21 23:30,lunar,
1961,小暑,节,1961-07-07 17:07,lunar,
1961,大暑,中气,1961-07-23 10:24,lunar,
1961,立秋,节,1961-08-08 02:48,lunar,
1961,处暑,中气,1961-08-23 17:19,lunar,
1961,白露,节,1961-09-08 05:29,lunar,
1961,秋分,中气,1961-09-23 14:42,lunar,
1961,寒露,节,1961-10-08 20:51,lunar,
1961,霜降,中气,1961-10-23 23:47,lunar,
1961,立冬,节,1961-11-07 23:46,lunar,
1961,小雪,中气,1961-11-22 21:08,lunar,
1961,大雪,节,1961-12-07 16:26,lunar,
1961,冬至,中气,1961-12-22 10:19,lunar,
1962,小寒,节,1962-01-06 03:35,lunar,
1962,大寒,中气,1962-01-20 20:58,lunar,
1962,立春,节,1962-02-04 15:17,lunar,
1962,雨水,中气,1962-02-19 11:15,lunar,
1962,惊蛰,节,1962-03-06 09:29,lunar,
1962,春分,中气,1962-03-21 10:30,lunar,
1962,清明,节,1962-04-05 14:34,lunar,
1962,谷雨,中气,1962-04-20 21:51,lunar,
1962,立夏,节,1962-05-06 08:09,lunar,
1962,小满,中气,1962-05-21 21:17,lunar,
1962,芒种,节,1962-06-06 12:31,lunar,
1962,夏至,中气,1962-06-22 05:24,lunar,
1962,小暑,节,1962-07-07 22:51,lunar,
1962,大暑,中气,1962-07-23 16:18,lunar,
1962,立秋,节,1962-08-08 08:34,lunar,
1962,处暑,中气,1962-08-23 23:12,lunar,
1962,白露,节,1962-09-08 11:15,lunar,
1962,秋分,中气,1962-09-23 20:35,lunar,
1962,寒露,节,1962-10-09 02:38,lunar,
1962,霜降,中气,1962-10-24 05:40,lunar,
1962,立冬,节,1962-11-08 05:35,lunar,
1962,小雪,中气,1962-11-23 03:02,lunar,
1962,大雪,节,1962-12-07 22:17,lunar,
1962,冬至,中气,1962-12-22 16:15,lunar,
1963,小寒,节,1963-01-06 09:26,lunar,
1963,大寒,中气,1963-01-21 02:54,lunar,
1963,立春,节,1963-02-04 21:08,lunar,
1963,雨水,中气,1963-02-19 17:09,lunar,
1963,惊蛰,节,1963-03-06 15:17,lunar,
1963,春分,中气,1963-03-21 16:20,lunar,
1963,清明,节,1963-04-05 20:19,lunar,
1963,谷雨,中气,1963-04-21 03:36,lunar,
1963,立夏,节,1963-05-06 13:52,lunar,
1963,小满,中气,1963-05-22 02:58,lunar,
1963,芒种,节,1963-06-06 18:14,lunar,
1963,夏至,中气,1963-06-22 11:04,lunar,
1963,小暑,节,1963-07-08 04:38,lunar,
1963,大暑,中气,1963-07-23 21:59,lunar,
1963,立秋,节,1963-08-08 14:25,lunar,
1963,处暑,中气,1963-08-24 04:57,lunar,
1963,白露,节,1963-09-08 17:12,lunar,
1963,秋分,中气,1963-09-24 02:23,lunar,
1963,寒露,节,1963-10-09 08:36,lunar,
1963,霜降,中气,1963-10-24 11:29,lunar,
1963,立冬,节,1963-11-08 11:32,lunar,
1963,小雪,中气,1963-11-23 08:49,lunar,
1963,大雪,节,1963-12-08 04:13,lunar,
1963,冬至,中气,1963-12-22 22:02,lunar,
1964,小寒,节,1964-01-06 15:22,lunar,
1964,大寒,中气,1964-01-21 08:41,lunar,
1964,立春,节,1964-02-05 03:05,lunar,
1964,雨水,中气,1964-02-19 22:57,lunar,
1964,惊蛰,节,1964-03-05 21:16,lunar,
1964,春分,中气,1964-03-20 22:10,lunar,
1964,清明,节,1964-04-05 02:18,lunar,
1964,谷雨,中气,1964-04-20 09:27,lunar,
1964,立夏,节,1964-05-05 19:51,lunar,
1964,小满,中气,1964-05-21 08:50,lunar,
1964,芒种,节,1964-06-06 00:12,lunar,
1964,夏至,中气,1964-06-21 16:57,lunar,
1964,小暑,节,1964-07-07 10:32,lunar,
1964,大暑,中气,1964-07-23 03:53,lunar,
1964,立秋,节,1964-08-07 20:16,lunar,
1964,处暑,中气,1964-08-23 10:51,lunar,
1964,白露,节,1964-09-07 22:59,lunar,
1964,秋分,中气,1964-09-23 08:17,lunar,
1964,寒露,节,1964-10-08 14:22,lunar,
1964,霜降,中气,1964-10-23 17:21,lunar,
1964,立冬,节,1964-11-07 17:15,lunar,
1964,小雪,中气,1964-11-22 14:39,lunar,
1964,大雪,节,1964-12-07 09:53,lunar,
1964,冬至,中气,1964-12-22 03:50,lunar,
1965,小寒,节,1965-01-05 21:02,lunar,
1965,大寒,中气,1965-01-20 14:29,lunar,
1965,立春,节,1965-02-04 08:46,lunar,
1965,雨水,中气,1965-02-19 04:48,lunar,
1965,惊蛰,节,1965-03-06 03:01,lunar,
1965,春分,中气,1965-03-21 04:05,lunar,
1965,清明,节,1965-04-05 08:07,lunar,
1965,谷雨,中气,1965-04-20 15:26,lunar,
1965,立夏,节,1965-05-06 01:42,lunar,
1965,小满,中气,1965-05-21 14:50,lunar,
1965,芒种,节,1965-06-06 06:02,lunar,
1965,夏至,中气,1965-06-21 22:56,lunar,
1965,小暑,节,1965-07-07 16:21,lunar,
1965,大暑,中气,1965-07-23 09:48,lunar,
1965,立秋,节,1965-08-08 02:05,lunar,
1965,处暑,中气,1965-08-23 16:43,lunar,
1965,白露,节,1965-09-08 04:48,lunar,
1965,秋分,中气,1965-09-23 14:06,lunar,
1965,寒露,节,1965-10-08 20:11,lunar,
1965,霜降,中气,1965-10-23 23:10,lunar,
1965,立冬,节,1965-11-07 23:07,lunar,
1965,小雪,中气,1965-11-22 20:29,lunar,
1965,大雪,节,1965-12-07 15:46,lunar,
1965,冬至,中气,1965-12-22 09:40,lunar,
1966,小寒,节,1966-01-06 02:54,lunar,
1966,大寒,中气,1966-01-20 20:20,lunar,
1966,立春,节,1966-02-04 14:38,lunar,
1966,雨水,中气,1966-02-19 10:38,lunar,
1966,惊蛰,节,1966-03-06 08:51,lunar,
1966,春分,中气,1966-03-21 09:53,lunar,
1966,清明,节,1966-04-05 13:56,lunar,
1966,谷雨,中气,1966-04-20 21:12,lunar,
1966,立夏,节,1966-05-06 07:30,lunar,
1966,小满,中气,1966-05-21 20:32,lunar,
1966,芒种,节,1966-06-06 11:50,lunar,
1966,夏至,中气,1966-06-22 04:33,lunar,
1966,小暑,节,1966-07-07 22:07,lunar,
1966,大暑,中气,1966-07-23 15:23,lunar,
1966,立秋,节,1966-08-08 07:49,lunar,
1966,处暑,中气,1966-08-23 22:18,lunar,
1966,白露,节,1966-09-08 10:32,lunar,
1966,秋分,中气,1966-09-23 19:43,lunar,
1966,寒露,节,1966-10-09 01:57,lunar,
1966,霜降,中气,1966-10-24 04:51,lunar,
1966,立冬,节,1966-11-08 04:55,lunar,
1966,小雪,中气,1966-11-23 02:14,lunar,
1966,大雪,节,1966-12-07 21:38,lunar,
1966,冬至,中气,1966-12-22 15:28,lunar,
1967,小寒,节,1967-01-06 08:48,lunar,
1967,大寒,中气,1967-01-21 02:08,lunar,
1967,立春,节,1967-02-04 20:31,lunar,
1967,雨水,中气,1967-02-19 16:24,lunar,
1967,惊蛰,节,1967-03-06 14:42,lunar,
1967,春分,中气,1967-03-21 15:37,lunar,
1967,清明,节,1967-04-05 19:45,lunar,
1967,谷雨,中气,1967-04-21 02:55,lunar,
1967,立夏,节,1967-05-06 13:17,lunar,
1967,小满,中气,1967-05-22 02:18,lunar,
1967,芒种,节,1967-06-06 17:36,lunar,
1967,夏至,中气,1967-06-22 10:23,lunar,
1967,小暑,节,1967-07-08 03:53,lunar,
1967,大暑,中气,1967-07-23 21:16,lunar,
1967,立秋,节,1967-08-08 13:35,lunar,
1967,处暑,中气,1967-08-24 04:12,lunar,
1967,白露,节,1967-09-08 16:18,lunar,
1967,秋分,中气,1967-09-24 01:38,lunar,
1967,寒露,节,1967-10-09 07:41,lunar,
1967,霜降,中气,1967-10-24 10:44,lunar,
1967,立冬,节,1967-11-08 10:37,lunar,
1967,小雪,中气,1967-11-23 08:04,lunar,
1967,大雪,节,1967-12-08 03:17,lunar,
1967,冬至,中气,1967-12-22 21:16,lunar,
1968,小寒,节,1968-01-06 14:26,lunar,
1968,大寒,中气,1968-01-21 07:54,lunar,
1968,立春,节,1968-02-05 02:07,lunar,
1968,雨水,中气,1968-02-19 22:09,lunar,
1968,惊蛰,节,1968-03-05 20:18,lunar,
1968,春分,中气,1968-03-20 21:22,lunar,
1968,清明,节,1968-04-05 01:21,lunar,
1968,谷雨,中气,1968-04-20 08:41,lunar,
1968,立夏,节,1968-05-05 18:56,lunar,
1968,小满,中气,1968-05-21 08:06,lunar,
1968,芒种,节,1968-06-05 23:19,lunar,
1968,夏至,中气,1968-06-21 16:13,lunar,
1968,小暑,节,1968-07-07 09:42,lunar,
1968,大暑,中气,1968-07-23 03:07,lunar,
1968,立秋,节,1968-08-07 19:27,lunar,
1968,处暑,中气,1968-08-23 10:03,lunar,
1968,白露,节,1968-09-07 22:11,lunar,
1968,秋分,中气,1968-09-23 07:26,lunar,
1968,寒露,节,1968-10-08 13:34,lunar,
1968,霜降,中气,1968-10-23 16:30,lunar,
1968,立冬,节,1968-11-07 16:29,lunar,
1968,小雪,中气,1968-11-22 13:49,lunar,
1968,大雪,节,1968-12-07 09:08,lunar,
1968,冬至,中气,1968-12-22 03:00,lunar,
1969,小寒,节,1969-01-05 20:17,lunar,
1969,大寒,中气,1969-01-20 13:38,lunar,
1969,立春,节,1969-02-04 07:59,lunar,
1969,雨水,中气,1969-02-19 03:54,lunar,
1969,惊蛰,节,1969-03-06 02:11,lunar,
1969,春分,中气,1969-03-21 03:08,lunar,
1969,清明,节,1969-04-05 07:15,lunar,
1969,谷雨,中气,1969-04-20 14:27,lunar,
1969,立夏,节,1969-05-06 00:50,lunar,
1969,小满,中气,1969-05-21 13:50,lunar,
1969,芒种,节,1969-06-06 05:11,lunar,
1969,夏至,中气,1969-06-21 21:55,lunar,
1969,小暑,节,1969-07-07 15:32,lunar,
1969,大暑,中气,1969-07-23 08:48,lunar,
1969,立秋,节,1969-08-08 01:14,lunar,
1969,处暑,中气,1969-08-23 15:43,lunar,
1969,白露,节,1969-09-08 03:55,lunar,
1969,秋分,中气,1969-09-23 13:07,lunar,
1969,寒露,节,1969-10-08 19:17,lunar,
1969,霜降,中气,1969-10-23 22:11,lunar,
1969,立冬,节,1969-11-07 22:11,lunar,
1969,小雪,中气,1969-11-22 19:31,lunar,
1969,大雪,节,1969-12-07 14:51,lunar,
1969,冬至,中气,1969-12-22 08:44,lunar,
1970,小寒,节,1970-01-06 02:02,lunar,
1970,大寒,中气,1970-01-20 19:24,lunar,
1970,立春,节,1970-02-04 13:46,lunar,
1970,雨水,中气,1970-02-19 09:42,lunar,
1970,惊蛰,节,1970-03-06 07:58,lunar,
1970,春分,中气,1970-03-21 08:56,lunar,
1970,清明,节,1970-04-05 13:02,lunar,
1970,谷雨,中气,1970-04-20 20:15,lunar,
1970,立夏,节,1970-05-06 06:34,lunar,
1970,小满,中气,1970-05-21 19:37,lunar,
1970,芒种,节,1970-06-06 10:52,lunar,
1970,夏至,中气,1970-06-22 03:43,lunar,
1970,小暑,节,1970-07-07 21:11,lunar,
1970,大暑,中气,1970-07-23 14:37,lunar,
1970,立秋,节,1970-08-08 06:54,lunar,
1970,处暑,中气,1970-08-23 21:34,lunar,
1970,白露,节,1970-09-08 09:38,lunar,
1970,秋分,中气,1970-09-23 18:59,lunar,
1970,寒露,节,1970-10-09 01:02,lunar,
1970,霜降,中气,1970-10-24 04:04,lunar,
1970,立冬,节,1970-11-08 03:58,lunar,
1970,小雪,中气,1970-11-23 01:25,lunar,
1970,大雪,节,1970-12-07 20:37,lunar,
1970,冬至,中气,1970-12-22 14:36,lunar,
1971,小寒,节,1971-01-06 07:45,lunar,
1971,大寒,中气,1971-01-21 01:13,lunar,
1971,立春,节,1971-02-04 19:25,lunar,
1971,雨水,中气,1971-02-19 15:27,lunar,
1971,惊蛰,节,1971-03-06 13:35,lunar,
1971,春分,中气,1971-03-21 14:38,lunar,
1971,清明,节,1971-04-05 18:36,lunar,
1971,谷雨,中气,1971-04-21 01:54,lunar,
1971,立夏,节,1971-05-06 12:08,lunar,
1971,小满,中气,1971-05-22 01:15,lunar,
1971,芒种,节,1971-06-06 16:29,lunar,
1971,夏至,中气,1971-06-22 09:20,lunar,
1971,小暑,节,1971-07-08 02:51,lunar,
1971,大暑,中气,1971-07-23 20:15,lunar,
1971,立秋,节,1971-08-08 12:40,lunar,
1971,处暑,中气,1971-08-24 03:15,lunar,
1971,白露,节,1971-09-08 15:30,lunar,
1971,秋分,中气,1971-09-24 00:45,lunar,
1971,寒露,节,1971-10-09 06:59,lunar,
1971,霜降,中气,1971-10-24 09:53,lunar,
1971,立冬,节,1971-11-08 09:57,lunar,
1971,小雪,中气,1971-11-23 07:14,lunar,
1971,大雪,节,1971-12-08 02:36,lunar,
1971,冬至,中气,1971-12-22 20:24,lunar,
1972,小寒,节,1972-01-06 13:42,lunar,
1972,大寒,中气,1972-01-21 06:59,lunar,
1972,立春,节,1972-02-05 01:20,lunar,
1972,雨水,中气,1972-02-19 21:11,lunar,
1972,惊蛰,节,1972-03-05 19:28,lunar,
1972,春分,中气,1972-03-20 20:21,lunar,
1972,清明,节,1972-04-05 00:29,lunar,
1972,谷雨,中气,1972-04-20 07:37,lunar,
1972,立夏,节,1972-05-05 18:01,lunar,
1972,小满,中气,1972-05-21 06:59,lunar,
1972,芒种,节,1972-06-05 22:22,lunar,
1972,夏至,中气,1972-06-21 15:06,lunar,
1972,小暑,节,1972-07-07 08:43,lunar,
1972,大暑,中气,1972-07-23 02:03,lunar,
1972,立秋,节,1972-08-07 18:28,lunar,
1972,处暑,中气,1972-08-23 09:03,lunar,
1972,白露,节,1972-09-07 21:15,lunar,
1972,秋分,中气,1972-09-23 06:33,lunar,
1972,寒露,节,1972-10-08 12:42,lunar,
1972,霜降,中气,1972-10-23 15:41,lunar,
1972,立冬,节,1972-11-07 15:39,lunar,
1972,小雪,中气,1972-11-22 13:03,lunar,
1972,大雪,节,1972-12-07 08:19,lunar,
1972,冬至,中气,1972-12-22 02:13,lunar,
1973,小寒,节,1973-01-05 19:25,lunar,
1973,大寒,中气,1973-01-20 12:48,lunar,
1973,立春,节,1973-02-04 07:04,lunar,
1973,雨水,中气,1973-02-19 03:01,lunar,
1973,惊蛰,节,1973-03-06 01:13,lunar,
1973,春分,中气,1973-03-21 02:12,lunar,
1973,清明,节,1973-04-05 06:14,lunar,
1973,谷雨,中气,1973-04-20 13:30,lunar,
1973,立夏,节,1973-05-05 23:46,lunar,
1973,小满,中气,1973-05-21 12:54,lunar,
1973,芒种,节,1973-06-06 04:07,lunar,
1973,夏至,中气,1973-06-21 21:01,lunar,
1973,小暑,节,1973-07-07 14:27,lunar,
1973,大暑,中气,1973-07-23 07:56,lunar,
1973,立秋,节,1973-08-08 00:13,lunar,
1973,处暑,中气,1973-08-23 14:53,lunar,
1973,白露,节,1973-09-08 02:59,lunar,
1973,秋分,中气,1973-09-23 12:21,lunar,
1973,寒露,节,1973-10-08 18:27,lunar,
1973,霜降,中气,1973-10-23 21:30,lunar,
1973,立冬,节,1973-11-07 21:28,lunar,
1973,小雪,中气,1973-11-22 18:54,lunar,
1973,大雪,节,1973-12-07 14:10,lunar,
1973,冬至,中气,1973-12-22 08:08,lunar,
1974,小寒,节,1974-01-06 01:20,lunar,
1974,大寒,中气,1974-01-20 18:46,lunar,
1974,立春,节,1974-02-04 13:00,lunar,
1974,雨水,中气,1974-02-19 08:59,lunar,
1974,惊蛰,节,1974-03-06 07:07,lunar,
1974,春分,中气,1974-03-21 08:07,lunar,
1974,清明,节,1974-04-05 12:05,lunar,
1974,谷雨,中气,1974-04-20 19:19,lunar,
1974,立夏,节,1974-05-06 05:34,lunar,
1974,小满,中气,1974-05-21 18:36,lunar,
1974,芒种,节,1974-06-06 09:52,lunar,
1974,夏至,中气,1974-06-22 02:38,lunar,
1974,小暑,节,1974-07-07 20:11,lunar,
1974,大暑,中气,1974-07-23 13:30,lunar,
1974,立秋,节,1974-08-08 05:57,lunar,
1974,处暑,中气,1974-08-23 20:29,lunar,
1974,白露,节,1974-09-08 08:45,lunar,
1974,秋分,中气,1974-09-23 17:58,lunar,
1974,寒露,节,1974-10-09 00:15,lunar,
1974,霜降,中气,1974-10-24 03:11,lunar,
1974,立冬,节,1974-11-08 03:18,lunar,
1974,小雪,中气,1974-11-23 00:38,lunar,
1974,大雪,节,1974-12-07 20:05,lunar,
1974,冬至,中气,1974-12-22 13:56,lunar,
1975,小寒,节,1975-01-06 07:18,lunar,
1975,大寒,中气,1975-01-21 00:36,lunar,
1975,立春,节,1975-02-04 18:59,lunar,
1975,雨水,中气,1975-02-19 14:50,lunar,
1975,惊蛰,节,1975-03-06 13:06,lunar,
1975,春分,中气,1975-03-21 13:57,lunar,
1975,清明,节,1975-04-05 18:02,lunar,
1975,谷雨,中气,1975-04-21 01:07,lunar,
1975,立夏,节,1975-05-06 11:27,lunar,
1975,小满,中气,1975-05-22 00:24,lunar,
1975,芒种,节,1975-06-06 15:42,lunar,
1975,夏至,中气,1975-06-22 08:26,lunar,
1975,小暑,节,1975-07-08 01:59,lunar,
1975,大暑,中气,1975-07-23 19:22,lunar,
1975,立秋,节,1975-08-08 11:45,lunar,
1975,处暑,中气,1975-08-24 02:24,lunar,
1975,白露,节,1975-09-08 14:33,lunar,
1975,秋分,中气,1975-09-23 23:55,lunar,
1975,寒露,节,1975-10-09 06:02,lunar,
1975,霜降,中气,1975-10-24 09:06,lunar,
1975,立冬,节,1975-11-08 09:03,lunar,
1975,小雪,中气,1975-11-23 06:31,lunar,
1975,大雪,节,1975-12-08 01:46,lunar,
1975,冬至,中气,1975-12-22 19:46,lunar,
1976,小寒,节,1976-01-06 12:57,lunar,
1976,大寒,中气,1976-01-21 06:25,lunar,
1976,立春,节,1976-02-05 00:39,lunar,
1976,雨水,中气,1976-02-19 20:40,lunar,
1976,惊蛰,节,1976-03-05 18:48,lunar,
1976,春分,中气,1976-03-20 19:50,lunar,
1976,清明,节,1976-04-04 23:46,lunar,
1976,谷雨,中气,1976-04-20 07:03,lunar,
1976,立夏,节,1976-05-05 17:14,lunar,
1976,小满,中气,1976-05-21 06:21,lunar,
1976,芒种,节,1976-06-05 21:31,lunar,
1976,夏至,中气,1976-06-21 14:24,lunar,
1976,小暑,节,1976-07-07 07:51,lunar,
1976,大暑,中气,1976-07-23 01:18,lunar,
1976,立秋,节,1976-08-07 17:38,lunar,
1976,处暑,中气,1976-08-23 08:18,lunar,
1976,白露,节,1976-09-07 20:28,lunar,
1976,秋分,中气,1976-09-23 05:48,lunar,
1976,寒露,节,1976-10-08 11:58,lunar,
1976,霜降,中气,1976-10-23 14:58,lunar,
1976,立冬,节,1976-11-07 14:59,lunar,
1976,小雪,中气,1976-11-22 12:21,lunar,
1976,大雪,节,1976-12-07 07:41,lunar,
1976,冬至,中气,1976-12-22 01:35,lunar,
1977,小寒,节,1977-01-05 18:51,lunar,
1977,大寒,中气,1977-01-20 12:14,lunar,
1977,立春,节,1977-02-04 06:33,lunar,
1977,雨水,中气,1977-02-19 02:30,lunar,
1977,惊蛰,节,1977-03-06 00:44,lunar,
1977,春分,中气,1977-03-21 01:42,lunar,
1977,清明,节,1977-04-05 05:46,lunar,
1977,谷雨,中气,1977-04-20 12:57,lunar,
1977,立夏,节,1977-05-05 23:16,lunar,
1977,小满,中气,1977-05-21 12:14,lunar,
1977,芒种,节,1977-06-06 03:32,lunar,
1977,夏至,中气,1977-06-21 20:14,lunar,
1977,小暑,节,1977-07-07 13:48,lunar,
1977,大暑,中气,1977-07-23 07:04,lunar,
1977,立秋,节,1977-08-07 23:30,lunar,
1977,处暑,中气,1977-08-23 14:00,lunar,
1977,白露,节,1977-09-08 02:16,lunar,
1977,秋分,中气,1977-09-23 11:29,lunar,
1977,寒露,节,1977-10-08 17:44,lunar,
1977,霜降,中气,1977-10-23 20:41,lunar,
1977,立冬,节,1977-11-07 20:46,lunar,
1977,小雪,中气,1977-11-22 18:07,lunar,
1977,大雪,节,1977-12-07 13:31,lunar,
1977,冬至,中气,1977-12-22 07:23,lunar,
1978,小寒,节,1978-01-06 00:43,lunar,
1978,大寒,中气,1978-01-20 18:04,lunar,
1978,立春,节,1978-02-04 12:27,lunar,
1978,雨水,中气,1978-02-19 08:21,lunar,
1978,惊蛰,节,1978-03-06 06:38,lunar,
1978,春分,中气,1978-03-21 07:34,lunar,
1978,清明,节,1978-04-05 11:39,lunar,
1978,谷雨,中气,1978-04-20 18:50,lunar,
1978,立夏,节,1978-05-06 05:09,lunar,
1978,小满,中气,1978-05-21 18:08,lunar,
1978,芒种,节,1978-06-06 09:23,lunar,
1978,夏至,中气,1978-06-22 02:10,lunar,
1978,小暑,节,1978-07-07 19:37,lunar,
1978,大暑,中气,1978-07-23 13:00,lunar,
1978,立秋,节,1978-08-08 05:18,lunar,
1978,处暑,中气,1978-08-23 19:57,lunar,
1978,白露,节,1978-09-08 08:02,lunar,
1978,秋分,中气,1978-09-23 17:25,lunar,
1978,寒露,节,1978-10-08 23:31,lunar,
1978,霜降,中气,1978-10-24 02:37,lunar,
1978,立冬,节,1978-11-08 02:34,lunar,
1978,小雪,中气,1978-11-23 00:05,lunar,
1978,大雪,节,1978-12-07 19:20,lunar,
1978,冬至,中气,1978-12-22 13:21,lunar,
1979,小寒,节,1979-01-06 06:32,lunar,
1979,大寒,中气,1979-01-21 00:00,lunar,
1979,立春,节,1979-02-04 18:12,lunar,
1979,雨水,中气,1979-02-19 14:13,lunar,
1979,惊蛰,节,1979-03-06 12:20,lunar,
1979,春分,中气,1979-03-21 13:22,lunar,
1979,清明,节,1979-04-05 17:18,lunar,
1979,谷雨,中气,1979-04-21 00:35,lunar,
1979,立夏,节,1979-05-06 10:47,lunar,
1979,小满,中气,1979-05-21 23:54,lunar,
1979,芒种,节,1979-06-06 15:05,lunar,
1979,夏至,中气,1979-06-22 07:56,lunar,
1979,小暑,节,1979-07-08 01:25,lunar,
1979,大暑,中气,1979-07-23 18:49,lunar,
1979,立秋,节,1979-08-08 11:11,lunar,
1979,处暑,中气,1979-08-24 01:47,lunar,
1979,白露,节,1979-09-08 14:00,lunar,
1979,秋分,中气,1979-09-23 23:16,lunar,
1979,寒露,节,1979-10-09 05:30,lunar,
1979,霜降,中气,1979-10-24 08:28,lunar,
1979,立冬,节,1979-11-08 08:33,lunar,
1979,小雪,中气,1979-11-23 05:54,lunar,
1979,大雪,节,1979-12-08 01:18,lunar,
1979,冬至,中气,1979-12-22 19:10,lunar,
1980,小寒,节,1980-01-06 12:29,lunar,
1980,大寒,中气,1980-01-21 05:49,lunar,
1980,立春,节,1980-02-05 00:09,lunar,
1980,雨水,中气,1980-02-19 20:02,lunar,
1980,惊蛰,节,1980-03-05 18:16,lunar,
1980,春分,中气,1980-03-20 19:10,lunar,
1980,清明,节,1980-04-04 23:15,lunar,
1980,谷雨,中气,1980-04-20 06:23,lunar,
1980,立夏,节,1980-05-05 16:44,lunar,
1980,小满,中气,1980-05-21 05:42,lunar,
1980,芒种,节,1980-06-05 21:04,lunar,
1980,夏至,中气,1980-06-21 13:47,lunar,
1980,小暑,节,1980-07-07 07:24,lunar,
1980,大暑,中气,1980-07-23 00:42,lunar,
1980,立秋,节,1980-08-07 17:09,lunar,
1980,处暑,中气,1980-08-23 07:41,lunar,
1980,白露,节,1980-09-07 19:53,lunar,
1980,秋分,中气,1980-09-23 05:09,lunar,
1980,寒露,节,1980-10-08 11:19,lunar,
1980,霜降,中气,1980-10-23 14:18,lunar,
1980,立冬,节,1980-11-07 14:18,lunar,
1980,小雪,中气,1980-11-22 11:41,lunar,
1980,大雪,节,1980-12-07 07:01,lunar,
1980,冬至,中气,1980-12-22 00:56,lunar,
1981,小寒,节,1981-01-05 18:13,lunar,
1981,大寒,中气,1981-01-20 11:36,lunar,
1981,立春,节,1981-02-04 05:55,lunar,
1981,雨水,中气,1981-02-19 01:52,lunar,
1981,惊蛰,节,1981-03-06 00:05,lunar,
1981,春分,中气,1981-03-21 01:03,lunar,
1981,清明,节,1981-04-05 05:05,lunar,
1981,谷雨,中气,1981-04-20 12:19,lunar,
1981,立夏,节,1981-05-05 22:35,lunar,
1981,小满,中气,1981-05-21 11:39,lunar,
1981,芒种,节,1981-06-06 02:53,lunar,
1981,夏至,中气,1981-06-21 19:45,lunar,
1981,小暑,节,1981-07-07 13:12,lunar,
1981,大暑,中气,1981-07-23 06:40,lunar,
1981,立秋,节,1981-08-07 22:57,lunar,
1981,处暑,中气,1981-08-23 13:38,lunar,
1981,白露,节,1981-09-08 01:43,lunar,
1981,秋分,中气,1981-09-23 11:05,lunar,
1981,寒露,节,1981-10-08 17:10,lunar,
1981,霜降,中气,1981-10-23 20:13,lunar,
1981,立冬,节,1981-11-07 20:08,lunar,
1981,小雪,中气,1981-11-22 17:36,lunar,
1981,大雪,节,1981-12-07 12:51,lunar,
1981,冬至,中气,1981-12-22 06:51,lunar,
1982,小寒,节,1982-01-06 00:03,lunar,
1982,大寒,中气,1982-01-20 17:31,lunar,
1982,立春,节,1982-02-04 11:45,lunar,
1982,雨水,中气,1982-02-19 07:47,lunar,
1982,惊蛰,节,1982-03-06 05:55,lunar,
1982,春分,中气,1982-03-21 06:56,lunar,
1982,清明,节,1982-04-05 10:53,lunar,
1982,谷雨,中气,1982-04-20 18:07,lunar,
1982,立夏,节,1982-05-06 04:20,lunar,
1982,小满,中气,1982-05-21 17:23,lunar,
1982,芒种,节,1982-06-06 08:36,lunar,
1982,夏至,中气,1982-06-22 01:23,lunar,
1982,小暑,节,1982-07-07 18:55,lunar,
1982,大暑,中气,1982-07-23 12:15,lunar,
1982,立秋,节,1982-08-08 04:42,lunar,
1982,处暑,中气,1982-08-23 19:15,lunar,
1982,白露,节,1982-09-08 07:32,lunar,
1982,秋分,中气,1982-09-23 16:46,lunar,
1982,寒露,节,1982-10-08 23:02,lunar,
1982,霜降,中气,1982-10-24 01:58,lunar,
1982,立冬,节,1982-11-08 02:04,lunar,
1982,小雪,中气,1982-11-22 23:23,lunar,
1982,大雪,节,1982-12-07 18:48,lunar,
1982,冬至,中气,1982-12-22 12:38,lunar,
1983,小寒,节,1983-01-06 05:59,lunar,
1983,大寒,中气,1983-01-20 23:17,lunar,
1983,立春,节,1983-02-04 17:40,lunar,
1983,雨水,中气,1983-02-19 13:31,lunar,
1983,惊蛰,节,1983-03-06 11:47,lunar,
1983,春分,中气,1983-03-21 12:39,lunar,
1983,清明,节,1983-04-05 16:44,lunar,
1983,谷雨,中气,1983-04-20 23:50,lunar,
1983,立夏,节,1983-05-06 10:11,lunar,
1983,小满,中气,1983-05-21 23:06,lunar,
1983,芒种,节,1983-06-06 14:26,lunar,
1983,夏至,中气,1983-06-22 07:09,lunar,
1983,小暑,节,1983-07-08 00:43,lunar,
1983,大暑,中气,1983-07-23 18:04,lunar,
1983,立秋,节,1983-08-08 10:30,lunar,
1983,处暑,中气,1983-08-24 01:07,lunar,
1983,白露,节,1983-09-08 13:20,lunar,
1983,秋分,中气,1983-09-23 22:42,lunar,
1983,寒露,节,1983-10-09 04:51,lunar,
1983,霜降,中气,1983-10-24 07:54,lunar,
1983,立冬,节,1983-11-08 07:52,lunar,
1983,小雪,中气,1983-11-23 05:18,lunar,
1983,大雪,节,1983-12-08 00:34,lunar,
1983,冬至,中气,1983-12-22 18:30,lunar,
1984,小寒,节,1984-01-06 11:41,lunar,
1984,大寒,中气,1984-01-21 05:05,lunar,
1984,立春,节,1984-02-04 23:19,lunar,
1984,雨水,中气,1984-02-19 19:16,lunar,
1984,惊蛰,节,1984-03-05 17:25,lunar,
1984,春分,中气,1984-03-20 18:24,lunar,
1984,清明,节,1984-04-04 22:22,lunar,
1984,谷雨,中气,1984-04-20 05:38,lunar,
1984,立夏,节,1984-05-05 15:51,lunar,
1984,小满,中气,1984-05-21 04:58,lunar,
1984,芒种,节,1984-06-05 20:09,lunar,
1984,夏至,中气,1984-06-21 13:02,lunar,
1984,小暑,节,1984-07-07 06:29,lunar,
1984,大暑,中气,1984-07-22 23:58,lunar,
1984,立秋,节,1984-08-07 16:18,lunar,
1984,处暑,中气,1984-08-23 07:00,lunar,
1984,白露,节,1984-09-07 19:10,lunar,
1984,秋分,中气,1984-09-23 04:33,lunar,
1984,寒露,节,1984-10-08 10:43,lunar,
1984,霜降,中气,1984-10-23 13:46,lunar,
1984,立冬,节,1984-11-07 13:46,lunar,
1984,小雪,中气,1984-11-22 11:11,lunar,
1984,大雪,节,1984-12-07 06:28,lunar,
1984,冬至,中气,1984-12-22 00:23,lunar,
1985,小寒,节,1985-01-05 17:35,lunar,
1985,大寒,中气,1985-01-20 10:58,lunar,
1985,立春,节,1985-02-04 05:12,lunar,
1985,雨水,中气,1985-02-19 01:07,lunar,
1985,惊蛰,节,1985-03-05 23:16,lunar,
1985,春分,中气,1985-03-21 00:14,lunar,
1985,清明,节,1985-04-05 04:14,lunar,
1985,谷雨,中气,1985-04-20 11:26,lunar,
1985,立夏,节,1985-05-05 21:43,lunar,
1985,小满,中气,1985-05-21 10:43,lunar,
1985,芒种,节,1985-06-06 02:00,lunar,
1985,夏至,中气,1985-06-21 18:44,lunar,
1985,小暑,节,1985-07-07 12:19,lunar,
1985,大暑,中气,1985-07-23 05:36,lunar,
1985,立秋,节,1985-08-07 22:04,lunar,
1985,处暑,中气,1985-08-23 12:36,lunar,
1985,白露,节,1985-09-08 00:53,lunar,
1985,秋分,中气,1985-09-23 10:07,lunar,
1985,寒露,节,1985-10-08 16:25,lunar,
1985,霜降,中气,1985-10-23 19:22,lunar,
1985,立冬,节,1985-11-07 19:29,lunar,
1985,小雪,中气,1985-11-22 16:51,lunar,
1985,大雪,节,1985-12-07 12:16,lunar,
1985,冬至,中气,1985-12-22 06:08,lunar,
1986,小寒,节,1986-01-05 23:28,lunar,
1986,大寒,中气,1986-01-20 16:46,lunar,
1986,立春,节,1986-02-04 11:08,lunar,
1986,雨水,中气,1986-02-19 06:58,lunar,
1986,惊蛰,节,1986-03-06 05:12,lunar,
1986,春分,中气,1986-03-21 06:03,lunar,
1986,清明,节,1986-04-05 10:06,lunar,
1986,谷雨,中气,1986-04-20 17:12,lunar,
1986,立夏,节,1986-05-06 03:31,lunar,
1986,小满,中气,1986-05-21 16:28,lunar,
1986,芒种,节,1986-06-06 07:44,lunar,
1986,夏至,中气,1986-06-22 00:30,lunar,
1986,小暑,节,1986-07-07 18:01,lunar,
1986,大暑,中气,1986-07-23 11:24,lunar,
1986,立秋,节,1986-08-08 03:46,lunar,
1986,处暑,中气,1986-08-23 18:26,lunar,
1986,白露,节,1986-09-08 06:35,lunar,
1986,秋分,中气,1986-09-23 15:59,lunar,
1986,寒露,节,1986-10-08 22:07,lunar,
1986,霜降,中气,1986-10-24 01:14,lunar,
1986,立冬,节,1986-11-08 01:13,lunar,
1986,小雪,中气,1986-11-22 22:44,lunar,
1986,大雪,节,1986-12-07 18:01,lunar,
1986,冬至,中气,1986-12-22 12:02,lunar,
1987,小寒,节,1987-01-06 05:13,lunar,
1987,大寒,中气,1987-01-20 22:40,lunar,
1987,立春,节,1987-02-04 16:52,lunar,
1987,雨水,中气,1987-02-19 12:50,lunar,
1987,惊蛰,节,1987-03-06 10:54,lunar,
1987,春分,中气,1987-03-21 11:52,lunar,
1987,清明,节,1987-04-05 15:44,lunar,
1987,谷雨,中气,1987-04-20 22:58,lunar,
1987,立夏,节,1987-05-06 09:06,lunar,
1987,小满,中气,1987-05-21 22:10,lunar,
1987,芒种,节,1987-06-06 13:19,lunar,
1987,夏至,中气,1987-06-22 06:11,lunar,
1987,小暑,节,1987-07-07 23:39,lunar,
1987,大暑,中气,1987-07-23 17:06,lunar,
1987,立秋,节,1987-08-08 09:29,lunar,
1987,处暑,中气,1987-08-24 00:10,lunar,
1987,白露,节,1987-09-08 12:24,lunar,
1987,秋分,中气,1987-09-23 21:45,lunar,
1987,寒露,节,1987-10-09 04:00,lunar,
1987,霜降,中气,1987-10-24 07:01,lunar,
1987,立冬,节,1987-11-08 07:06,lunar,
1987,小雪,中气,1987-11-23 04:29,lunar,
1987,大雪,节,1987-12-07 23:52,lunar,
1987,冬至,中气,1987-12-22 17:46,lunar,
1988,小寒,节,1988-01-06 11:04,lunar,
1988,大寒,中气,1988-01-21 04:24,lunar,
1988,立春,节,1988-02-04 22:43,lunar,
1988,雨水,中气,1988-02-19 18:35,lunar,
1988,惊蛰,节,1988-03-05 16:47,lunar,
1988,春分,中气,1988-03-20 17:39,lunar,
1988,清明,节,1988-04-04 21:39,lunar,
1988,谷雨,中气,1988-04-20 04:45,lunar,
1988,立夏,节,1988-05-05 15:02,lunar,
1988,小满,中气,1988-05-21 03:57,lunar,
1988,芒种,节,1988-06-05 19:15,lunar,
1988,夏至,中气,1988-06-21 11:57,lunar,
1988,小暑,节,1988-07-07 05:33,lunar,
1988,大暑,中气,1988-07-22 22:51,lunar,
1988,立秋,节,1988-08-07 15:20,lunar,
1988,处暑,中气,1988-08-23 05:54,lunar,
1988,白露,节,1988-09-07 18:12,lunar,
1988,秋分,中气,1988-09-23 03:29,lunar,
1988,寒露,节,1988-10-08 09:45,lunar,
1988,霜降,中气,1988-10-23 12:44,lunar,
1988,立冬,节,1988-11-07 12:49,lunar,
1988,小雪,中气,1988-11-22 10:12,lunar,
1988,大雪,节,1988-12-07 05:34,lunar,
1988,冬至,中气,1988-12-21 23:28,lunar,
1989,小寒,节,1989-01-05 16:46,lunar,
1989,大寒,中气,1989-01-20 10:07,lunar,
1989,立春,节,1989-02-04 04:27,lunar,
1989,雨水,中气,1989-02-19 00:21,lunar,
1989,惊蛰,节,1989-03-05 22:34,lunar,
1989,春分,中气,1989-03-20 23:28,lunar,
1989,清明,节,1989-04-05 03:30,lunar,
1989,谷雨,中气,1989-04-20 10:39,lunar,
1989,立夏,节,1989-05-05 20:54,lunar,
1989,小满,中气,1989-05-21 09:54,lunar,
1989,芒种,节,1989-06-06 01:05,lunar,
1989,夏至,中气,1989-06-21 17:53,lunar,
1989,小暑,节,1989-07-07 11:19,lunar,
1989,大暑,中气,1989-07-23 04:45,lunar,
1989,立秋,节,1989-08-07 21:04,lunar,
1989,处暑,中气,1989-08-23 11:46,lunar,
1989,白露,节,1989-09-07 23:54,lunar,
1989,秋分,中气,1989-09-23 09:20,lunar,
1989,寒露,节,1989-10-08 15:27,lunar,
1989,霜降,中气,1989-10-23 18:35,lunar,
1989,立冬,节,1989-11-07 18:34,lunar,
1989,小雪,中气,1989-11-22 16:05,lunar,
1989,大雪,节,1989-12-07 11:21,lunar,
1989,冬至,中气,1989-12-22 05:22,lunar,
1990,小寒,节,1990-01-05 22:33,lunar,
1990,大寒,中气,1990-01-20 16:02,lunar,
1990,立春,节,1990-02-04 10:14,lunar,
1990,雨水,中气,1990-02-19 06:14,lunar,
1990,惊蛰,节,1990-03-06 04:19,lunar,
1990,春分,中气,1990-03-21 05:19,lunar,
1990,清明,节,1990-04-05 09:13,lunar,
1990,谷雨,中气,1990-04-20 16:27,lunar,
1990,立夏,节,1990-05-06 02:35,lunar,
1990,小满,中气,1990-05-21 15:37,lunar,
1990,芒种,节,1990-06-06 06:46,lunar,
1990,夏至,中气,1990-06-21 23:33,lunar,
1990,小暑,节,1990-07-07 17:00,lunar,
1990,大暑,中气,1990-07-23 10:22,lunar,
1990,立秋,节,1990-08-08 02:46,lunar,
1990,处暑,中气,1990-08-23 17:21,lunar,
1990,白露,节,1990-09-08 05:37,lunar,
1990,秋分,中气,1990-09-23 14:55,lunar,
1990,寒露,节,1990-10-08 21:14,lunar,
1990,霜降,中气,1990-10-24 00:14,lunar,
1990,立冬,节,1990-11-08 00:24,lunar,
1990,小雪,中气,1990-11-22 21:47,lunar,
1990,大雪,节,1990-12-07 17:14,lunar,
1990,冬至,中气,1990-12-22 11:07,lunar,
1991,小寒,节,1991-01-06 04:28,lunar,
1991,大寒,中气,1991-01-20 21:47,lunar,
1991,立春,节,1991-02-04 16:08,lunar,
1991,雨水,中气,1991-02-19 11:58,lunar,
1991,惊蛰,节,1991-03-06 10:12,lunar,
1991,春分,中气,1991-03-21 11:02,lunar,
1991,清明,节,1991-04-05 15:05,lunar,
1991,谷雨,中气,1991-04-20 22:08,lunar,
1991,立夏,节,1991-05-06 08:27,lunar,
1991,小满,中气,1991-05-21 21:20,lunar,
1991,芒种,节,1991-06-06 12:38,lunar,
1991,夏至,中气,1991-06-22 05:19,lunar,
1991,小暑,节,1991-07-07 22:53,lunar,
1991,大暑,中气,1991-07-23 16:11,lunar,
1991,立秋,节,1991-08-08 08:37,lunar,
1991,处暑,中气,1991-08-23 23:13,lunar,
1991,白露,节,1991-09-08 11:27,lunar,
1991,秋分,中气,1991-09-23 20:48,lunar,
1991,寒露,节,1991-10-09 03:01,lunar,
1991,霜降,中气,1991-10-24 06:05,lunar,
1991,立冬,节,1991-11-08 06:08,lunar,
1991,小雪,中气,1991-11-23 03:36,lunar,
1991,大雪,节,1991-12-07 22:56,lunar,
1991,冬至,中气,1991-12-22 16:54,lunar,
1992,小寒,节,1992-01-06 10:09,lunar,
1992,大寒,中气,1992-01-21 03:32,lunar,
1992,立春,节,1992-02-04 21:48,lunar,
1992,雨水,中气,1992-02-19 17:44,lunar,
1992,惊蛰,节,1992-03-05 15:52,lunar,
1992,春分,中气,1992-03-20 16:48,lunar,
1992,清明,节,1992-04-04 20:45,lunar,
1992,谷雨,中气,1992-04-20 03:57,lunar,
1992,立夏,节,1992-05-05 14:09,lunar,
1992,小满,中气,1992-05-21 03:12,lunar,
1992,芒种,节,1992-06-05 18:22,lunar,
1992,夏至,中气,1992-06-21 11:14,lunar,
1992,小暑,节,1992-07-07 04:40,lunar,
1992,大暑,中气,1992-07-22 22:09,lunar,
1992,立秋,节,1992-08-07 14:27,lunar,
1992,处暑,中气,1992-08-23 05:10,lunar,
1992,白露,节,1992-09-07 17:18,lunar,
1992,秋分,中气,1992-09-23 02:43,lunar,
1992,寒露,节,1992-10-08 08:51,lunar,
1992,霜降,中气,1992-10-23 11:57,lunar,
1992,立冬,节,1992-11-07 11:57,lunar,
1992,小雪,中气,1992-11-22 09:26,lunar,
1992,大雪,节,1992-12-07 04:44,lunar,
1992,冬至,中气,1992-12-21 22:43,lunar,
1993,小寒,节,1993-01-05 15:57,lunar,
1993,大寒,中气,1993-01-20 09:23,lunar,
1993,立春,节,1993-02-04 03:37,lunar,
1993,雨水,中气,1993-02-18 23:35,lunar,
1993,惊蛰,节,1993-03-05 21:43,lunar,
1993,春分,中气,1993-03-20 22:41,lunar,
1993,清明,节,1993-04-05 02:37,lunar,
1993,谷雨,中气,1993-04-20 09:49,lunar,
1993,立夏,节,1993-05-05 20:02,lunar,
1993,小满,中气,1993-05-21 09:02,lunar,
1993,芒种,节,1993-06-06 00:15,lunar,
1993,夏至,中气,1993-06-21 17:00,lunar,
1993,小暑,节,1993-07-07 10:32,lunar,
1993,大暑,中气,1993-07-23 03:51,lunar,
1993,立秋,节,1993-08-07 20:18,lunar,
1993,处暑,中气,1993-08-23 10:50,lunar,
1993,白露,节,1993-09-07 23:08,lunar,
1993,秋分,中气,1993-09-23 08:23,lunar,
1993,寒露,节,1993-10-08 14:40,lunar,
1993,霜降,中气,1993-10-23 17:37,lunar,
1993,立冬,节,1993-11-07 17:46,lunar,
1993,小雪,中气,1993-11-22 15:07,lunar,
1993,大雪,节,1993-12-07 10:34,lunar,
1993,冬至,中气,1993-12-22 04:26,lunar,
1994,小寒,节,1994-01-05 21:48,lunar,
1994,大寒,中气,1994-01-20 15:07,lunar,
1994,立春,节,1994-02-04 09:31,lunar,
1994,雨水,中气,1994-02-19 05:22,lunar,
1994,惊蛰,节,1994-03-06 03:38,lunar,
1994,春分,中气,1994-03-21 04:28,lunar,
1994,清明,节,1994-04-05 08:32,lunar,
1994,谷雨,中气,1994-04-20 15:36,lunar,
1994,立夏,节,1994-05-06 01:54,lunar,
1994,小满,中气,1994-05-21 14:48,lunar,
1994,芒种,节,1994-06-06 06:05,lunar,
1994,夏至,中气,1994-06-21 22:48,lunar,
1994,小暑,节,1994-07-07 16:19,lunar,
1994,大暑,中气,1994-07-23 09:41,lunar,
1994,立秋,节,1994-08-08 02:04,lunar,
1994,处暑,中气,1994-08-23 16:44,lunar,
1994,白露,节,1994-09-08 04:55,lunar,
1994,秋分,中气,1994-09-23 14:19,lunar,
1994,寒露,节,1994-10-08 20:29,lunar,
1994,霜降,中气,1994-10-23 23:36,lunar,
1994,立冬,节,1994-11-07 23:36,lunar,
1994,小雪,中气,1994-11-22 21:06,lunar,
1994,大雪,节,1994-12-07 16:23,lunar,
1994,冬至,中气,1994-12-22 10:23,lunar,
1995,小寒,节,1995-01-06 03:34,lunar,
1995,大寒,中气,1995-01-20 21:00,lunar,
1995,立春,节,1995-02-04 15:13,lunar,
1995,雨水,中气,1995-02-19 11:11,lunar,
1995,惊蛰,节,1995-03-06 09:16,lunar,
1995,春分,中气,1995-03-21 10:14,lunar,
1995,清明,节,1995-04-05 14:08,lunar,
1995,谷雨,中气,1995-04-20 21:21,lunar,
1995,立夏,节,1995-05-06 07:30,lunar,
1995,小满,中气,1995-05-21 20:34,lunar,
1995,芒种,节,1995-06-06 11:42,lunar,
1995,夏至,中气,1995-06-22 04:34,lunar,
1995,小暑,节,1995-07-07 22:01,lunar,
1995,大暑,中气,1995-07-23 15:30,lunar,
1995,立秋,节,1995-08-08 07:52,lunar,
1995,处暑,中气,1995-08-23 22:35,lunar,
1995,白露,节,1995-09-08 10:49,lunar,
1995,秋分,中气,1995-09-23 20:13,lunar,
1995,寒露,节,1995-10-09 02:27,lunar,
1995,霜降,中气,1995-10-24 05:32,lunar,
1995,立冬,节,1995-11-08 05:36,lunar,
1995,小雪,中气,1995-11-23 03:01,lunar,
1995,大雪,节,1995-12-07 22:22,lunar,
1995,冬至,中气,1995-12-22 16:17,lunar,
1996,小寒,节,1996-01-06 09:31,lunar,
1996,大寒,中气,1996-01-21 02:53,lunar,
1996,立春,节,1996-02-04 21:08,lunar,
1996,雨水,中气,1996-02-19 17:01,lunar,
1996,惊蛰,节,1996-03-05 15:10,lunar,
1996,春分,中气,1996-03-20 16:03,lunar,
1996,清明,节,1996-04-04 20:02,lunar,
1996,谷雨,中气,1996-04-20 03:10,lunar,
1996,立夏,节,1996-05-05 13:26,lunar,
1996,小满,中气,1996-05-21 02:23,lunar,
1996,芒种,节,1996-06-05 17:41,lunar,
1996,夏至,中气,1996-06-21 10:24,lunar,
1996,小暑,节,1996-07-07 04:00,lunar,
1996,大暑,中气,1996-07-22 21:19,lunar,
1996,立秋,节,1996-08-07 13:49,lunar,
1996,处暑,中气,1996-08-23 04:23,lunar,
1996,白露,节,1996-09-07 16:42,lunar,
1996,秋分,中气,1996-09-23 02:00,lunar,
1996,寒露,节,1996-10-08 08:19,lunar,
1996,霜降,中气,1996-10-23 11:19,lunar,
1996,立冬,节,1996-11-07 11:27,lunar,
1996,小雪,中气,1996-11-22 08:49,lunar,
1996,大雪,节,1996-12-07 04:14,lunar,
1996,冬至,中气,1996-12-21 22:06,lunar,
1997,小寒,节,1997-01-05 15:24,lunar,
1997,大寒,中气,1997-01-20 08:43,lunar,
1997,立春,节,1997-02-04 03:02,lunar,
1997,雨水,中气,1997-02-18 22:51,lunar,
1997,惊蛰,节,1997-03-05 21:04,lunar,
1997,春分,中气,1997-03-20 21:55,lunar,
1997,清明,节,1997-04-05 01:56,lunar,
1997,谷雨,中气,1997-04-20 09:03,lunar,
1997,立夏,节,1997-05-05 19:19,lunar,
1997,小满,中气,1997-05-21 08:18,lunar,
1997,芒种,节,1997-06-05 23:33,lunar,
1997,夏至,中气,1997-06-21 16:20,lunar,
1997,小暑,节,1997-07-07 09:49,lunar,
1997,大暑,中气,1997-07-23 03:15,lunar,
1997,立秋,节,1997-08-07 19:36,lunar,
1997,处暑,中气,1997-08-23 10:19,lunar,
1997,白露,节,1997-09-07 22:29,lunar,
1997,秋分,中气,1997-09-23 07:56,lunar,
1997,寒露,节,1997-10-08 14:05,lunar,
1997,霜降,中气,1997-10-23 17:15,lunar,
1997,立冬,节,1997-11-07 17:15,lunar,
1997,小雪,中气,1997-11-22 14:48,lunar,
1997,大雪,节,1997-12-07 10:05,lunar,
1997,冬至,中气,1997-12-22 04:07,lunar,
1998,小寒,节,1998-01-05 21:18,lunar,
1998,大寒,中气,1998-01-20 14:46,lunar,
1998,立春,节,1998-02-04 08:57,lunar,
1998,雨水,中气,1998-02-19 04:55,lunar,
1998,惊蛰,节,1998-03-06 02:57,lunar,
1998,春分,中气,1998-03-21 03:55,lunar,
1998,清明,节,1998-04-05 07:45,lunar,
1998,谷雨,中气,1998-04-20 14:57,lunar,
1998,立夏,节,1998-05-06 01:03,lunar,
1998,小满,中气,1998-05-21 14:05,lunar,
1998,芒种,节,1998-06-06 05:13,lunar,
1998,夏至,中气,1998-06-21 22:03,lunar,
1998,小暑,节,1998-07-07 15:30,lunar,
1998,大暑,中气,1998-07-23 08:55,lunar,
1998,立秋,节,1998-08-08 01:20,lunar,
1998,处暑,中气,1998-08-23 15:59,lunar,
1998,白露,节,1998-09-08 04:16,lunar,
1998,秋分,中气,1998-09-23 13:37,lunar,
1998,寒露,节,1998-10-08 19:56,lunar,
1998,霜降,中气,1998-10-23 22:59,lunar,
1998,立冬,节,1998-11-07 23:08,lunar,
1998,小雪,中气,1998-11-22 20:34,lunar,
1998,大雪,节,1998-12-07 16:02,lunar,
1998,冬至,中气,1998-12-22 09:56,lunar,
1999,小寒,节,1999-01-06 03:17,lunar,
1999,大寒,中气,1999-01-20 20:37,lunar,
1999,立春,节,1999-02-04 14:57,lunar,
1999,雨水,中气,1999-02-19 10:47,lunar,
1999,惊蛰,节,1999-03-06 08:58,lunar,
1999,春分,中气,1999-03-21 09:46,lunar,
1999,清明,节,1999-04-05 13:45,lunar,
1999,谷雨,中气,1999-04-20 20:46,lunar,
1999,立夏,节,1999-05-06 07:01,lunar,
1999,小满,中气,1999-05-21 19:52,lunar,
1999,芒种,节,1999-06-06 11:09,lunar,
1999,夏至,中气,1999-06-22 03:49,lunar,
1999,小暑,节,1999-07-07 21:25,lunar,
1999,大暑,中气,1999-07-23 14:44,lunar,
1999,立秋,节,1999-08-08 07:14,lunar,
1999,处暑,中气,1999-08-23 21:51,lunar,
1999,白露,节,1999-09-08 10:10,lunar,
1999,秋分,中气,1999-09-23 19:32,lunar,
1999,寒露,节,1999-10-09 01:48,lunar,
1999,霜降,中气,1999-10-24 04:52,lunar,
1999,立冬,节,1999-11-08 04:58,lunar,
1999,小雪,中气,1999-11-23 02:25,lunar,
1999,大雪,节,1999-12-07 21:47,lunar,
1999,冬至,中气,1999-12-22 15:44,lunar,
2000,小寒,节,2000-01-06 09:01,lunar,
2000,大寒,中气,2000-01-21 02:23,lunar,
2000,立春,节,2000-02-04 20:40,lunar,
2000,雨水,中气,2000-02-19 16:33,lunar,
2000,惊蛰,节,2000-03-05 14:43,lunar,
2000,春分,中气,2000-03-20 15:35,lunar,
2000,清明,节,2000-04-04 19:32,lunar,
2000,谷雨,中气,2000-04-20 02:40,lunar,
2000,立夏,节,2000-05-05 12:50,lunar,
2000,小满,中气,2000-05-21 01:49,lunar,
2000,芒种,节,2000-06-05 16:59,lunar,
2000,夏至,中气,2000-06-21 09:48,lunar,
2000,小暑,节,2000-07-07 03:14,lunar,
2000,大暑,中气,2000-07-22 20:43,lunar,
2000,立秋,节,2000-08-07 13:03,lunar,
2000,处暑,中气,2000-08-23 03:49,lunar,
2000,白露,节,2000-09-07 15:59,lunar,
2000,秋分,中气,2000-09-23 01:28,lunar,
2000,寒露,节,2000-10-08 07:38,lunar,
2000,霜降,中气,2000-10-23 10:47,lunar,
2000,立冬,节,2000-11-07 10:48,lunar,
2000,小雪,中气,2000-11-22 08:19,lunar,
2000,大雪,节,2000-12-07 03:37,lunar,
2000,冬至,中气,2000-12-21 21:37,lunar,
2001,小寒,节,2001-01-05 14:49,lunar,
2001,大寒,中气,2001-01-20 08:16,lunar,
2001,立春,节,2001-02-04 02:29,lunar,
2001,雨水,中气,2001-02-18 22:27,lunar,
2001,惊蛰,节,2001-03-05 20:32,lunar,
2001,春分,中气,2001-03-20 21:31,lunar,
2001,清明,节,2001-04-05 01:24,lunar,
2001,谷雨,中气,2001-04-20 08:36,lunar,
2001,立夏,节,2001-05-05 18:45,lunar,
2001,小满,中气,2001-05-21 07:44,lunar,
2001,芒种,节,2001-06-05 22:54,lunar,
2001,夏至,中气,2001-06-21 15:38,lunar,
2001,小暑,节,2001-07-07 09:07,lunar,
2001,大暑,中气,2001-07-23 02:26,lunar,
2001,立秋,节,2001-08-07 18:52,lunar,
2001,处暑,中气,2001-08-23 09:27,lunar,
2001,白露,节,2001-09-07 21:46,lunar,
2001,秋分,中气,2001-09-23 07:04,lunar,
2001,寒露,节,2001-10-08 13:25,lunar,
2001,霜降,中气,2001-10-23 16:26,lunar,
2001,立冬,节,2001-11-07 16:37,lunar,
2001,小雪,中气,2001-11-22 14:00,lunar,
2001,大雪,节,2001-12-07 09:29,lunar,
2001,冬至,中气,2001-12-22 03:22,lunar,
2002,小寒,节,2002-01-05 20:44,lunar,
2002,大寒,中气,2002-01-20 14:02,lunar,
2002,立春,节,2002-02-04 08:24,lunar,
2002,雨水,中气,2002-02-19 04:13,lunar,
2002,惊蛰,节,2002-03-06 02:28,lunar,
2002,春分,中气,2002-03-21 03:16,lunar,
2002,清明,节,2002-04-05 07:18,lunar,
2002,谷雨,中气,2002-04-20 14:20,lunar,
2002,立夏,节,2002-05-06 00:37,lunar,
2002,小满,中气,2002-05-21 13:29,lunar,
2002,芒种,节,2002-06-06 04:45,lunar,
2002,夏至,中气,2002-06-21 21:24,lunar,
2002,小暑,节,2002-07-07 14:56,lunar,
2002,大暑,中气,2002-07-23 08:15,lunar,
2002,立秋,节,2002-08-08 00:39,lunar,
2002,处暑,中气,2002-08-23 15:17,lunar,
2002,白露,节,2002-09-08 03:31,lunar,
2002,秋分,中气,2002-09-23 12:55,lunar,
2002,寒露,节,2002-10-08 19:09,lunar,
2002,霜降,中气,2002-10-23 22:18,lunar,
2002,立冬,节,2002-11-07 22:22,lunar,
2002,小雪,中气,2002-11-22 19:54,lunar,
2002,大雪,节,2002-12-07 15:14,lunar,
2002,冬至,中气,2002-12-22 09:14,lunar,
2003,小寒,节,2003-01-06 02:28,lunar,
2003,大寒,中气,2003-01-20 19:53,lunar,
2003,立春,节,2003-02-04 14:05,lunar,
2003,雨水,中气,2003-02-19 10:00,lunar,
2003,惊蛰,节,2003-03-06 08:05,lunar,
2003,春分,中气,2003-03-21 09:00,lunar,
2003,清明,节,2003-04-05 12:52,lunar,
2003,谷雨,中气,2003-04-20 20:03,lunar,
2003,立夏,节,2003-05-06 06:10,lunar,
2003,小满,中气,2003-05-21 19:12,lunar,
2003,芒种,节,2003-06-06 10:20,lunar,
2003,夏至,中气,2003-06-22 03:10,lunar,
2003,小暑,节,2003-07-07 20:36,lunar,
2003,大暑,中气,2003-07-23 14:04,lunar,
2003,立秋,节,2003-08-08 06:24,lunar,
2003,处暑,中气,2003-08-23 21:08,lunar,
2003,白露,节,2003-09-08 09:20,lunar,
2003,秋分,中气,2003-09-23 18:47,lunar,
2003,寒露,节,2003-10-09 01:01,lunar,
2003,霜降,中气,2003-10-24 04:08,lunar,
2003,立冬,节,2003-11-08 04:13,lunar,
2003,小雪,中气,2003-11-23 01:43,lunar,
2003,大雪,节,2003-12-07 21:05,lunar,
2003,冬至,中气,2003-12-22 15:04,lunar,
2004,小寒,节,2004-01-06 08:19,lunar,
2004,大寒,中气,2004-01-21 01:42,lunar,
2004,立春,节,2004-02-04 19:56,lunar,
2004,雨水,中气,2004-02-19 15:50,lunar,
2004,惊蛰,节,2004-03-05 13:56,lunar,
2004,春分,中气,2004-03-20 14:49,lunar,
2004,清明,节,2004-04-04 18:43,lunar,
2004,谷雨,中气,2004-04-20 01:50,lunar,
2004,立夏,节,2004-05-05 12:02,lunar,
2004,小满,中气,2004-05-21 00:59,lunar,
2004,芒种,节,2004-06-05 16:14,lunar,
2004,夏至,中气,2004-06-21 08:57,lunar,
2004,小暑,节,2004-07-07 02:31,lunar,
2004,大暑,中气,2004-07-22 19:50,lunar,
2004,立秋,节,2004-08-07 12:20,lunar,
2004,处暑,中气,2004-08-23 02:53,lunar,
2004,白露,节,2004-09-07 15:13,lunar,
2004,秋分,中气,2004-09-23 00:30,lunar,
2004,寒露,节,2004-10-08 06:49,lunar,
2004,霜降,中气,2004-10-23 09:49,lunar,
2004,立冬,节,2004-11-07 09:59,lunar,
2004,小雪,中气,2004-11-22 07:22,lunar,
2004,大雪,节,2004-12-07 02:49,lunar,
2004,冬至,中气,2004-12-21 20:42,lunar,
2005,小寒,节,2005-01-05 14:03,lunar,
2005,大寒,中气,2005-01-20 07:22,lunar,
2005,立春,节,2005-02-04 01:43,lunar,
2005,雨水,中气,2005-02-18 21:32,lunar,
2005,惊蛰,节,2005-03-05 19:45,lunar,
2005,春分,中气,2005-03-20 20:33,lunar,
2005,清明,节,2005-04-05 00:34,lunar,
2005,谷雨,中气,2005-04-20 07:37,lunar,
2005,立夏,节,2005-05-05 17:53,lunar,
2005,小满,中气,2005-05-21 06:47,lunar,
2005,芒种,节,2005-06-05 22:02,lunar,
2005,夏至,中气,2005-06-21 14:46,lunar,
2005,小暑,节,2005-07-07 08:17,lunar,
2005,大暑,中气,2005-07-23 01:41,lunar,
2005,立秋,节,2005-08-07 18:03,lunar,
2005,处暑,中气,2005-08-23 08:45,lunar,
2005,白露,节,2005-09-07 20:57,lunar,
2005,秋分,中气,2005-09-23 06:23,lunar,
2005,寒露,节,2005-10-08 12:33,lunar,
2005,霜降,中气,2005-10-23 15:42,lunar,
2005,立冬,节,2005-11-07 15:42,lunar,
2005,小雪,中气,2005-11-22 13:15,lunar,
2005,大雪,节,2005-12-07 08:33,lunar,
2005,冬至,中气,2005-12-22 02:35,lunar,
2006,小寒,节,2006-01-05 19:47,lunar,
2006,大寒,中气,2006-01-20 13:15,lunar,
2006,立春,节,2006-02-04 07:27,lunar,
2006,雨水,中气,2006-02-19 03:26,lunar,
2006,惊蛰,节,2006-03-06 01:29,lunar,
2006,春分,中气,2006-03-21 02:26,lunar,
2006,清明,节,2006-04-05 06:16,lunar,
2006,谷雨,中气,2006-04-20 13:26,lunar,
2006,立夏,节,2006-05-05 23:31,lunar,
2006,小满,中气,2006-05-21 12:32,lunar,
2006,芒种,节,2006-06-06 03:37,lunar,
2006,夏至,中气,2006-06-21 20:26,lunar,
2006,小暑,节,2006-07-07 13:51,lunar,
2006,大暑,中气,2006-07-23 07:18,lunar,
2006,立秋,节,2006-08-07 23:41,lunar,
2006,处暑,中气,2006-08-23 14:23,lunar,
2006,白露,节,2006-09-08 02:39,lunar,
2006,秋分,中气,2006-09-23 12:03,lunar,
2006,寒露,节,2006-10-08 18:21,lunar,
2006,霜降,中气,2006-10-23 21:26,lunar,
2006,立冬,节,2006-11-07 21:35,lunar,
2006,小雪,中气,2006-11-22 19:02,lunar,
2006,大雪,节,2006-12-07 14:27,lunar,
2006,冬至,中气,2006-12-22 08:22,lunar,
2007,小寒,节,2007-01-06 01:40,lunar,
2007,大寒,中气,2007-01-20 19:01,lunar,
2007,立春,节,2007-02-04 13:18,lunar,
2007,雨水,中气,2007-02-19 09:09,lunar,
2007,惊蛰,节,2007-03-06 07:18,lunar,
2007,春分,中气,2007-03-21 08:07,lunar,
2007,清明,节,2007-04-05 12:05,lunar,
2007,谷雨,中气,2007-04-20 19:07,lunar,
2007,立夏,节,2007-05-06 05:20,lunar,
2007,小满,中气,2007-05-21 18:12,lunar,
2007,芒种,节,2007-06-06 09:27,lunar,
2007,夏至,中气,2007-06-22 02:06,lunar,
2007,小暑,节,2007-07-07 19:42,lunar,
2007,大暑,中气,2007-07-23 13:00,lunar,
2007,立秋,节,2007-08-08 05:31,lunar,
2007,处暑,中气,2007-08-23 20:08,lunar,
2007,白露,节,2007-09-08 08:29,lunar,
2007,秋分,中气,2007-09-23 17:51,lunar,
2007,寒露,节,2007-10-09 00:11,lunar,
2007,霜降,中气,2007-10-24 03:15,lunar,
2007,立冬,节,2007-11-08 03:24,lunar,
2007,小雪,中气,2007-11-23 00:50,lunar,
2007,大雪,节,2007-12-07 20:14,lunar,
2007,冬至,中气,2007-12-22 14:08,lunar,
2008,小寒,节,2008-01-06 07:25,lunar,
2008,大寒,中气,2008-01-21 00:44,lunar,
2008,立春,节,2008-02-04 19:00,lunar,
2008,雨水,中气,2008-02-19 14:50,lunar,
2008,惊蛰,节,2008-03-05 12:59,lunar,
2008,春分,中气,2008-03-20 13:48,lunar,
2008,清明,节,2008-04-04 17:46,lunar,
2008,谷雨,中气,2008-04-20 00:51,lunar,
2008,立夏,节,2008-05-05 11:03,lunar,
2008,小满,中气,2008-05-21 00:01,lunar,
2008,芒种,节,2008-06-05 15:12,lunar,
2008,夏至,中气,2008-06-21 07:59,lunar,
2008,小暑,节,2008-07-07 01:27,lunar,
2008,大暑,中气,2008-07-22 18:55,lunar,
2008,立秋,节,2008-08-07 11:16,lunar,
2008,处暑,中气,2008-08-23 02:02,lunar,
2008,白露,节,2008-09-07 14:14,lunar,
2008,秋分,中气,2008-09-22 23:45,lunar,
2008,寒露,节,2008-10-08 05:57,lunar,
2008,霜降,中气,2008-10-23 09:09,lunar,
2008,立冬,节,2008-11-07 09:11,lunar,
2008,小雪,中气,2008-11-22 06:44,lunar,
2008,大雪,节,2008-12-07 02:02,lunar,
2008,冬至,中气,2008-12-21 20:04,lunar,
2009,小寒,节,2009-01-05 13:14,lunar,
2009,大寒,中气,2009-01-20 06:40,lunar,
2009,立春,节,2009-02-04 00:50,lunar,
2009,雨水,中气,2009-02-18 20:46,lunar,
2009,惊蛰,节,2009-03-05 18:48,lunar,
2009,春分,中气,2009-03-20 19:44,lunar,
2009,清明,节,2009-04-04 23:34,lunar,
2009,谷雨,中气,2009-04-20 06:44,lunar,
2009,立夏,节,2009-05-05 16:51,lunar,
2009,小满,中气,2009-05-21 05:51,lunar,
2009,芒种,节,2009-06-05 20:59,lunar,
2009,夏至,中气,2009-06-21 13:46,lunar,
2009,小暑,节,2009-07-07 07:13,lunar,
2009,大暑,中气,2009-07-23 00:36,lunar,
2009,立秋,节,2009-08-07 17:01,lunar,
2009,处暑,中气,2009-08-23 07:39,lunar,
2009,白露,节,2009-09-07 19:58,lunar,
2009,秋分,中气,2009-09-23 05:19,lunar,
2009,寒露,节,2009-10-08 11:40,lunar,
2009,霜降,中气,2009-10-23 14:43,lunar,
2009,立冬,节,2009-11-07 14:56,lunar,
2009,小雪,中气,2009-11-22 12:23,lunar,
2009,大雪,节,2009-12-07 07:52,lunar,
2009,冬至,中气,2009-12-22 01:47,lunar,
2010,小寒,节,2010-01-05 19:09,lunar,
2010,大寒,中气,2010-01-20 12:28,lunar,
2010,立春,节,2010-02-04 06:48,lunar,
2010,雨水,中气,2010-02-19 02:36,lunar,
2010,惊蛰,节,2010-03-06 00:46,lunar,
2010,春分,中气,2010-03-21 01:32,lunar,
2010,清明,节,2010-04-05 05:31,lunar,
2010,谷雨,中气,2010-04-20 12:30,lunar,
2010,立夏,节,2010-05-05 22:44,lunar,
2010,小满,中气,2010-05-21 11:34,lunar,
2010,芒种,节,2010-06-06 02:49,lunar,
2010,夏至,中气,2010-06-21 19:28,lunar,
2010,小暑,节,2010-07-07 13:02,lunar,
2010,大暑,中气,2010-07-23 06:21,lunar,
2010,立秋,节,2010-08-07 22:49,lunar,
2010,处暑,中气,2010-08-23 13:27,lunar,
2010,白露,节,2010-09-08 01:45,lunar,
2010,秋分,中气,2010-09-23 11:09,lunar,
2010,寒露,节,2010-10-08 17:26,lunar,
2010,霜降,中气,2010-10-23 20:35,lunar,
2010,立冬,节,2010-11-07 20:43,lunar,
2010,小雪,中气,2010-11-22 18:15,lunar,
2010,大雪,节,2010-12-07 13:38,lunar,
2010,冬至,中气,2010-12-22 07:38,lunar,
2011,小寒,节,2011-01-06 00:55,lunar,
2011,大寒,中气,2011-01-20 18:19,lunar,
2011,立春,节,2011-02-04 12:33,lunar,
2011,雨水,中气,2011-02-19 08:25,lunar,
2011,惊蛰,节,2011-03-06 06:30,lunar,
2011,春分,中气,2011-03-21 07:21,lunar,
2011,清明,节,2011-04-05 11:12,lunar,
2011,谷雨,中气,2011-04-20 18:17,lunar,
2011,立夏,节,2011-05-06 04:23,lunar,
2011,小满,中气,2011-05-21 17:21,lunar,
2011,芒种,节,2011-06-06 08:27,lunar,
2011,夏至,中气,2011-06-22 01:17,lunar,
2011,小暑,节,2011-07-07 18:42,lunar,
2011,大暑,中气,2011-07-23 12:12,lunar,
2011,立秋,节,2011-08-08 04:33,lunar,
2011,处暑,中气,2011-08-23 19:21,lunar,
2011,白露,节,2011-09-08 07:34,lunar,
2011,秋分,中气,2011-09-23 17:05,lunar,
2011,寒露,节,2011-10-08 23:19,lunar,
2011,霜降,中气,2011-10-24 02:30,lunar,
2011,立冬,节,2011-11-08 02:35,lunar,
2011,小雪,中气,2011-11-23 00:08,lunar,
2011,大雪,节,2011-12-07 19:29,lunar,
2011,冬至,中气,2011-12-22 13:30,lunar,
2012,小寒,节,2012-01-06 06:44,lunar,
2012,大寒,中气,2012-01-21 00:10,lunar,
2012,立春,节,2012-02-04 18:22,lunar,
2012,雨水,中气,2012-02-19 14:18,lunar,
2012,惊蛰,节,2012-03-05 12:21,lunar,
2012,春分,中气,2012-03-20 13:14,lunar,
2012,清明,节,2012-04-04 17:06,lunar,
2012,谷雨,中气,2012-04-20 00:12,lunar,
2012,立夏,节,2012-05-05 10:20,lunar,
2012,小满,中气,2012-05-20 23:16,lunar,
2012,芒种,节,2012-06-05 14:26,lunar,
2012,夏至,中气,2012-06-21 07:09,lunar,
2012,小暑,节,2012-07-07 00:41,lunar,
2012,大暑,中气,2012-07-22 18:01,lunar,
2012,立秋,节,2012-08-07 10:31,lunar,
2012,处暑,中气,2012-08-23 01:07,lunar,
2012,白露,节,2012-09-07 13:29,lunar,
2012,秋分,中气,2012-09-22 22:49,lunar,
2012,寒露,节,2012-10-08 05:12,lunar,
2012,霜降,中气,2012-10-23 08:14,lunar,
2012,立冬,节,2012-11-07 08:26,lunar,
2012,小雪,中气,2012-11-22 05:50,lunar,
2012,大雪,节,2012-12-07 01:19,lunar,
2012,冬至,中气,2012-12-21 19:12,lunar,
2013,小寒,节,2013-01-05 12:34,lunar,
2013,大寒,中气,2013-01-20 05:52,lunar,
2013,立春,节,2013-02-04 00:13,lunar,
2013,雨水,中气,2013-02-18 20:02,lunar,
2013,惊蛰,节,2013-03-05 18:15,lunar,
2013,春分,中气,2013-03-20 19:02,lunar,
2013,清明,节,2013-04-04 23:02,lunar,
2013,谷雨,中气,2013-04-20 06:03,lunar,
2013,立夏,节,2013-05-05 16:18,lunar,
2013,小满,中气,2013-05-21 05:10,lunar,
2013,芒种,节,2013-06-05 20:23,lunar,
2013,夏至,中气,2013-06-21 13:04,lunar,
2013,小暑,节,2013-07-07 06:35,lunar,
2013,大暑,中气,2013-07-22 23:56,lunar,
2013,立秋,节,2013-08-07 16:20,lunar,
2013,处暑,中气,2013-08-23 07:02,lunar,
2013,白露,节,2013-09-07 19:16,lunar,
2013,秋分,中气,2013-09-23 04:44,lunar,
2013,寒露,节,2013-10-08 10:59,lunar,
2013,霜降,中气,2013-10-23 14:10,lunar,
2013,立冬,节,2013-11-07 14:14,lunar,
2013,小雪,中气,2013-11-22 11:48,lunar,
2013,大雪,节,2013-12-07 07:09,lunar,
2013,冬至,中气,2013-12-22 01:11,lunar,
2014,小寒,节,2014-01-05 18:24,lunar,
2014,大寒,中气,2014-01-20 11:51,lunar,
2014,立春,节,2014-02-04 06:03,lunar,
2014,雨水,中气,2014-02-19 02:00,lunar,
2014,惊蛰,节,2014-03-06 00:02,lunar,
2014,春分,中气,2014-03-21 00:57,lunar,
2014,清明,节,2014-04-05 04:47,lunar,
2014,谷雨,中气,2014-04-20 11:56,lunar,
2014,立夏,节,2014-05-05 21:59,lunar,
2014,小满,中气,2014-05-21 10:59,lunar,
2014,芒种,节,2014-06-06 02:03,lunar,
2014,夏至,中气,2014-06-21 18:51,lunar,
2014,小暑,节,2014-07-07 12:15,lunar,
2014,大暑,中气,2014-07-23 05:41,lunar,
2014,立秋,节,2014-08-07 22:02,lunar,
2014,处暑,中气,2014-08-23 12:46,lunar,
2014,白露,节,2014-09-08 01:01,lunar,
2014,秋分,中气,2014-09-23 10:29,lunar,
2014,寒露,节,2014-10-08 16:48,lunar,
2014,霜降,中气,2014-10-23 19:57,lunar,
2014,立冬,节,2014-11-07 20:07,lunar,
2014,小雪,中气,2014-11-22 17:38,lunar,
2014,大雪,节,2014-12-07 13:04,lunar,
2014,冬至,中气,2014-12-22 07:03,lunar,
2015,小寒,节,2015-01-06 00:21,hko_minutes,
2015,大寒,中气,2015-01-20 17:43,hko_minutes,
2015,立春,节,2015-02-04 11:58,hko_minutes,
2015,雨水,中气,2015-02-19 07:50,hko_minutes,
2015,惊蛰,节,2015-03-06 05:56,hko_minutes,
2015,春分,中气,2015-03-21 06:45,hko_minutes,
2015,清明,节,2015-04-05 10:39,hko_minutes,
2015,谷雨,中气,2015-04-20 17:42,hko_minutes,
2015,立夏,节,2015-05-06 03:53,hko_minutes,
2015,小满,中气,2015-05-21 16:45,hko_minutes,
2015,芒种,节,2015-06-06 07:58,hko_minutes,
2015,夏至,中气,2015-06-22 00:38,hko_minutes,
2015,小暑,节,2015-07-07 18:12,hko_minutes,
2015,大暑,中气,2015-07-23 11:30,hko_minutes,
2015,立秋,节,2015-08-08 04:01,hko_minutes,
2015,处暑,中气,2015-08-23 18:37,hko_minutes,
2015,白露,节,2015-09-08 07:00,hko_minutes,
2015,秋分,中气,2015-09-23 16:21,hko_minutes,
2015,寒露,节,2015-10-08 22:43,hko_minutes,
2015,霜降,中气,2015-10-24 01:47,hko_minutes,
2015,立冬,节,2015-11-08 01:59,hko_minutes,
2015,小雪,中气,2015-11-22 23:25,hko_minutes,
2015,大雪,节,2015-12-07 18:53,hko_minutes,
2015,冬至,中气,2015-12-22 12:48,hko_minutes,
2016,小寒,节,2016-01-06 06:08,hko_minutes,
2016,大寒,中气,2016-01-20 23:27,hko_minutes,
2016,立春,节,2016-02-04 17:46,hko_minutes,
2016,雨水,中气,2016-02-19 13:34,hko_minutes,
2016,惊蛰,节,2016-03-05 11:44,hko_minutes,
2016,春分,中气,2016-03-20 12:30,hko_minutes,
2016,清明,节,2016-04-04 16:28,hko_minutes,
2016,谷雨,中气,2016-04-19 23:29,hko_minutes,
2016,立夏,节,2016-05-05 09:42,hko_minutes,
2016,小满,中气,2016-05-20 22:36,hko_minutes,
2016,芒种,节,2016-06-05 13:49,hko_minutes,
2016,夏至,中气,2016-06-21 06:34,hko_minutes,
2016,小暑,节,2016-07-07 00:03,hko_minutes,
2016,大暑,中气,2016-07-22 17:30,hko_minutes,
2016,立秋,节,2016-08-07 09:53,hko_minutes,
2016,处暑,中气,2016-08-23 00:38,hko_minutes,
2016,白露,节,2016-09-07 12:51,hko_minutes,
2016,秋分,中气,2016-09-22 22:21,hko_minutes,
2016,寒露,节,2016-10-08 04:33,hko_minutes,
2016,霜降,中气,2016-10-23 07:46,hko_minutes,
2016,立冬,节,2016-11-07 07:48,hko_minutes,
2016,小雪,中气,2016-11-22 05:22,hko_minutes,
2016,大雪,节,2016-12-07 00:41,hko_minutes,
2016,冬至,中气,2016-12-21 18:44,hko_minutes,
2017,小寒,节,2017-01-05 11:56,hko_minutes,
2017,大寒,中气,2017-01-20 05:24,hko_minutes,
2017,立春,节,2017-02-03 23:34,hko_minutes,
2017,雨水,中气,2017-02-18 19:31,hko_minutes,
2017,惊蛰,节,2017-03-05 17:33,hko_minutes,
2017,春分,中气,2017-03-20 18:29,hko_minutes,
2017,清明,节,2017-04-04 22:17,hko_minutes,
2017,谷雨,中气,2017-04-20 05:27,hko_minutes,
2017,立夏,节,2017-05-05 15:31,hko_minutes,
2017,小满,中气,2017-05-21 04:31,hko_minutes,
2017,芒种,节,2017-06-05 19:37,hko_minutes,
2017,夏至,中气,2017-06-21 12:24,hko_minutes,
2017,小暑,节,2017-07-07 05:51,hko_minutes,
2017,大暑,中气,2017-07-22 23:15,hko_minutes,
2017,立秋,节,2017-08-07 15:40,hko_minutes,
2017,处暑,中气,2017-08-23 06:20,hko_minutes,
2017,白露,节,2017-09-07 18:39,hko_minutes,
2017,秋分,中气,2017-09-23 04:02,hko_minutes,
2017,寒露,节,2017-10-08 10:22,hko_minutes,
2017,霜降,中气,2017-10-23 13:27,hko_minutes,
2017,立冬,节,2017-11-07 13:38,hko_minutes,
2017,小雪,中气,2017-11-22 11:05,hko_minutes,
2017,大雪,节,2017-12-07 06:33,hko_minutes,
2017,冬至,中气,2017-12-22 00:28,hko_minutes,
2018,小寒,节,2018-01-05 17:49,hko_minutes,
2018,大寒,中气,2018-01-20 11:09,hko_minutes,
2018,立春,节,2018-02-04 05:28,hko_minutes,
2018,雨水,中气,2018-02-19 01:18,hko_minutes,
2018,惊蛰,节,2018-03-05 23:28,hko_minutes,
2018,春分,中气,2018-03-21 00:15,hko_minutes,
2018,清明,节,2018-04-05 04:13,hko_minutes,
2018,谷雨,中气,2018-04-20 11:13,hko_minutes,
2018,立夏,节,2018-05-05 21:25,hko_minutes,
2018,小满,中气,2018-05-21 10:15,hko_minutes,
2018,芒种,节,2018-06-06 01:29,hko_minutes,
2018,夏至,中气,2018-06-21 18:07,hko_minutes,
2018,小暑,节,2018-07-07 11:42,hko_minutes,
2018,大暑,中气,2018-07-23 05:00,hko_minutes,
2018,立秋,节,2018-08-07 21:31,hko_minutes,
2018,处暑,中气,2018-08-23 12:09,hko_minutes,
2018,白露,节,2018-09-08 00:30,hko_minutes,
2018,秋分,中气,2018-09-23 09:54,hko_minutes,
2018,寒露,节,2018-10-08 16:15,hko_minutes,
2018,霜降,中气,2018-10-23 19:22,hko_minutes,
2018,立冬,节,2018-11-07 19:32,hko_minutes,
2018,小雪,中气,2018-11-22 17:01,hko_minutes,
2018,大雪,节,2018-12-07 12:26,hko_minutes,
2018,冬至,中气,2018-12-22 06:23,hko_minutes,
2019,小寒,节,2019-01-05 23:39,hko_minutes,
2019,大寒,中气,2019-01-20 17:00,hko_minutes,
2019,立春,节,2019-02-04 11:14,hko_minutes,
2019,雨水,中气,2019-02-19 07:04,hko_minutes,
2019,惊蛰,节,2019-03-06 05:10,hko_minutes,
2019,春分,中气,2019-03-21 05:58,hko_minutes,
2019,清明,节,2019-04-05 09:51,hko_minutes,
2019,谷雨,中气,2019-04-20 16:55,hko_minutes,
2019,立夏,节,2019-05-06 03:03,hko_minutes,
2019,小满,中气,2019-05-21 15:59,hko_minutes,
2019,芒种,节,2019-06-06 07:06,hko_minutes,
2019,夏至,中气,2019-06-21 23:54,hko_minutes,
2019,小暑,节,2019-07-07 17:21,hko_minutes,
2019,大暑,中气,2019-07-23 10:50,hko_minutes,
2019,立秋,节,2019-08-08 03:13,hko_minutes,
2019,处暑,中气,2019-08-23 18:02,hko_minutes,
2019,白露,节,2019-09-08 06:17,hko_minutes,
2019,秋分,中气,2019-09-23 15:50,hko_minutes,
2019,寒露,节,2019-10-08 22:06,hko_minutes,
2019,霜降,中气,2019-10-24 01:20,hko_minutes,
2019,立冬,节,2019-11-08 01:24,hko_minutes,
2019,小雪,中气,2019-11-22 22:59,hko_minutes,
2019,大雪,节,2019-12-07 18:18,hko_minutes,
2019,冬至,中气,2019-12-22 12:19,hko_minutes,
2020,小寒,节,2020-01-06 05:30,hko_minutes,
2020,大寒,中气,2020-01-20 22:55,hko_minutes,
2020,立春,节,2020-02-04 17:03,hko_minutes,
2020,雨水,中气,2020-02-19 12:57,hko_minutes,
2020,惊蛰,节,2020-03-05 10:57,hko_minutes,
2020,春分,中气,2020-03-20 11:50,hko_minutes,
2020,清明,节,2020-04-04 15:38,hko_minutes,
2020,谷雨,中气,2020-04-19 22:45,hko_minutes,
2020,立夏,节,2020-05-05 08:51,hko_minutes,
2020,小满,中气,2020-05-20 21:49,hko_minutes,
2020,芒种,节,2020-06-05 12:58,hko_minutes,
2020,夏至,中气,2020-06-21 05:44,hko_minutes,
2020,小暑,节,2020-07-06 23:14,hko_minutes,
2020,大暑,中气,2020-07-22 16:37,hko_minutes,
2020,立秋,节,2020-08-07 09:06,hko_minutes,
2020,处暑,中气,2020-08-22 23:45,hko_minutes,
2020,白露,节,2020-09-07 12:08,hko_minutes,
2020,秋分,中气,2020-09-22 21:31,hko_minutes,
2020,寒露,节,2020-10-08 03:55,hko_minutes,
2020,霜降,中气,2020-10-23 07:00,hko_minutes,
2020,立冬,节,2020-11-07 07:14,hko_minutes,
2020,小雪,中气,2020-11-22 04:40,hko_minutes,
2020,大雪,节,2020-12-07 00:09,hko_minutes,
2020,冬至,中气,2020-12-21 18:02,hko_minutes,
2021,小寒,节,2021-01-05 11:23,hko_minutes,
2021,大寒,中气,2021-01-20 04:40,hko_minutes,
2021,立春,节,2021-02-03 22:59,hko_minutes,
2021,雨水,中气,2021-02-18 18:44,hko_minutes,
2021,惊蛰,节,2021-03-05 16:54,hko_minutes,
2021,春分,中气,2021-03-20 17:37,hko_minutes,
2021,清明,节,2021-04-04 21:35,hko_minutes,
2021,谷雨,中气,2021-04-20 04:33,hko_minutes,
2021,立夏,节,2021-05-05 14:47,hko_minutes,
2021,小满,中气,2021-05-21 03:37,hko_minutes,
2021,芒种,节,2021-06-05 18:52,hko_minutes,
2021,夏至,中气,2021-06-21 11:32,hko_minutes,
2021,小暑,节,2021-07-07 05:05,hko_minutes,
2021,大暑,中气,2021-07-22 22:26,hko_minutes,
2021,立秋,节,2021-08-07 14:54,hko_minutes,
2021,处暑,中气,2021-08-23 05:35,hko_minutes,
2021,白露,节,2021-09-07 17:53,hko_minutes,
2021,秋分,中气,2021-09-23 03:21,hko_minutes,
2021,寒露,节,2021-10-08 09:39,hko_minutes,
2021,霜降,中气,2021-10-23 12:51,hko_minutes,
2021,立冬,节,2021-11-07 12:59,hko_minutes,
2021,小雪,中气,2021-11-22 10:34,hko_minutes,
2021,大雪,节,2021-12-07 05:57,hko_minutes,
2021,冬至,中气,2021-12-21 23:59,hko_minutes,
2022,小寒,节,2022-01-05 17:14,hko_minutes,
2022,大寒,中气,2022-01-20 10:39,hko_minutes,
2022,立春,节,2022-02-04 04:51,hko_minutes,
2022,雨水,中气,2022-02-19 00:43,hko_minutes,
2022,惊蛰,节,2022-03-05 22:44,hko_minutes,
2022,春分,中气,2022-03-20 23:33,hko_minutes,
2022,清明,节,2022-04-05 03:20,hko_minutes,
2022,谷雨,中气,2022-04-20 10:24,hko_minutes,
2022,立夏,节,2022-05-05 20:26,hko_minutes,
2022,小满,中气,2022-05-21 09:23,hko_minutes,
2022,芒种,节,2022-06-06 00:26,hko_minutes,
2022,夏至,中气,2022-06-21 17:14,hko_minutes,
2022,小暑,节,2022-07-07 10:38,hko_minutes,
2022,大暑,中气,2022-07-23 04:07,hko_minutes,
2022,立秋,节,2022-08-07 20:29,hko_minutes,
2022,处暑,中气,2022-08-23 11:16,hko_minutes,
2022,白露,节,2022-09-07 23:32,hko_minutes,
2022,秋分,中气,2022-09-23 09:04,hko_minutes,
2022,寒露,节,2022-10-08 15:22,hko_minutes,
2022,霜降,中气,2022-10-23 18:36,hko_minutes,
2022,立冬,节,2022-11-07 18:45,hko_minutes,
2022,小雪,中气,2022-11-22 16:20,hko_minutes,
2022,大雪,节,2022-12-07 11:46,hko_minutes,
2022,冬至,中气,2022-12-22 05:48,hko_minutes,
2023,小寒,节,2023-01-05 23:05,hko_minutes,
2023,大寒,中气,2023-01-20 16:30,hko_minutes,
2023,立春,节,2023-02-04 10:43,hko_minutes,
2023,雨水,中气,2023-02-19 06:34,hko_minutes,
2023,惊蛰,节,2023-03-06 04:36,hko_minutes,
2023,春分,中气,2023-03-21 05:24,hko_minutes,
2023,清明,节,2023-04-05 09:13,hko_minutes,
2023,谷雨,中气,2023-04-20 16:14,hko_minutes,
2023,立夏,节,2023-05-06 02:19,hko_minutes,
2023,小满,中气,2023-05-21 15:09,hko_minutes,
2023,芒种,节,2023-06-06 06:18,hko_minutes,
2023,夏至,中气,2023-06-21 22:58,hko_minutes,
2023,小暑,节,2023-07-07 16:31,hko_minutes,
2023,大暑,中气,2023-07-23 09:50,hko_minutes,
2023,立秋,节,2023-08-08 02:23,hko_minutes,
2023,处暑,中气,2023-08-23 17:01,hko_minutes,
2023,白露,节,2023-09-08 05:27,hko_minutes,
2023,秋分,中气,2023-09-23 14:50,hko_minutes,
2023,寒露,节,2023-10-08 21:16,hko_minutes,
2023,霜降,中气,2023-10-24 00:21,hko_minutes,
2023,立冬,节,2023-11-08 00:36,hko_minutes,
2023,小雪,中气,2023-11-22 22:03,hko_minutes,
2023,大雪,节,2023-12-07 17:33,hko_minutes,
2023,冬至,中气,2023-12-22 11:27,hko_minutes,
2024,小寒,节,2024-01-06 04:49,hko_minutes,
2024,大寒,中气,2024-01-20 22:07,hko_minutes,
2024,立春,节,2024-02-04 16:27,hko_minutes,
2024,雨水,中气,2024-02-19 12:13,hko_minutes,
2024,惊蛰,节,2024-03-05 10:23,hko_minutes,
2024,春分,中气,2024-03-20 11:06,hko_minutes,
2024,清明,节,2024-04-04 15:02,hko_minutes,
2024,谷雨,中气,2024-04-19 22:00,hko_minutes,
2024,立夏,节,2024-05-05 08:10,hko_minutes,
2024,小满,中气,2024-05-20 21:00,hko_minutes,
2024,芒种,节,2024-06-05 12:10,hko_minutes,
2024,夏至,中气,2024-06-21 04:51,hko_minutes,
2024,小暑,节,2024-07-06 22:20,hko_minutes,
2024,大暑,中气,2024-07-22 15:44,hko_minutes,
2024,立秋,节,2024-08-07 08:09,hko_minutes,
2024,处暑,中气,2024-08-22 22:55,hko_minutes,
2024,白露,节,2024-09-07 11:11,hko_minutes,
2024,秋分,中气,2024-09-22 20:44,hko_minutes,
2024,寒露,节,2024-10-08 03:00,hko_minutes,
2024,霜降,中气,2024-10-23 06:15,hko_minutes,
2024,立冬,节,2024-11-07 06:20,hko_minutes,
2024,小雪,中气,2024-11-22 03:56,hko_minutes,
2024,大雪,节,2024-12-06 23:17,hko_minutes,
2024,冬至,中气,2024-12-21 17:21,hko_minutes,
2025,小寒,节,2025-01-05 10:33,hko_minutes,
2025,大寒,中气,2025-01-20 04:00,hko_minutes,
2025,立春,节,2025-02-03 22:10,hko_minutes,
2025,雨水,中气,2025-02-18 18:07,hko_minutes,
2025,惊蛰,节,2025-03-05 16:07,hko_minutes,
2025,春分,中气,2025-03-20 17:01,hko_minutes,
2025,清明,节,2025-04-04 20:49,hko_minutes,
2025,谷雨,中气,2025-04-20 03:56,hko_minutes,
2025,立夏,节,2025-05-05 13:57,hko_minutes,
2025,小满,中气,2025-05-21 02:55,hko_minutes,
2025,芒种,节,2025-06-05 17:57,hko_minutes,
2025,夏至,中气,2025-06-21 10:42,hko_minutes,
2025,小暑,节,2025-07-07 04:05,hko_minutes,
2025,大暑,中气,2025-07-22 21:29,hko_minutes,
2025,立秋,节,2025-08-07 13:52,hko_minutes,
2025,处暑,中气,2025-08-23 04:34,hko_minutes,
2025,白露,节,2025-09-07 16:52,hko_minutes,
2025,秋分,中气,2025-09-23 02:19,hko_minutes,
2025,寒露,节,2025-10-08 08:41,hko_minutes,
2025,霜降,中气,2025-10-23 11:51,hko_minutes,
2025,立冬,节,2025-11-07 12:04,hko_minutes,
2025,小雪,中气,2025-11-22 09:36,hko_minutes,
2025,大雪,节,2025-12-07 05:05,hko_minutes,
2025,冬至,中气,2025-12-21 23:03,hko_minutes,
2026,小寒,节,2026-01-05 16:23,hko_minutes,
2026,大寒,中气,2026-01-20 09:45,hko_minutes,
2026,立春,节,2026-02-04 04:02,hko_minutes,
2026,雨水,中气,2026-02-18 23:52,hko_minutes,
2026,惊蛰,节,2026-03-05 21:59,hko_minutes,
2026,春分,中气,2026-03-20 22:46,hko_minutes,
2026,清明,节,2026-04-05 02:40,hko_minutes,
2026,谷雨,中气,2026-04-20 09:39,hko_minutes,
2026,立夏,节,2026-05-05 19:49,hko_minutes,
2026,小满,中气,2026-05-21 08:37,hko_minutes,
2026,芒种,节,2026-06-05 23:48,hko_minutes,
2026,夏至,中气,2026-06-21 16:25,hko_minutes,
2026,小暑,节,2026-07-07 09:57,hko_minutes,
2026,大暑,中气,2026-07-23 03:13,hko_minutes,
2026,立秋,节,2026-08-07 19:43,hko_minutes,
2026,处暑,中气,2026-08-23 10:19,hko_minutes,
2026,白露,节,2026-09-07 22:41,hko_minutes,
2026,秋分,中气,2026-09-23 08:05,hko_minutes,
2026,寒露,节,2026-10-08 14:29,hko_minutes,
2026,霜降,中气,2026-10-23 17:38,hko_minutes,
2026,立冬,节,2026-11-07 17:52,hko_minutes,
2026,小雪,中气,2026-11-22 15:23,hko_minutes,
2026,大雪,节,2026-12-07 10:53,hko_minutes,
2026,冬至,中气,2026-12-22 04:50,hko_minutes,
2027,小寒,节,2027-01-05 22:10,hko_minutes,
2027,大寒,中气,2027-01-20 15:30,hko_minutes,
2027,立春,节,2027-02-04 09:46,hko_minutes,
2027,雨水,中气,2027-02-19 05:33,hko_minutes,
2027,惊蛰,节,2027-03-06 03:40,hko_minutes,
2027,春分,中气,2027-03-21 04:25,hko_minutes,
2027,清明,节,2027-04-05 08:17,hko_minutes,
2027,谷雨,中气,2027-04-20 15:18,hko_minutes,
2027,立夏,节,2027-05-06 01:25,hko_minutes,
2027,小满,中气,2027-05-21 14:18,hko_minutes,
2027,芒种,节,2027-06-06 05:26,hko_minutes,
2027,夏至,中气,2027-06-21 22:11,hko_minutes,
2027,小暑,节,2027-07-07 15:37,hko_minutes,
2027,大暑,中气,2027-07-23 09:05,hko_minutes,
2027,立秋,节,2027-08-08 01:27,hko_minutes,
2027,处暑,中气,2027-08-23 16:14,hko_minutes,
2027,白露,节,2027-09-08 04:28,hko_minutes,
2027,秋分,中气,2027-09-23 14:02,hko_minutes,
2027,寒露,节,2027-10-08 20:17,hko_minutes,
2027,霜降,中气,2027-10-23 23:33,hko_minutes,
2027,立冬,节,2027-11-07 23:39,hko_minutes,
2027,小雪,中气,2027-11-22 21:16,hko_minutes,
2027,大雪,节,2027-12-07 16:38,hko_minutes,
2027,冬至,中气,2027-12-22 10:42,hko_minutes,
2028,小寒,节,2028-01-06 03:55,hko_minutes,
2028,大寒,中气,2028-01-20 21:22,hko_minutes,
2028,立春,节,2028-02-04 15:31,hko_minutes,
2028,雨水,中气,2028-02-19 11:26,hko_minutes,
2028,惊蛰,节,2028-03-05 09:25,hko_minutes,
2028,春分,中气,2028-03-20 10:17,hko_minutes,
2028,清明,节,2028-04-04 14:03,hko_minutes,
2028,谷雨,中气,2028-04-19 21:09,hko_minutes,
2028,立夏,节,2028-05-05 07:12,hko_minutes,
2028,小满,中气,2028-05-20 20:10,hko_minutes,
2028,芒种,节,2028-06-05 11:16,hko_minutes,
2028,夏至,中气,2028-06-21 04:02,hko_minutes,
2028,小暑,节,2028-07-06 21:30,hko_minutes,
2028,大暑,中气,2028-07-22 14:54,hko_minutes,
2028,立秋,节,2028-08-07 07:21,hko_minutes,
2028,处暑,中气,2028-08-22 22:01,hko_minutes,
2028,白露,节,2028-09-07 10:22,hko_minutes,
2028,秋分,中气,2028-09-22 19:45,hko_minutes,
2028,寒露,节,2028-10-08 02:09,hko_minutes,
2028,霜降,中气,2028-10-23 05:13,hko_minutes,
2028,立冬,节,2028-11-07 05:27,hko_minutes,
2028,小雪,中气,2028-11-22 02:54,hko_minutes,
2028,大雪,节,2028-12-06 22:25,hko_minutes,
2028,冬至,中气,2028-12-21 16:20,hko_minutes,
2029,小寒,节,2029-01-05 09:42,lunar,
2029,大寒,中气,2029-01-20 03:01,lunar,
2029,立春,节,2029-02-03 21:21,lunar,
2029,雨水,中气,2029-02-18 17:08,lunar,
2029,惊蛰,节,2029-03-05 15:18,lunar,
2029,春分,中气,2029-03-20 16:02,lunar,
2029,清明,节,2029-04-04 19:58,lunar,
2029,谷雨,中气,2029-04-20 02:56,lunar,
2029,立夏,节,2029-05-05 13:08,lunar,
2029,小满,中气,2029-05-21 01:56,lunar,
2029,芒种,节,2029-06-05 17:10,lunar,
2029,夏至,中气,2029-06-21 09:48,lunar,
2029,小暑,节,2029-07-07 03:22,lunar,
2029,大暑,中气,2029-07-22 20:42,lunar,
2029,立秋,节,2029-08-07 13:12,lunar,
2029,处暑,中气,2029-08-23 03:52,lunar,
2029,白露,节,2029-09-07 16:12,lunar,
2029,秋分,中气,2029-09-23 01:39,lunar,
2029,寒露,节,2029-10-08 07:58,lunar,
2029,霜降,中气,2029-10-23 11:08,lunar,
2029,立冬,节,2029-11-07 11:17,lunar,
2029,小雪,中气,2029-11-22 08:49,lunar,
2029,大雪,节,2029-12-07 04:14,lunar,
2029,冬至,中气,2029-12-21 22:14,lunar,
2030,小寒,节,2030-01-05 15:31,lunar,
2030,大寒,中气,2030-01-20 08:54,lunar,
2030,立春,节,2030-02-04 03:08,lunar,
2030,雨水,中气,2030-02-18 23:00,lunar,
2030,惊蛰,节,2030-03-05 21:03,lunar,
2030,春分,中气,2030-03-20 21:52,lunar,
2030,清明,节,2030-04-05 01:41,lunar,
2030,谷雨,中气,2030-04-20 08:44,lunar,
2030,立夏,节,2030-05-05 18:46,lunar,
2030,小满,中气,2030-05-21 07:41,lunar,
2030,芒种,节,2030-06-05 22:45,lunar,
2030,夏至,中气,2030-06-21 15:31,lunar,
2030,小暑,节,2030-07-07 08:55,lunar,
2030,大暑,中气,2030-07-23 02:25,lunar,
2030,立秋,节,2030-08-07 18:47,lunar,
2030,处暑,中气,2030-08-23 09:36,lunar,
2030,白露,节,2030-09-07 21:53,lunar,
2030,秋分,中气,2030-09-23 07:27,lunar,
2030,寒露,节,2030-10-08 13:45,lunar,
2030,霜降,中气,2030-10-23 17:01,lunar,
2030,立冬,节,2030-11-07 17:09,lunar,
2030,小雪,中气,2030-11-22 14:45,lunar,
2030,大雪,节,2030-12-07 10:08,lunar,
2030,冬至,中气,2030-12-22 04:10,lunar,
2031,小寒,节,2031-01-05 21:23,lunar,
2031,大寒,中气,2031-01-20 14:48,lunar,
2031,立春,节,2031-02-04 08:58,lunar,
2031,雨水,中气,2031-02-19 04:51,lunar,
2031,惊蛰,节,2031-03-06 02:51,lunar,
2031,春分,中气,2031-03-21 03:41,lunar,
2031,清明,节,2031-04-05 07:28,lunar,
2031,谷雨,中气,2031-04-20 14:31,lunar,
2031,立夏,节,2031-05-06 00:35,lunar,
2031,小满,中气,2031-05-21 13:28,lunar,
2031,芒种,节,2031-06-06 04:36,lunar,
2031,夏至,中气,2031-06-21 21:17,lunar,
2031,小暑,节,2031-07-07 14:49,lunar,
2031,大暑,中气,2031-07-23 08:10,lunar,
2031,立秋,节,2031-08-08 00:43,lunar,
2031,处暑,中气,2031-08-23 15:23,lunar,
2031,白露,节,2031-09-08 03:50,lunar,
2031,秋分,中气,2031-09-23 13:15,lunar,
2031,寒露,节,2031-10-08 19:43,lunar,
2031,霜降,中气,2031-10-23 22:49,lunar,
2031,立冬,节,2031-11-07 23:06,lunar,
2031,小雪,中气,2031-11-22 20:33,lunar,
2031,大雪,节,2031-12-07 16:03,lunar,
2031,冬至,中气,2031-12-22 09:56,lunar,
2032,小寒,节,2032-01-06 03:16,lunar,
2032,大寒,中气,2032-01-20 20:31,lunar,
2032,立春,节,2032-02-04 14:49,lunar,
2032,雨水,中气,2032-02-19 10:32,lunar,
2032,惊蛰,节,2032-03-05 08:40,lunar,
2032,春分,中气,2032-03-20 09:22,lunar,
2032,清明,节,2032-04-04 13:18,lunar,
2032,谷雨,中气,2032-04-19 20:14,lunar,
2032,立夏,节,2032-05-05 06:26,lunar,
2032,小满,中气,2032-05-20 19:15,lunar,
2032,芒种,节,2032-06-05 10:28,lunar,
2032,夏至,中气,2032-06-21 03:09,lunar,
2032,小暑,节,2032-07-06 20:41,lunar,
2032,大暑,中气,2032-07-22 14:05,lunar,
2032,立秋,节,2032-08-07 06:33,lunar,
2032,处暑,中气,2032-08-22 21:18,lunar,
2032,白露,节,2032-09-07 09:38,lunar,
2032,秋分,中气,2032-09-22 19:11,lunar,
2032,寒露,节,2032-10-08 01:30,lunar,
2032,霜降,中气,2032-10-23 04:46,lunar,
2032,立冬,节,2032-11-07 04:54,lunar,
2032,小雪,中气,2032-11-22 02:31,lunar,
2032,大雪,节,2032-12-06 21:53,lunar,
2032,冬至,中气,2032-12-21 15:56,lunar,
2033,小寒,节,2033-01-05 09:08,lunar,
2033,大寒,中气,2033-01-20 02:33,lunar,
2033,立春,节,2033-02-03 20:42,lunar,
2033,雨水,中气,2033-02-18 16:34,lunar,
2033,惊蛰,节,2033-03-05 14:32,lunar,
2033,春分,中气,2033-03-20 15:23,lunar,
2033,清明,节,2033-04-04 19:08,lunar,
2033,谷雨,中气,2033-04-20 02:13,lunar,
2033,立夏,节,2033-05-05 12:14,lunar,
2033,小满,中气,2033-05-21 01:11,lunar,
2033,芒种,节,2033-06-05 16:13,lunar,
2033,夏至,中气,2033-06-21 09:01,lunar,
2033,小暑,节,2033-07-07 02:25,lunar,
2033,大暑,中气,2033-07-22 19:53,lunar,
2033,立秋,节,2033-08-07 12:16,lunar,
2033,处暑,中气,2033-08-23 03:02,lunar,
2033,白露,节,2033-09-07 15:20,lunar,
2033,秋分,中气,2033-09-23 00:52,lunar,
2033,寒露,节,2033-10-08 07:14,lunar,
2033,霜降,中气,2033-10-23 10:28,lunar,
2033,立冬,节,2033-11-07 10:41,lunar,
2033,小雪,中气,2033-11-22 08:16,lunar,
2033,大雪,节,2033-12-07 03:45,lunar,
2033,冬至,中气,2033-12-21 21:46,lunar,
2034,小寒,节,2034-01-05 15:05,lunar,
2034,大寒,中气,2034-01-20 08:27,lunar,
2034,立春,节,2034-02-04 02:41,lunar,
2034,雨水,中气,2034-02-18 22:30,lunar,
2034,惊蛰,节,2034-03-05 20:32,lunar,
2034,春分,中气,2034-03-20 21:18,lunar,
2034,清明,节,2034-04-05 01:06,lunar,
2034,谷雨,中气,2034-04-20 08:04,lunar,
2034,立夏,节,2034-05-05 18:09,lunar,
2034,小满,中气,2034-05-21 06:57,lunar,
2034,芒种,节,2034-06-05 22:07,lunar,
2034,夏至,中气,2034-06-21 14:44,lunar,
2034,小暑,节,2034-07-07 08:18,lunar,
2034,大暑,中气,2034-07-23 01:36,lunar,
2034,立秋,节,2034-08-07 18:09,lunar,
2034,处暑,中气,2034-08-23 08:48,lunar,
2034,白露,节,2034-09-07 21:14,lunar,
2034,秋分,中气,2034-09-23 06:40,lunar,
2034,寒露,节,2034-10-08 13:07,lunar,
2034,霜降,中气,2034-10-23 16:16,lunar,
2034,立冬,节,2034-11-07 16:34,lunar,
2034,小雪,中气,2034-11-22 14:05,lunar,
2034,大雪,节,2034-12-07 09:37,lunar,
2034,冬至,中气,2034-12-22 03:34,lunar,
2035,小寒,节,2035-01-05 20:56,lunar,
2035,大寒,中气,2035-01-20 14:14,lunar,
2035,立春,节,2035-02-04 08:32,lunar,
2035,雨水,中气,2035-02-19 04:16,lunar,
2035,惊蛰,节,2035-03-06 02:22,lunar,
2035,春分,中气,2035-03-21 03:03,lunar,
2035,清明,节,2035-04-05 06:54,lunar,
2035,谷雨,中气,2035-04-20 13:49,lunar,
2035,立夏,节,2035-05-05 23:55,lunar,
2035,小满,中气,2035-05-21 12:43,lunar,
2035,芒种,节,2035-06-06 03:51,lunar,
2035,夏至,中气,2035-06-21 20:33,lunar,
2035,小暑,节,2035-07-07 14:01,lunar,
2035,大暑,中气,2035-07-23 07:29,lunar,
2035,立秋,节,2035-08-07 23:54,lunar,
2035,处暑,中气,2035-08-23 14:44,lunar,
2035,白露,节,2035-09-08 03:03,lunar,
2035,秋分,中气,2035-09-23 12:39,lunar,
2035,寒露,节,2035-10-08 18:58,lunar,
2035,霜降,中气,2035-10-23 22:16,lunar,
2035,立冬,节,2035-11-07 22:24,lunar,
2035,小雪,中气,2035-11-22 20:03,lunar,
2035,大雪,节,2035-12-07 15:26,lunar,
2035,冬至,中气,2035-12-22 09:31,lunar,
2036,小寒,节,2036-01-06 02:44,lunar,
2036,大寒,中气,2036-01-20 20:11,lunar,
2036,立春,节,2036-02-04 14:20,lunar,
2036,雨水,中气,2036-02-19 10:14,lunar,
2036,惊蛰,节,2036-03-05 08:12,lunar,
2036,春分,中气,2036-03-20 09:03,lunar,
2036,清明,节,2036-04-04 12:46,lunar,
2036,谷雨,中气,2036-04-19 19:51,lunar,
2036,立夏,节,2036-05-05 05:49,lunar,
2036,小满,中气,2036-05-20 18:45,lunar,
2036,芒种,节,2036-06-05 09:47,lunar,
2036,夏至,中气,2036-06-21 02:32,lunar,
2036,小暑,节,2036-07-06 19:58,lunar,
2036,大暑,中气,2036-07-22 13:23,lunar,
2036,立秋,节,2036-08-07 05:49,lunar,
2036,处暑,中气,2036-08-22 20:32,lunar,
2036,白露,节,2036-09-07 08:55,lunar,
2036,秋分,中气,2036-09-22 18:23,lunar,
2036,寒露,节,2036-10-08 00:49,lunar,
2036,霜降,中气,2036-10-23 03:59,lunar,
2036,立冬,节,2036-11-07 04:15,lunar,
2036,小雪,中气,2036-11-22 01:45,lunar,
2036,大雪,节,2036-12-06 21:16,lunar,
2036,冬至,中气,2036-12-21 15:13,lunar,
2037,小寒,节,2037-01-05 08:34,lunar,
2037,大寒,中气,2037-01-20 01:54,lunar,
2037,立春,节,2037-02-03 20:12,lunar,
2037,雨水,中气,2037-02-18 15:59,lunar,
2037,惊蛰,节,2037-03-05 14:06,lunar,
2037,春分,中气,2037-03-20 14:50,lunar,
2037,清明,节,2037-04-04 18:44,lunar,
2037,谷雨,中气,2037-04-20 01:40,lunar,
2037,立夏,节,2037-05-05 11:49,lunar,
2037,小满,中气,2037-05-21 00:35,lunar,
2037,芒种,节,2037-06-05 15:47,lunar,
2037,夏至,中气,2037-06-21 08:22,lunar,
2037,小暑,节,2037-07-07 01:55,lunar,
2037,大暑,中气,2037-07-22 19:13,lunar,
2037,立秋,节,2037-08-07 11:43,lunar,
2037,处暑,中气,2037-08-23 02:22,lunar,
2037,白露,节,2037-09-07 14:46,lunar,
2037,秋分,中气,2037-09-23 00:13,lunar,
2037,寒露,节,2037-10-08 06:38,lunar,
2037,霜降,中气,2037-10-23 09:50,lunar,
2037,立冬,节,2037-11-07 10:04,lunar,
2037,小雪,中气,2037-11-22 07:38,lunar,
2037,大雪,节,2037-12-07 03:07,lunar,
2037,冬至,中气,2037-12-21 21:08,lunar,
2038,小寒,节,2038-01-05 14:27,lunar,
2038,大寒,中气,2038-01-20 07:49,lunar,
2038,立春,节,2038-02-04 02:04,lunar,
2038,雨水,中气,2038-02-18 21:52,lunar,
2038,惊蛰,节,2038-03-05 19:56,lunar,
2038,春分,中气,2038-03-20 20:41,lunar,
2038,清明,节,2038-04-05 00:29,lunar,
2038,谷雨,中气,2038-04-20 07:29,lunar,
2038,立夏,节,2038-05-05 17:31,lunar,
2038,小满,中气,2038-05-21 06:23,lunar,
2038,芒种,节,2038-06-05 21:26,lunar,
2038,夏至,中气,2038-06-21 14:09,lunar,
2038,小暑,节,2038-07-07 07:33,lunar,
2038,大暑,中气,2038-07-23 01:00,lunar,
2038,立秋,节,2038-08-07 17:21,lunar,
2038,处暑,中气,2038-08-23 08:10,lunar,
2038,白露,节,2038-09-07 20:26,lunar,
2038,秋分,中气,2038-09-23 06:02,lunar,
2038,寒露,节,2038-10-08 12:22,lunar,
2038,霜降,中气,2038-10-23 15:41,lunar,
2038,立冬,节,2038-11-07 15:51,lunar,
2038,小雪,中气,2038-11-22 13:31,lunar,
2038,大雪,节,2038-12-07 08:56,lunar,
2038,冬至,中气,2038-12-22 03:02,lunar,
2039,小寒,节,2039-01-05 20:17,lunar,
2039,大寒,中气,2039-01-20 13:44,lunar,
2039,立春,节,2039-02-04 07:53,lunar,
2039,雨水,中气,2039-02-19 03:46,lunar,
2039,惊蛰,节,2039-03-06 01:43,lunar,
2039,春分,中气,2039-03-21 02:32,lunar,
2039,清明,节,2039-04-05 06:16,lunar,
2039,谷雨,中气,2039-04-20 13:18,lunar,
2039,立夏,节,2039-05-05 23:18,lunar,
2039,小满,中气,2039-05-21 12:11,lunar,
2039,芒种,节,2039-06-06 03:16,lunar,
2039,夏至,中气,2039-06-21 19:57,lunar,
2039,小暑,节,2039-07-07 13:26,lunar,
2039,大暑,中气,2039-07-23 06:48,lunar,
2039,立秋,节,2039-08-07 23:18,lunar,
2039,处暑,中气,2039-08-23 13:59,lunar,
2039,白露,节,2039-09-08 02:24,lunar,
2039,秋分,中气,2039-09-23 11:50,lunar,
2039,寒露,节,2039-10-08 18:17,lunar,
2039,霜降,中气,2039-10-23 21:25,lunar,
2039,立冬,节,2039-11-07 21:43,lunar,
2039,小雪,中气,2039-11-22 19:12,lunar,
2039,大雪,节,2039-12-07 14:45,lunar,
2039,冬至,中气,2039-12-22 08:41,lunar,
2040,小寒,节,2040-01-06 02:04,lunar,
2040,大寒,中气,2040-01-20 19:21,lunar,
2040,立春,节,2040-02-04 13:40,lunar,
2040,雨水,中气,2040-02-19 09:24,lunar,
2040,惊蛰,节,2040-03-05 07:31,lunar,
2040,春分,中气,2040-03-20 08:12,lunar,
2040,清明,节,2040-04-04 12:06,lunar,
2040,谷雨,中气,2040-04-19 19:00,lunar,
2040,立夏,节,2040-05-05 05:09,lunar,
2040,小满,中气,2040-05-20 17:56,lunar,
2040,芒种,节,2040-06-05 09:08,lunar,
2040,夏至,中气,2040-06-21 01:46,lunar,
2040,小暑,节,2040-07-06 19:19,lunar,
2040,大暑,中气,2040-07-22 12:41,lunar,
2040,立秋,节,2040-08-07 05:10,lunar,
2040,处暑,中气,2040-08-22 19:53,lunar,
2040,白露,节,2040-09-07 08:14,lunar,
2040,秋分,中气,2040-09-22 17:45,lunar,
2040,寒露,节,2040-10-08 00:06,lunar,
2040,霜降,中气,2040-10-23 03:20,lunar,
2040,立冬,节,2040-11-07 03:29,lunar,
2040,小雪,中气,2040-11-22 01:06,lunar,
2040,大雪,节,2040-12-06 20:30,lunar,
2040,冬至,中气,2040-12-21 14:33,lunar,
2041,小寒,节,2041-01-05 07:48,lunar,
2041,大寒,中气,2041-01-20 01:13,lunar,
2041,立春,节,2041-02-03 19:25,lunar,
2041,雨水,中气,2041-02-18 15:17,lunar,
2041,惊蛰,节,2041-03-05 13:18,lunar,
2041,春分,中气,2041-03-20 14:07,lunar,
2041,清明,节,2041-04-04 17:53,lunar,
2041,谷雨,中气,2041-04-20 00:55,lunar,
2041,立夏,节,2041-05-05 10:55,lunar,
2041,小满,中气,2041-05-20 23:49,lunar,
2041,芒种,节,2041-06-05 14:50,lunar,
2041,夏至,中气,2041-06-21 07:36,lunar,
2041,小暑,节,2041-07-07 00:59,lunar,
2041,大暑,中气,2041-07-22 18:27,lunar,
2041,立秋,节,2041-08-07 10:49,lunar,
2041,处暑,中气,2041-08-23 01:36,lunar,
2041,白露,节,2041-09-07 13:54,lunar,
2041,秋分,中气,2041-09-22 23:27,lunar,
2041,寒露,节,2041-10-08 05:47,lunar,
2041,霜降,中气,2041-10-23 09:02,lunar,
2041,立冬,节,2041-11-07 09:13,lunar,
2041,小雪,中气,2041-11-22 06:49,lunar,
2041,大雪,节,2041-12-07 02:16,lunar,
2041,冬至,中气,2041-12-21 20:18,lunar,
2042,小寒,节,2042-01-05 13:35,lunar,
2042,大寒,中气,2042-01-20 07:00,lunar,
2042,立春,节,2042-02-04 01:13,lunar,
2042,雨水,中气,2042-02-18 21:05,lunar,
2042,惊蛰,节,2042-03-05 19:06,lunar,
2042,春分,中气,2042-03-20 19:53,lunar,
2042,清明,节,2042-04-04 23:41,lunar,
2042,谷雨,中气,2042-04-20 06:40,lunar,
2042,立夏,节,2042-05-05 16:43,lunar,
2042,小满,中气,2042-05-21 05:31,lunar,
2042,芒种,节,2042-06-05 20:38,lunar,
2042,夏至,中气,2042-06-21 13:16,lunar,
2042,小暑,节,2042-07-07 06:47,lunar,
2042,大暑,中气,2042-07-23 00:06,lunar,
2042,立秋,节,2042-08-07 16:39,lunar,
2042,处暑,中气,2042-08-23 07:18,lunar,
2042,白露,节,2042-09-07 19:46,lunar,
2042,秋分,中气,2042-09-23 05:12,lunar,
2042,寒露,节,2042-10-08 11:41,lunar,
2042,霜降,中气,2042-10-23 14:50,lunar,
2042,立冬,节,2042-11-07 15:08,lunar,
2042,小雪,中气,2042-11-22 12:37,lunar,
2042,大雪,节,2042-12-07 08:09,lunar,
2042,冬至,中气,2042-12-22 02:04,lunar,
2043,小寒,节,2043-01-05 19:25,lunar,
2043,大寒,中气,2043-01-20 12:42,lunar,
2043,立春,节,2043-02-04 06:59,lunar,
2043,雨水,中气,2043-02-19 02:42,lunar,
2043,惊蛰,节,2043-03-06 00:48,lunar,
2043,春分,中气,2043-03-21 01:28,lunar,
2043,清明,节,2043-04-05 05:20,lunar,
2043,谷雨,中气,2043-04-20 12:15,lunar,
2043,立夏,节,2043-05-05 22:22,lunar,
2043,小满,中气,2043-05-21 11:09,lunar,
2043,芒种,节,2043-06-06 02:18,lunar,
2043,夏至,中气,2043-06-21 18:58,lunar,
2043,小暑,节,2043-07-07 12:28,lunar,
2043,大暑,中气,2043-07-23 05:54,lunar,
2043,立秋,节,2043-08-07 22:21,lunar,
2043,处暑,中气,2043-08-23 13:10,lunar,
2043,白露,节,2043-09-08 01:30,lunar,
2043,秋分,中气,2043-09-23 11:07,lunar,
2043,寒露,节,2043-10-08 17:28,lunar,
2043,霜降,中气,2043-10-23 20:47,lunar,
2043,立冬,节,2043-11-07 20:56,lunar,
2043,小雪,中气,2043-11-22 18:35,lunar,
2043,大雪,节,2043-12-07 13:57,lunar,
2043,冬至,中气,2043-12-22 08:01,lunar,
2044,小寒,节,2044-01-06 01:13,lunar,
2044,大寒,中气,2044-01-20 18:37,lunar,
2044,立春,节,2044-02-04 12:44,lunar,
2044,雨水,中气,2044-02-19 08:36,lunar,
2044,惊蛰,节,2044-03-05 06:32,lunar,
2044,春分,中气,2044-03-20 07:21,lunar,
2044,清明,节,2044-04-04 11:03,lunar,
2044,谷雨,中气,2044-04-19 18:07,lunar,
2044,立夏,节,2044-05-05 04:06,lunar,
2044,小满,中气,2044-05-20 17:02,lunar,
2044,芒种,节,2044-06-05 08:04,lunar,
2044,夏至,中气,2044-06-21 00:51,lunar,
2044,小暑,节,2044-07-06 18:16,lunar,
2044,大暑,中气,2044-07-22 11:43,lunar,
2044,立秋,节,2044-08-07 04:09,lunar,
2044,处暑,中气,2044-08-22 18:55,lunar,
2044,白露,节,2044-09-07 07:17,lunar,
2044,秋分,中气,2044-09-22 16:48,lunar,
2044,寒露,节,2044-10-07 23:13,lunar,
2044,霜降,中气,2044-10-23 02:26,lunar,
2044,立冬,节,2044-11-07 02:42,lunar,
2044,小雪,中气,2044-11-22 00:15,lunar,
2044,大雪,节,2044-12-06 19:45,lunar,
2044,冬至,中气,2044-12-21 13:44,lunar,
2045,小寒,节,2045-01-05 07:03,lunar,
2045,大寒,中气,2045-01-20 00:22,lunar,
2045,立春,节,2045-02-03 18:36,lunar,
2045,雨水,中气,2045-02-18 14:22,lunar,
2045,惊蛰,节,2045-03-05 12:25,lunar,
2045,春分,中气,2045-03-20 13:08,lunar,
2045,清明,节,2045-04-04 16:57,lunar,
2045,谷雨,中气,2045-04-19 23:53,lunar,
2045,立夏,节,2045-05-05 10:00,lunar,
2045,小满,中气,2045-05-20 22:46,lunar,
2045,芒种,节,2045-06-05 13:57,lunar,
2045,夏至,中气,2045-06-21 06:34,lunar,
2045,小暑,节,2045-07-07 00:08,lunar,
2045,大暑,中气,2045-07-22 17:27,lunar,
2045,立秋,节,2045-08-07 10:00,lunar,
2045,处暑,中气,2045-08-23 00:39,lunar,
2045,白露,节,2045-09-07 13:06,lunar,
2045,秋分,中气,2045-09-22 22:33,lunar,
2045,寒露,节,2045-10-08 05:01,lunar,
2045,霜降,中气,2045-10-23 08:13,lunar,
2045,立冬,节,2045-11-07 08:30,lunar,
2045,小雪,中气,2045-11-22 06:04,lunar,
2045,大雪,节,2045-12-07 01:36,lunar,
2045,冬至,中气,2045-12-21 19:35,lunar,
2046,小寒,节,2046-01-05 12:56,lunar,
2046,大寒,中气,2046-01-20 06:16,lunar,
2046,立春,节,2046-02-04 00:31,lunar,
2046,雨水,中气,2046-02-18 20:16,lunar,
2046,惊蛰,节,2046-03-05 18:18,lunar,
2046,春分,中气,2046-03-20 18:58,lunar,
2046,清明,节,2046-04-04 22:45,lunar,
2046,谷雨,中气,2046-04-20 05:39,lunar,
2046,立夏,节,2046-05-05 15:41,lunar,
2046,小满,中气,2046-05-21 04:29,lunar,
2046,芒种,节,2046-06-05 19:32,lunar,
2046,夏至,中气,2046-06-21 12:15,lunar,
2046,小暑,节,2046-07-07 05:40,lunar,
2046,大暑,中气,2046-07-22 23:09,lunar,
2046,立秋,节,2046-08-07 15:33,lunar,
2046,处暑,中气,2046-08-23 06:25,lunar,
2046,白露,节,2046-09-07 18:43,lunar,
2046,秋分,中气,2046-09-23 04:22,lunar,
2046,寒露,节,2046-10-08 10:43,lunar,
2046,霜降,中气,2046-10-23 14:04,lunar,
2046,立冬,节,2046-11-07 14:14,lunar,
2046,小雪,中气,2046-11-22 11:56,lunar,
2046,大雪,节,2046-12-07 07:21,lunar,
2046,冬至,中气,2046-12-22 01:29,lunar,
2047,小寒,节,2047-01-05 18:42,lunar,
2047,大寒,中气,2047-01-20 12:10,lunar,
2047,立春,节,2047-02-04 06:18,lunar,
2047,雨水,中气,2047-02-19 02:10,lunar,
2047,惊蛰,节,2047-03-06 00:05,lunar,
2047,春分,中气,2047-03-21 00:53,lunar,
2047,清明,节,2047-04-05 04:33,lunar,
2047,谷雨,中气,2047-04-20 11:33,lunar,
2047,立夏,节,2047-05-05 21:29,lunar,
2047,小满,中气,2047-05-21 10:20,lunar,
2047,芒种,节,2047-06-06 01:21,lunar,
2047,夏至,中气,2047-06-21 18:04,lunar,
2047,小暑,节,2047-07-07 11:31,lunar,
2047,大暑,中气,2047-07-23 04:56,lunar,
2047,立秋,节,2047-08-07 21:26,lunar,
2047,处暑,中气,2047-08-23 12:11,lunar,
2047,白露,节,2047-09-08 00:38,lunar,
2047,秋分,中气,2047-09-23 10:08,lunar,
2047,寒露,节,2047-10-08 16:38,lunar,
2047,霜降,中气,2047-10-23 19:49,lunar,
2047,立冬,节,2047-11-07 20:07,lunar,
2047,小雪,中气,2047-11-22 17:38,lunar,
2047,大雪,节,2047-12-07 13:11,lunar,
2047,冬至,中气,2047-12-22 07:07,lunar,
2048,小寒,节,2048-01-06 00:29,lunar,
2048,大寒,中气,2048-01-20 17:47,lunar,
2048,立春,节,2048-02-04 12:05,lunar,
2048,雨水,中气,2048-02-19 07:49,lunar,
2048,惊蛰,节,2048-03-05 05:54,lunar,
2048,春分,中气,2048-03-20 06:34,lunar,
2048,清明,节,2048-04-04 10:25,lunar,
2048,谷雨,中气,2048-04-19 17:18,lunar,
2048,立夏,节,2048-05-05 03:25,lunar,
2048,小满,中气,2048-05-20 16:08,lunar,
2048,芒种,节,2048-06-05 07:18,lunar,
2048,夏至,中气,2048-06-20 23:54,lunar,
2048,小暑,节,2048-07-06 17:27,lunar,
2048,大暑,中气,2048-07-22 10:47,lunar,
2048,立秋,节,2048-08-07 03:19,lunar,
2048,处暑,中气,2048-08-22 18:03,lunar,
2048,白露,节,2048-09-07 06:28,lunar,
2048,秋分,中气,2048-09-22 16:01,lunar,
2048,寒露,节,2048-10-07 22:27,lunar,
2048,霜降,中气,2048-10-23 01:43,lunar,
2048,立冬,节,2048-11-07 01:57,lunar,
2048,小雪,中气,2048-11-21 23:34,lunar,
2048,大雪,节,2048-12-06 19:01,lunar,
2048,冬至,中气,2048-12-21 13:02,lunar,
2049,小寒,节,2049-01-05 06:19,lunar,
2049,大寒,中气,2049-01-19 23:41,lunar,
2049,立春,节,2049-02-03 17:53,lunar,
2049,雨水,中气,2049-02-18 13:42,lunar,
2049,惊蛰,节,2049-03-05 11:43,lunar,
2049,春分,中气,2049-03-20 12:29,lunar,
2049,清明,节,2049-04-04 16:14,lunar,
2049,谷雨,中气,2049-04-19 23:14,lunar,
2049,立夏,节,2049-05-05 09:13,lunar,
2049,小满,中气,2049-05-20 22:04,lunar,
2049,芒种,节,2049-06-05 13:04,lunar,
2049,夏至,中气,2049-06-21 05:47,lunar,
2049,小暑,节,2049-07-06 23:09,lunar,
2049,大暑,中气,2049-07-22 16:36,lunar,
2049,立秋,节,2049-08-07 08:58,lunar,
2049,处暑,中气,2049-08-22 23:47,lunar,
2049,白露,节,2049-09-07 12:06,lunar,
2049,秋分,中气,2049-09-22 21:43,lunar,
2049,寒露,节,2049-10-08 04:05,lunar,
2049,霜降,中气,2049-10-23 07:25,lunar,
2049,立冬,节,2049-11-07 07:39,lunar,
2049,小雪,中气,2049-11-22 05:19,lunar,
2049,大雪,节,2049-12-07 00:47,lunar,
2049,冬至,中气,2049-12-21 18:52,lunar,
2050,小寒,节,2050-01-05 12:08,lunar,
2050,大寒,中气,2050-01-20 05:34,lunar,
2050,立春,节,2050-02-03 23:44,lunar,
2050,雨水,中气,2050-02-18 19:35,lunar,
2050,惊蛰,节,2050-03-05 17:33,lunar,
2050,春分,中气,2050-03-20 18:20,lunar,
2050,清明,节,2050-04-04 22:03,lunar,
2050,谷雨,中气,2050-04-20 05:02,lunar,
2050,立夏,节,2050-05-05 15:02,lunar,
2050,小满,中气,2050-05-21 03:51,lunar,
2050,芒种,节,2050-06-05 18:55,lunar,
2050,夏至,中气,2050-06-21 11:33,lunar,
2050,小暑,节,2050-07-07 05:02,lunar,
2050,大暑,中气,2050-07-22 22:22,lunar,
2050,立秋,节,2050-08-07 14:53,lunar,
2050,处暑,中气,2050-08-23 05:33,lunar,
2050,白露,节,2050-09-07 18:01,lunar,
2050,秋分,中气,2050-09-23 03:29,lunar,
2050,寒露,节,2050-10-08 10:00,lunar,
2050,霜降,中气,2050-10-23 13:12,lunar,
2050,立冬,节,2050-11-07 13:34,lunar,
2050,小雪,中气,2050-11-22 11:06,lunar,
2050,大雪,节,2050-12-07 06:42,lunar,
2050,冬至,中气,2050-12-22 00:39,lunar,
2051,小寒,节,2051-01-05 18:02,lunar,
2051,大寒,中气,2051-01-20 11:19,lunar,
2051,立春,节,2051-02-04 05:36,lunar,
2051,雨水,中气,2051-02-19 01:18,lunar,
2051,惊蛰,节,2051-03-05 23:22,lunar,
2051,春分,中气,2051-03-20 23:59,lunar,
2051,清明,节,2051-04-05 03:50,lunar,
2051,谷雨,中气,2051-04-20 10:41,lunar,
2051,立夏,节,2051-05-05 20:47,lunar,
2051,小满,中气,2051-05-21 09:32,lunar,
2051,芒种,节,2051-06-06 00:41,lunar,
2051,夏至,中气,2051-06-21 17:19,lunar,
2051,小暑,节,2051-07-07 10:50,lunar,
2051,大暑,中气,2051-07-23 04:13,lunar,
2051,立秋,节,2051-08-07 20:42,lunar,
2051,处暑,中气,2051-08-23 11:29,lunar,
2051,白露,节,2051-09-07 23:51,lunar,
2051,秋分,中气,2051-09-23 09:28,lunar,
2051,寒露,节,2051-10-08 15:51,lunar,
2051,霜降,中气,2051-10-23 19:10,lunar,
2051,立冬,节,2051-11-07 19:22,lunar,
2051,小雪,中气,2051-11-22 17:03,lunar,
2051,大雪,节,2051-12-07 12:29,lunar,
2051,冬至,中气,2051-12-22 06:34,lunar,
2052,小寒,节,2052-01-05 23:49,lunar,
2052,大寒,中气,2052-01-20 17:14,lunar,
2052,立春,节,2052-02-04 11:23,lunar,
2052,雨水,中气,2052-02-19 07:14,lunar,
2052,惊蛰,节,2052-03-05 05:10,lunar,
2052,春分,中气,2052-03-20 05:56,lunar,
2052,清明,节,2052-04-04 09:37,lunar,
2052,谷雨,中气,2052-04-19 16:38,lunar,
2052,立夏,节,2052-05-05 02:35,lunar,
2052,小满,中气,2052-05-20 15:29,lunar,
2052,芒种,节,2052-06-05 06:30,lunar,
2052,夏至,中气,2052-06-20 23:16,lunar,
2052,小暑,节,2052-07-06 16:40,lunar,
2052,大暑,中气,2052-07-22 10:09,lunar,
2052,立秋,节,2052-08-07 02:33,lunar,
2052,处暑,中气,2052-08-22 17:22,lunar,
2052,白露,节,2052-09-07 05:42,lunar,
2052,秋分,中气,2052-09-22 15:16,lunar,
2052,寒露,节,2052-10-07 21:40,lunar,
2052,霜降,中气,2052-10-23 00:55,lunar,
2052,立冬,节,2052-11-07 01:10,lunar,
2052,小雪,中气,2052-11-21 22:46,lunar,
2052,大雪,节,2052-12-06 18:16,lunar,
2052,冬至,中气,2052-12-21 12:17,lunar,
2053,小寒,节,2053-01-05 05:36,lunar,
2053,大寒,中气,2053-01-19 22:59,lunar,
2053,立春,节,2053-02-03 17:13,lunar,
2053,雨水,中气,2053-02-18 13:02,lunar,
2053,惊蛰,节,2053-03-05 11:03,lunar,
2053,春分,中气,2053-03-20 11:48,lunar,
2053,清明,节,2053-04-04 15:35,lunar,
2053,谷雨,中气,2053-04-19 22:30,lunar,
2053,立夏,节,2053-05-05 08:34,lunar,
2053,小满,中气,2053-05-20 21:20,lunar,
2053,芒种,节,2053-06-05 12:28,lunar,
2053,夏至,中气,2053-06-21 05:04,lunar,
2053,小暑,节,2053-07-06 22:37,lunar,
2053,大暑,中气,2053-07-22 15:56,lunar,
2053,立秋,节,2053-08-07 08:30,lunar,
2053,处暑,中气,2053-08-22 23:10,lunar,
2053,白露,节,2053-09-07 11:39,lunar,
2053,秋分,中气,2053-09-22 21:06,lunar,
2053,寒露,节,2053-10-08 03:36,lunar,
2053,霜降,中气,2053-10-23 06:47,lunar,
2053,立冬,节,2053-11-07 07:06,lunar,
2053,小雪,中气,2053-11-22 04:39,lunar,
2053,大雪,节,2053-12-07 00:12,lunar,
2053,冬至,中气,2053-12-21 18:10,lunar,
2054,小寒,节,2054-01-05 11:32,lunar,
2054,大寒,中气,2054-01-20 04:51,lunar,
2054,立春,节,2054-02-03 23:08,lunar,
2054,雨水,中气,2054-02-18 18:52,lunar,
2054,惊蛰,节,2054-03-05 16:56,lunar,
2054,春分,中气,2054-03-20 17:35,lunar,
2054,清明,节,2054-04-04 21:23,lunar,
2054,谷雨,中气,2054-04-20 04:15,lunar,
2054,立夏,节,2054-05-05 14:18,lunar,
2054,小满,中气,2054-05-21 03:03,lunar,
2054,芒种,节,2054-06-05 18:08,lunar,
2054,夏至,中气,2054-06-21 10:47,lunar,
2054,小暑,节,2054-07-07 04:14,lunar,
2054,大暑,中气,2054-07-22 21:41,lunar,
2054,立秋,节,2054-08-07 14:07,lunar,
2054,处暑,中气,2054-08-23 04:59,lunar,
2054,白露,节,2054-09-07 17:20,lunar,
2054,秋分,中气,2054-09-23 03:00,lunar,
2054,寒露,节,2054-10-08 09:22,lunar,
2054,霜降,中气,2054-10-23 12:45,lunar,
2054,立冬,节,2054-11-07 12:56,lunar,
2054,小雪,中气,2054-11-22 10:39,lunar,
2054,大雪,节,2054-12-07 06:04,lunar,
2054,冬至,中气,2054-12-22 00:10,lunar,
2055,小寒,节,2055-01-05 17:23,lunar,
2055,大寒,中气,2055-01-20 10:49,lunar,
2055,立春,节,2055-02-04 04:56,lunar,
2055,雨水,中气,2055-02-19 00:47,lunar,
2055,惊蛰,节,2055-03-05 22:42,lunar,
2055,春分,中气,2055-03-20 23:29,lunar,
2055,清明,节,2055-04-05 03:08,lunar,
2055,谷雨,中气,2055-04-20 10:09,lunar,
2055,立夏,节,2055-05-05 20:04,lunar,
2055,小满,中气,2055-05-21 08:56,lunar,
2055,芒种,节,2055-06-05 23:56,lunar,
2055,夏至,中气,2055-06-21 16:40,lunar,
2055,小暑,节,2055-07-07 10:05,lunar,
2055,大暑,中气,2055-07-23 03:32,lunar,
2055,立秋,节,2055-08-07 20:01,lunar,
2055,处暑,中气,2055-08-23 10:49,lunar,
2055,白露,节,2055-09-07 23:16,lunar,
2055,秋分,中气,2055-09-23 08:49,lunar,
2055,寒露,节,2055-10-08 15:19,lunar,
2055,霜降,中气,2055-10-23 18:33,lunar,
2055,立冬,节,2055-11-07 18:53,lunar,
2055,小雪,中气,2055-11-22 16:26,lunar,
2055,大雪,节,2055-12-07 11:59,lunar,
2055,冬至,中气,2055-12-22 05:56,lunar,
2056,小寒,节,2056-01-05 23:16,lunar,
2056,大寒,中气,2056-01-20 16:33,lunar,
2056,立春,节,2056-02-04 10:47,lunar,
2056,雨水,中气,2056-02-19 06:30,lunar,
2056,惊蛰,节,2056-03-05 04:32,lunar,
2056,春分,中气,2056-03-20 05:11,lunar,
2056,清明,节,2056-04-04 09:00,lunar,
2056,谷雨,中气,2056-04-19 15:52,lunar,
2056,立夏,节,2056-05-05 01:58,lunar,
2056,小满,中气,2056-05-20 14:42,lunar,
2056,芒种,节,2056-06-05 05:52,lunar,
2056,夏至,中气,2056-06-20 22:28,lunar,
2056,小暑,节,2056-07-06 16:02,lunar,
2056,大暑,中气,2056-07-22 09:22,lunar,
2056,立秋,节,2056-08-07 01:56,lunar,
2056,处暑,中气,2056-08-22 16:39,lunar,
2056,白露,节,2056-09-07 05:07,lunar,
2056,秋分,中气,2056-09-22 14:40,lunar,
2056,寒露,节,2056-10-07 21:09,lunar,
2056,霜降,中气,2056-10-23 00:25,lunar,
2056,立冬,节,2056-11-07 00:43,lunar,
2056,小雪,中气,2056-11-21 22:20,lunar,
2056,大雪,节,2056-12-06 17:51,lunar,
2056,冬至,中气,2056-12-21 11:52,lunar,
2057,小寒,节,2057-01-05 05:10,lunar,
2057,大寒,中气,2057-01-19 22:30,lunar,
2057,立春,节,2057-02-03 16:43,lunar,
2057,雨水,中气,2057-02-18 12:28,lunar,
2057,惊蛰,节,2057-03-05 10:27,lunar,
2057,春分,中气,2057-03-20 11:08,lunar,
2057,清明,节,2057-04-04 14:53,lunar,
2057,谷雨,中气,2057-04-19 21:48,lunar,
2057,立夏,节,2057-05-05 07:47,lunar,
2057,小满,中气,2057-05-20 20:35,lunar,
2057,芒种,节,2057-06-05 11:36,lunar,
2057,夏至,中气,2057-06-21 04:19,lunar,
2057,小暑,节,2057-07-06 21:43,lunar,
2057,大暑,中气,2057-07-22 15:11,lunar,
2057,立秋,节,2057-08-07 07:34,lunar,
2057,处暑,中气,2057-08-22 22:25,lunar,
2057,白露,节,2057-09-07 10:44,lunar,
2057,秋分,中气,2057-09-22 20:23,lunar,
2057,寒露,节,2057-10-08 02:46,lunar,
2057,霜降,中气,2057-10-23 06:09,lunar,
2057,立冬,节,2057-11-07 06:23,lunar,
2057,小雪,中气,2057-11-22 04:07,lunar,
2057,大雪,节,2057-12-06 23:35,lunar,
2057,冬至,中气,2057-12-21 17:43,lunar,
2058,小寒,节,2058-01-05 10:59,lunar,
2058,大寒,中气,2058-01-20 04:26,lunar,
2058,立春,节,2058-02-03 22:35,lunar,
2058,雨水,中气,2058-02-18 18:26,lunar,
2058,惊蛰,节,2058-03-05 16:20,lunar,
2058,春分,中气,2058-03-20 17:05,lunar,
2058,清明,节,2058-04-04 20:44,lunar,
2058,谷雨,中气,2058-04-20 03:41,lunar,
2058,立夏,节,2058-05-05 13:36,lunar,
2058,小满,中气,2058-05-21 02:24,lunar,
2058,芒种,节,2058-06-05 17:25,lunar,
2058,夏至,中气,2058-06-21 10:04,lunar,
2058,小暑,节,2058-07-07 03:32,lunar,
2058,大暑,中气,2058-07-22 20:54,lunar,
2058,立秋,节,2058-08-07 13:25,lunar,
2058,处暑,中气,2058-08-23 04:09,lunar,
2058,白露,节,2058-09-07 16:38,lunar,
2058,秋分,中气,2058-09-23 02:09,lunar,
2058,寒露,节,2058-10-08 08:41,lunar,
2058,霜降,中气,2058-10-23 11:54,lunar,
2058,立冬,节,2058-11-07 12:17,lunar,
2058,小雪,中气,2058-11-22 09:51,lunar,
2058,大雪,节,2058-12-07 05:27,lunar,
2058,冬至,中气,2058-12-21 23:25,lunar,
2059,小寒,节,2059-01-05 16:49,lunar,
2059,大寒,中气,2059-01-20 10:07,lunar,
2059,立春,节,2059-02-04 04:24,lunar,
2059,雨水,中气,2059-02-19 00:05,lunar,
2059,惊蛰,节,2059-03-05 22:09,lunar,
2059,春分,中气,2059-03-20 22:44,lunar,
2059,清明,节,2059-04-05 02:33,lunar,
2059,谷雨,中气,2059-04-20 09:20,lunar,
2059,立夏,节,2059-05-05 19:24,lunar,
2059,小满,中气,2059-05-21 08:05,lunar,
2059,芒种,节,2059-06-05 23:12,lunar,
2059,夏至,中气,2059-06-21 15:47,lunar,
2059,小暑,节,2059-07-07 09:19,lunar,
2059,大暑,中气,2059-07-23 02:41,lunar,
2059,立秋,节,2059-08-07 19:13,lunar,
2059,处暑,中气,2059-08-23 10:00,lunar,
2059,白露,节,2059-09-07 22:27,lunar,
2059,秋分,中气,2059-09-23 08:04,lunar,
2059,寒露,节,2059-10-08 14:31,lunar,
2059,霜降,中气,2059-10-23 17:51,lunar,
2059,立冬,节,2059-11-07 18:06,lunar,
2059,小雪,中气,2059-11-22 15:46,lunar,
2059,大雪,节,2059-12-07 11:14,lunar,
2059,冬至,中气,2059-12-22 05:18,lunar,
2060,小寒,节,2060-01-05 22:34,lunar,
2060,大寒,中气,2060-01-20 15:58,lunar,
2060,立春,节,2060-02-04 10:08,lunar,
2060,雨水,中气,2060-02-19 05:57,lunar,
2060,惊蛰,节,2060-03-05 03:54,lunar,
2060,春分,中气,2060-03-20 04:39,lunar,
2060,清明,节,2060-04-04 08:20,lunar,
2060,谷雨,中气,2060-04-19 15:17,lunar,
2060,立夏,节,2060-05-05 01:13,lunar,
2060,小满,中气,2060-05-20 14:04,lunar,
2060,芒种,节,2060-06-05 05:02,lunar,
2060,夏至,中气,2060-06-20 21:46,lunar,
2060,小暑,节,2060-07-06 15:07,lunar,
2060,大暑,中气,2060-07-22 08:36,lunar,
2060,立秋,节,2060-08-07 00:59,lunar,
2060,处暑,中气,2060-08-22 15:50,lunar,
2060,白露,节,2060-09-07 04:11,lunar,
2060,秋分,中气,2060-09-22 13:48,lunar,
2060,寒露,节,2060-10-07 20:14,lunar,
2060,霜降,中气,2060-10-22 23:33,lunar,
2060,立冬,节,2060-11-06 23:49,lunar,
2060,小雪,中气,2060-11-21 21:29,lunar,
2060,大雪,节,2060-12-06 16:58,lunar,
2060,冬至,中气,2060-12-21 11:02,lunar,
2061,小寒,节,2061-01-05 04:19,lunar,
2061,大寒,中气,2061-01-19 21:43,lunar,
2061,立春,节,2061-02-03 15:54,lunar,
2061,雨水,中气,2061-02-18 11:43,lunar,
2061,惊蛰,节,2061-03-05 09:42,lunar,
2061,春分,中气,2061-03-20 10:26,lunar,
2061,清明,节,2061-04-04 14:10,lunar,
2061,谷雨,中气,2061-04-19 21:07,lunar,
2061,立夏,节,2061-05-05 07:07,lunar,
2061,小满,中气,2061-05-20 19:52,lunar,
2061,芒种,节,2061-06-05 10:57,lunar,
2061,夏至,中气,2061-06-21 03:32,lunar,
2061,小暑,节,2061-07-06 21:02,lunar,
2061,大暑,中气,2061-07-22 14:20,lunar,
2061,立秋,节,2061-08-07 06:53,lunar,
2061,处暑,中气,2061-08-22 21:33,lunar,
2061,白露,节,2061-09-07 10:03,lunar,
2061,秋分,中气,2061-09-22 19:31,lunar,
2061,寒露,节,2061-10-08 02:04,lunar,
2061,霜降,中气,2061-10-23 05:17,lunar,
2061,立冬,节,2061-11-07 05:40,lunar,
2061,小雪,中气,2061-11-22 03:14,lunar,
2061,大雪,节,2061-12-06 22:50,lunar,
2061,冬至,中气,2061-12-21 16:49,lunar,
2062,小寒,节,2062-01-05 10:13,lunar,
2062,大寒,中气,2062-01-20 03:30,lunar,
2062,立春,节,2062-02-03 21:47,lunar,
2062,雨水,中气,2062-02-18 17:28,lunar,
2062,惊蛰,节,2062-03-05 15:31,lunar,
2062,春分,中气,2062-03-20 16:08,lunar,
2062,清明,节,2062-04-04 19:55,lunar,
2062,谷雨,中气,2062-04-20 02:45,lunar,
2062,立夏,节,2062-05-05 12:47,lunar,
2062,小满,中气,2062-05-21 01:30,lunar,
2062,芒种,节,2062-06-05 16:35,lunar,
2062,夏至,中气,2062-06-21 09:11,lunar,
2062,小暑,节,2062-07-07 02:38,lunar,
2062,大暑,中气,2062-07-22 20:02,lunar,
2062,立秋,节,2062-08-07 12:29,lunar,
2062,处暑,中气,2062-08-23 03:18,lunar,
2062,白露,节,2062-09-07 15:40,lunar,
2062,秋分,中气,2062-09-23 01:20,lunar,
2062,寒露,节,2062-10-08 07:45,lunar,
2062,霜降,中气,2062-10-23 11:08,lunar,
2062,立冬,节,2062-11-07 11:23,lunar,
2062,小雪,中气,2062-11-22 09:07,lunar,
2062,大雪,节,2062-12-07 04:35,lunar,
2062,冬至,中气,2062-12-21 22:43,lunar,
2063,小寒,节,2063-01-05 15:57,lunar,
2063,大寒,中气,2063-01-20 09:24,lunar,
2063,立春,节,2063-02-04 03:31,lunar,
2063,雨水,中气,2063-02-18 23:21,lunar,
2063,惊蛰,节,2063-03-05 21:14,lunar,
2063,春分,中气,2063-03-20 21:59,lunar,
2063,清明,节,2063-04-05 01:37,lunar,
2063,谷雨,中气,2063-04-20 08:35,lunar,
2063,立夏,节,2063-05-05 18:28,lunar,
2063,小满,中气,2063-05-21 07:20,lunar,
2063,芒种,节,2063-06-05 22:18,lunar,
2063,夏至,中气,2063-06-21 15:02,lunar,
2063,小暑,节,2063-07-07 08:26,lunar,
2063,大暑,中气,2063-07-23 01:53,lunar,
2063,立秋,节,2063-08-07 18:20,lunar,
2063,处暑,中气,2063-08-23 09:09,lunar,
2063,白露,节,2063-09-07 21:34,lunar,
2063,秋分,中气,2063-09-23 07:08,lunar,
2063,寒露,节,2063-10-08 13:37,lunar,
2063,霜降,中气,2063-10-23 16:53,lunar,
2063,立冬,节,2063-11-07 17:12,lunar,
2063,小雪,中气,2063-11-22 14:48,lunar,
2063,大雪,节,2063-12-07 10:21,lunar,
2063,冬至,中气,2063-12-22 04:21,lunar,
2064,小寒,节,2064-01-05 21:41,lunar,
2064,大寒,中气,2064-01-20 15:01,lunar,
2064,立春,节,2064-02-04 09:15,lunar,
2064,雨水,中气,2064-02-19 04:59,lunar,
2064,惊蛰,节,2064-03-05 02:59,lunar,
2064,春分,中气,2064-03-20 03:39,lunar,
2064,清明,节,2064-04-04 07:24,lunar,
2064,谷雨,中气,2064-04-19 14:16,lunar,
2064,立夏,节,2064-05-05 00:19,lunar,
2064,小满,中气,2064-05-20 13:02,lunar,
2064,芒种,节,2064-06-05 04:10,lunar,
2064,夏至,中气,2064-06-20 20:46,lunar,
2064,小暑,节,2064-07-06 14:20,lunar,
2064,大暑,中气,2064-07-22 07:39,lunar,
2064,立秋,节,2064-08-07 00:14,lunar,
2064,处暑,中气,2064-08-22 14:57,lunar,
2064,白露,节,2064-09-07 03:26,lunar,
2064,秋分,中气,2064-09-22 12:57,lunar,
2064,寒露,节,2064-10-07 19:28,lunar,
2064,霜降,中气,2064-10-22 22:42,lunar,
2064,立冬,节,2064-11-06 23:02,lunar,
2064,小雪,中气,2064-11-21 20:37,lunar,
2064,大雪,节,2064-12-06 16:09,lunar,
2064,冬至,中气,2064-12-21 10:09,lunar,
2065,小寒,节,2065-01-05 03:30,lunar,
2065,大寒,中气,2065-01-19 20:49,lunar,
2065,立春,节,2065-02-03 15:04,lunar,
2065,雨水,中气,2065-02-18 10:48,lunar,
2065,惊蛰,节,2065-03-05 08:49,lunar,
2065,春分,中气,2065-03-20 09:28,lunar,
2065,清明,节,2065-04-04 13:14,lunar,
2065,谷雨,中气,2065-04-19 20:06,lunar,
2065,立夏,节,2065-05-05 06:05,lunar,
2065,小满,中气,2065-05-20 18:51,lunar,
2065,芒种,节,2065-06-05 09:52,lunar,
2065,夏至,中气,2065-06-21 02:33,lunar,
2065,小暑,节,2065-07-06 19:57,lunar,
2065,大暑,中气,2065-07-22 13:24,lunar,
2065,立秋,节,2065-08-07 05:49,lunar,
2065,处暑,中气,2065-08-22 20:41,lunar,
2065,白露,节,2065-09-07 09:02,lunar,
2065,秋分,中气,2065-09-22 18:43,lunar,
2065,寒露,节,2065-10-08 01:06,lunar,
2065,霜降,中气,2065-10-23 04:30,lunar,
2065,立冬,节,2065-11-07 04:43,lunar,
2065,小雪,中气,2065-11-22 02:27,lunar,
2065,大雪,节,2065-12-06 21:53,lunar,
2065,冬至,中气,2065-12-21 16:01,lunar,
2066,小寒,节,2066-01-05 09:15,lunar,
2066,大寒,中气,2066-01-20 02:42,lunar,
2066,立春,节,2066-02-03 20:49,lunar,
2066,雨水,中气,2066-02-18 16:41,lunar,
2066,惊蛰,节,2066-03-05 14:34,lunar,
2066,春分,中气,2066-03-20 15:20,lunar,
2066,清明,节,2066-04-04 18:58,lunar,
2066,谷雨,中气,2066-04-20 01:55,lunar,
2066,立夏,节,2066-05-05 11:49,lunar,
2066,小满,中气,2066-05-21 00:38,lunar,
2066,芒种,节,2066-06-05 15:36,lunar,
2066,夏至,中气,2066-06-21 08:16,lunar,
2066,小暑,节,2066-07-07 01:42,lunar,
2066,大暑,中气,2066-07-22 19:06,lunar,
2066,立秋,节,2066-08-07 11:37,lunar,
2066,处暑,中气,2066-08-23 02:24,lunar,
2066,白露,节,2066-09-07 14:53,lunar,
2066,秋分,中气,2066-09-23 00:27,lunar,
2066,寒露,节,2066-10-08 07:01,lunar,
2066,霜降,中气,2066-10-23 10:16,lunar,
2066,立冬,节,2066-11-07 10:39,lunar,
2066,小雪,中气,2066-11-22 08:14,lunar,
2066,大雪,节,2066-12-07 03:49,lunar,
2066,冬至,中气,2066-12-21 21:46,lunar,
2067,小寒,节,2067-01-05 15:07,lunar,
2067,大寒,中气,2067-01-20 08:23,lunar,
2067,立春,节,2067-02-04 02:37,lunar,
2067,雨水,中气,2067-02-18 22:17,lunar,
2067,惊蛰,节,2067-03-05 20:19,lunar,
2067,春分,中气,2067-03-20 20:54,lunar,
2067,清明,节,2067-04-05 00:41,lunar,
2067,谷雨,中气,2067-04-20 07:29,lunar,
2067,立夏,节,2067-05-05 17:32,lunar,
2067,小满,中气,2067-05-21 06:13,lunar,
2067,芒种,节,2067-06-05 21:21,lunar,
2067,夏至,中气,2067-06-21 13:56,lunar,
2067,小暑,节,2067-07-07 07:29,lunar,
2067,大暑,中气,2067-07-23 00:51,lunar,
2067,立秋,节,2067-08-07 17:25,lunar,
2067,处暑,中气,2067-08-23 08:12,lunar,
2067,白露,节,2067-09-07 20:42,lunar,
2067,秋分,中气,2067-09-23 06:20,lunar,
2067,寒露,节,2067-10-08 12:51,lunar,
2067,霜降,中气,2067-10-23 16:12,lunar,
2067,立冬,节,2067-11-07 16:30,lunar,
2067,小雪,中气,2067-11-22 14:11,lunar,
2067,大雪,节,2067-12-07 09:41,lunar,
2067,冬至,中气,2067-12-22 03:43,lunar,
2068,小寒,节,2068-01-05 20:59,lunar,
2068,大寒,中气,2068-01-20 14:20,lunar,
2068,立春,节,2068-02-04 08:29,lunar,
2068,雨水,中气,2068-02-19 04:13,lunar,
2068,惊蛰,节,2068-03-05 02:09,lunar,
2068,春分,中气,2068-03-20 02:49,lunar,
2068,清明,节,2068-04-04 06:30,lunar,
2068,谷雨,中气,2068-04-19 13:24,lunar,
2068,立夏,节,2068-05-04 23:21,lunar,
2068,小满,中气,2068-05-20 12:10,lunar,
2068,芒种,节,2068-06-05 03:10,lunar,
2068,夏至,中气,2068-06-20 19:54,lunar,
2068,小暑,节,2068-07-06 13:17,lunar,
2068,大暑,中气,2068-07-22 06:47,lunar,
2068,立秋,节,2068-08-06 23:11,lunar,
2068,处暑,中气,2068-08-22 14:04,lunar,
2068,白露,节,2068-09-07 02:26,lunar,
2068,秋分,中气,2068-09-22 12:07,lunar,
2068,寒露,节,2068-10-07 18:33,lunar,
2068,霜降,中气,2068-10-22 21:57,lunar,
2068,立冬,节,2068-11-06 22:13,lunar,
2068,小雪,中气,2068-11-21 19:57,lunar,
2068,大雪,节,2068-12-06 15:26,lunar,
2068,冬至,中气,2068-12-21 09:33,lunar,
2069,小寒,节,2069-01-05 02:48,lunar,
2069,大寒,中气,2069-01-19 20:13,lunar,
2069,立春,节,2069-02-03 14:21,lunar,
2069,雨水,中气,2069-02-18 10:09,lunar,
2069,惊蛰,节,2069-03-05 08:03,lunar,
2069,春分,中气,2069-03-20 08:45,lunar,
2069,清明,节,2069-04-04 12:24,lunar,
2069,谷雨,中气,2069-04-19 19:19,lunar,
2069,立夏,节,2069-05-05 05:15,lunar,
2069,小满,中气,2069-05-20 18:01,lunar,
2069,芒种,节,2069-06-05 09:03,lunar,
2069,夏至,中气,2069-06-21 01:41,lunar,
2069,小暑,节,2069-07-06 19:11,lunar,
2069,大暑,中气,2069-07-22 12:32,lunar,
2069,立秋,节,2069-08-07 05:06,lunar,
2069,处暑,中气,2069-08-22 19:49,lunar,
2069,白露,节,2069-09-07 08:21,lunar,
2069,秋分,中气,2069-09-22 17:52,lunar,
2069,寒露,节,2069-10-08 00:27,lunar,
2069,霜降,中气,2069-10-23 03:42,lunar,
2069,立冬,节,2069-11-07 04:07,lunar,
2069,小雪,中气,2069-11-22 01:44,lunar,
2069,大雪,节,2069-12-06 21:22,lunar,
2069,冬至,中气,2069-12-21 15:22,lunar,
2070,小寒,节,2070-01-05 08:48,lunar,
2070,大寒,中气,2070-01-20 02:05,lunar,
2070,立春,节,2070-02-03 20:22,lunar,
2070,雨水,中气,2070-02-18 16:01,lunar,
2070,惊蛰,节,2070-03-05 14:02,lunar,
2070,春分,中气,2070-03-20 14:35,lunar,
2070,清明,节,2070-04-04 18:20,lunar,
2070,谷雨,中气,2070-04-20 01:05,lunar,
2070,立夏,节,2070-05-05 11:05,lunar,
2070,小满,中气,2070-05-20 23:43,lunar,
2070,芒种,节,2070-06-05 14:48,lunar,
2070,夏至,中气,2070-06-21 07:23,lunar,
2070,小暑,节,2070-07-07 00:52,lunar,
2070,大暑,中气,2070-07-22 18:16,lunar,
2070,立秋,节,2070-08-07 10:47,lunar,
2070,处暑,中气,2070-08-23 01:37,lunar,
2070,白露,节,2070-09-07 14:04,lunar,
2070,秋分,中气,2070-09-22 23:45,lunar,
2070,寒露,节,2070-10-08 06:13,lunar,
2070,霜降,中气,2070-10-23 09:38,lunar,
2070,立冬,节,2070-11-07 09:56,lunar,
2070,小雪,中气,2070-11-22 07:41,lunar,
2070,大雪,节,2070-12-07 03:11,lunar,
2070,冬至,中气,2070-12-21 21:19,lunar,
2071,小寒,节,2071-01-05 14:36,lunar,
2071,大寒,中气,2071-01-20 08:02,lunar,
2071,立春,节,2071-02-04 02:11,lunar,
2071,雨水,中气,2071-02-18 22:00,lunar,
2071,惊蛰,节,2071-03-05 19:53,lunar,
2071,春分,中气,2071-03-20 20:35,lunar,
2071,清明,节,2071-04-05 00:11,lunar,
2071,谷雨,中气,2071-04-20 07:05,lunar,
2071,立夏,节,2071-05-05 16:55,lunar,
2071,小满,中气,2071-05-21 05:43,lunar,
2071,芒种,节,2071-06-05 20:38,lunar,
2071,夏至,中气,2071-06-21 13:21,lunar,
2071,小暑,节,2071-07-07 06:43,lunar,
2071,大暑,中气,2071-07-23 00:12,lunar,
2071,立秋,节,2071-08-07 16:39,lunar,
2071,处暑,中气,2071-08-23 07:32,lunar,
2071,白露,节,2071-09-07 19:58,lunar,
2071,秋分,中气,2071-09-23 05:38,lunar,
2071,寒露,节,2071-10-08 12:08,lunar,
2071,霜降,中气,2071-10-23 15:29,lunar,
2071,立冬,节,2071-11-07 15:49,lunar,
2071,小雪,中气,2071-11-22 13:29,lunar,
2071,大雪,节,2071-12-07 09:01,lunar,
2071,冬至,中气,2071-12-22 03:04,lunar,
2072,小寒,节,2072-01-05 20:23,lunar,
2072,大寒,中气,2072-01-20 13:45,lunar,
2072,立春,节,2072-02-04 07:57,lunar,
2072,雨水,中气,2072-02-19 03:43,lunar,
2072,惊蛰,节,2072-03-05 01:41,lunar,
2072,春分,中气,2072-03-20 02:21,lunar,
2072,清明,节,2072-04-04 06:04,lunar,
2072,谷雨,中气,2072-04-19 12:55,lunar,
2072,立夏,节,2072-05-04 22:54,lunar,
2072,小满,中气,2072-05-20 11:36,lunar,
2072,芒种,节,2072-06-05 02:40,lunar,
2072,夏至,中气,2072-06-20 19:14,lunar,
2072,小暑,节,2072-07-06 12:45,lunar,
2072,大暑,中气,2072-07-22 06:04,lunar,
2072,立秋,节,2072-08-06 22:39,lunar,
2072,处暑,中气,2072-08-22 13:23,lunar,
2072,白露,节,2072-09-07 01:55,lunar,
2072,秋分,中气,2072-09-22 11:28,lunar,
2072,寒露,节,2072-10-07 18:03,lunar,
2072,霜降,中气,2072-10-22 21:20,lunar,
2072,立冬,节,2072-11-06 21:44,lunar,
2072,小雪,中气,2072-11-21 19:20,lunar,
2072,大雪,节,2072-12-06 14:56,lunar,
2072,冬至,中气,2072-12-21 08:56,lunar,
2073,小寒,节,2073-01-05 02:19,lunar,
2073,大寒,中气,2073-01-19 19:37,lunar,
2073,立春,节,2073-02-03 13:53,lunar,
2073,雨水,中气,2073-02-18 09:35,lunar,
2073,惊蛰,节,2073-03-05 07:37,lunar,
2073,春分,中气,2073-03-20 08:13,lunar,
2073,清明,节,2073-04-04 11:59,lunar,
2073,谷雨,中气,2073-04-19 18:48,lunar,
2073,立夏,节,2073-05-05 04:48,lunar,
2073,小满,中气,2073-05-20 17:29,lunar,
2073,芒种,节,2073-06-05 08:31,lunar,
2073,夏至,中气,2073-06-21 01:07,lunar,
2073,小暑,节,2073-07-06 18:31,lunar,
2073,大暑,中气,2073-07-22 11:55,lunar,
2073,立秋,节,2073-08-07 04:20,lunar,
2073,处暑,中气,2073-08-22 19:11,lunar,
2073,白露,节,2073-09-07 07:33,lunar,
2073,秋分,中气,2073-09-22 17:15,lunar,
2073,寒露,节,2073-10-07 23:41,lunar,
2073,霜降,中气,2073-10-23 03:08,lunar,
2073,立冬,节,2073-11-07 03:24,lunar,
2073,小雪,中气,2073-11-22 01:11,lunar,
2073,大雪,节,2073-12-06 20:40,lunar,
2073,冬至,中气,2073-12-21 14:51,lunar,
2074,小寒,节,2074-01-05 08:06,lunar,
2074,大寒,中气,2074-01-20 01:34,lunar,
2074,立春,节,2074-02-03 19:41,lunar,
2074,雨水,中气,2074-02-18 15:32,lunar,
2074,惊蛰,节,2074-03-05 13:24,lunar,
2074,春分,中气,2074-03-20 14:09,lunar,
2074,清明,节,2074-04-04 17:45,lunar,
2074,谷雨,中气,2074-04-20 00:42,lunar,
2074,立夏,节,2074-05-05 10:33,lunar,
2074,小满,中气,2074-05-20 23:22,lunar,
2074,芒种,节,2074-06-05 14:18,lunar,
2074,夏至,中气,2074-06-21 06:58,lunar,
2074,小暑,节,2074-07-07 00:21,lunar,
2074,大暑,中气,2074-07-22 17:46,lunar,
2074,立秋,节,2074-08-07 10:13,lunar,
2074,处暑,中气,2074-08-23 01:01,lunar,
2074,白露,节,2074-09-07 13:28,lunar,
2074,秋分,中气,2074-09-22 23:04,lunar,
2074,寒露,节,2074-10-08 05:37,lunar,
2074,霜降,中气,2074-10-23 08:56,lunar,
2074,立冬,节,2074-11-07 09:20,lunar,
2074,小雪,中气,2074-11-22 06:58,lunar,
2074,大雪,节,2074-12-07 02:34,lunar,
2074,冬至,中气,2074-12-21 20:35,lunar,
2075,小寒,节,2075-01-05 13:58,lunar,
2075,大寒,中气,2075-01-20 07:17,lunar,
2075,立春,节,2075-02-04 01:31,lunar,
2075,雨水,中气,2075-02-18 21:12,lunar,
2075,惊蛰,节,2075-03-05 19:11,lunar,
2075,春分,中气,2075-03-20 19:47,lunar,
2075,清明,节,2075-04-04 23:31,lunar,
2075,谷雨,中气,2075-04-20 06:18,lunar,
2075,立夏,节,2075-05-05 16:20,lunar,
2075,小满,中气,2075-05-21 05:00,lunar,
2075,芒种,节,2075-06-05 20:07,lunar,
2075,夏至,中气,2075-06-21 12:40,lunar,
2075,小暑,节,2075-07-07 06:13,lunar,
2075,大暑,中气,2075-07-22 23:33,lunar,
2075,立秋,节,2075-08-07 16:08,lunar,
2075,处暑,中气,2075-08-23 06:53,lunar,
2075,白露,节,2075-09-07 19:24,lunar,
2075,秋分,中气,2075-09-23 04:59,lunar,
2075,寒露,节,2075-10-08 11:31,lunar,
2075,霜降,中气,2075-10-23 14:51,lunar,
2075,立冬,节,2075-11-07 15:12,lunar,
2075,小雪,中气,2075-11-22 12:51,lunar,
2075,大雪,节,2075-12-07 08:24,lunar,
2075,冬至,中气,2075-12-22 02:27,lunar,
2076,小寒,节,2076-01-05 19:47,lunar,
2076,大寒,中气,2076-01-20 13:08,lunar,
2076,立春,节,2076-02-04 07:20,lunar,
2076,雨水,中气,2076-02-19 03:03,lunar,
2076,惊蛰,节,2076-03-05 01:01,lunar,
2076,春分,中气,2076-03-20 01:39,lunar,
2076,清明,节,2076-04-04 05:20,lunar,
2076,谷雨,中气,2076-04-19 12:12,lunar,
2076,立夏,节,2076-05-04 22:08,lunar,
2076,小满,中气,2076-05-20 10:55,lunar,
2076,芒种,节,2076-06-05 01:55,lunar,
2076,夏至,中气,2076-06-20 18:37,lunar,
2076,小暑,节,2076-07-06 12:00,lunar,
2076,大暑,中气,2076-07-22 05:30,lunar,
2076,立秋,节,2076-08-06 21:55,lunar,
2076,处暑,中气,2076-08-22 12:48,lunar,
2076,白露,节,2076-09-07 01:09,lunar,
2076,秋分,中气,2076-09-22 10:50,lunar,
2076,寒露,节,2076-10-07 17:15,lunar,
2076,霜降,中气,2076-10-22 20:39,lunar,
2076,立冬,节,2076-11-06 20:53,lunar,
2076,小雪,中气,2076-11-21 18:38,lunar,
2076,大雪,节,2076-12-06 14:05,lunar,
2076,冬至,中气,2076-12-21 08:13,lunar,
2077,小寒,节,2077-01-05 01:28,lunar,
2077,大寒,中气,2077-01-19 18:55,lunar,
2077,立春,节,2077-02-03 13:03,lunar,
2077,雨水,中气,2077-02-18 08:54,lunar,
2077,惊蛰,节,2077-03-05 06:47,lunar,
2077,春分,中气,2077-03-20 07:31,lunar,
2077,清明,节,2077-04-04 11:09,lunar,
2077,谷雨,中气,2077-04-19 18:04,lunar,
2077,立夏,节,2077-05-05 03:58,lunar,
2077,小满,中气,2077-05-20 16:45,lunar,
2077,芒种,节,2077-06-05 07:45,lunar,
2077,夏至,中气,2077-06-21 00:23,lunar,
2077,小暑,节,2077-07-06 17:51,lunar,
2077,大暑,中气,2077-07-22 11:14,lunar,
2077,立秋,节,2077-08-07 03:46,lunar,
2077,处暑,中气,2077-08-22 18:32,lunar,
2077,白露,节,2077-09-07 07:03,lunar,
2077,秋分,中气,2077-09-22 16:36,lunar,
2077,寒露,节,2077-10-07 23:11,lunar,
2077,霜降,中气,2077-10-23 02:26,lunar,
2077,立冬,节,2077-11-07 02:50,lunar,
2077,小雪,中气,2077-11-22 00:25,lunar,
2077,大雪,节,2077-12-06 20:02,lunar,
2077,冬至,中气,2077-12-21 14:01,lunar,
2078,小寒,节,2078-01-05 07:25,lunar,
2078,大寒,中气,2078-01-20 00:41,lunar,
2078,立春,节,2078-02-03 18:57,lunar,
2078,雨水,中气,2078-02-18 14:37,lunar,
2078,惊蛰,节,2078-03-05 12:38,lunar,
2078,春分,中气,2078-03-20 13:11,lunar,
2078,清明,节,2078-04-04 16:56,lunar,
2078,谷雨,中气,2078-04-19 23:41,lunar,
2078,立夏,节,2078-05-05 09:42,lunar,
2078,小满,中气,2078-05-20 22:19,lunar,
2078,芒种,节,2078-06-05 13:25,lunar,
2078,夏至,中气,2078-06-21 05:58,lunar,
2078,小暑,节,2078-07-06 23:29,lunar,
2078,大暑,中气,2078-07-22 16:51,lunar,
2078,立秋,节,2078-08-07 09:24,lunar,
2078,处暑,中气,2078-08-23 00:14,lunar,
2078,白露,节,2078-09-07 12:44,lunar,
2078,秋分,中气,2078-09-22 22:25,lunar,
2078,寒露,节,2078-10-08 04:56,lunar,
2078,霜降,中气,2078-10-23 08:21,lunar,
2078,立冬,节,2078-11-07 08:39,lunar,
2078,小雪,中气,2078-11-22 06:23,lunar,
2078,大雪,节,2078-12-07 01:53,lunar,
2078,冬至,中气,2078-12-21 19:58,lunar,
2079,小寒,节,2079-01-05 13:13,lunar,
2079,大寒,中气,2079-01-20 06:36,lunar,
2079,立春,节,2079-02-04 00:43,lunar,
2079,雨水,中气,2079-02-18 20:28,lunar,
2079,惊蛰,节,2079-03-05 18:21,lunar,
2079,春分,中气,2079-03-20 19:01,lunar,
2079,清明,节,2079-04-04 22:37,lunar,
2079,谷雨,中气,2079-04-20 05:31,lunar,
2079,立夏,节,2079-05-05 15:22,lunar,
2079,小满,中气,2079-05-21 04:10,lunar,
2079,芒种,节,2079-06-05 19:06,lunar,
2079,夏至,中气,2079-06-21 11:49,lunar,
2079,小暑,节,2079-07-07 05:12,lunar,
2079,大暑,中气,2079-07-22 22:43,lunar,
2079,立秋,节,2079-08-07 15:09,lunar,
2079,处暑,中气,2079-08-23 06:04,lunar,
2079,白露,节,2079-09-07 18:30,lunar,
2079,秋分,中气,2079-09-23 04:13,lunar,
2079,寒露,节,2079-10-08 10:43,lunar,
2079,霜降,中气,2079-10-23 14:08,lunar,
2079,立冬,节,2079-11-07 14:27,lunar,
2079,小雪,中气,2079-11-22 12:10,lunar,
2079,大雪,节,2079-12-07 07:40,lunar,
2079,冬至,中气,2079-12-22 01:44,lunar,
2080,小寒,节,2080-01-05 19:00,lunar,
2080,大寒,中气,2080-01-20 12:21,lunar,
2080,立春,节,2080-02-04 06:28,lunar,
2080,雨水,中气,2080-02-19 02:12,lunar,
2080,惊蛰,节,2080-03-05 00:05,lunar,
2080,春分,中气,2080-03-20 00:44,lunar,
2080,清明,节,2080-04-04 04:23,lunar,
2080,谷雨,中气,2080-04-19 11:14,lunar,
2080,立夏,节,2080-05-04 21:11,lunar,
2080,小满,中气,2080-05-20 09:54,lunar,
2080,芒种,节,2080-06-05 00:58,lunar,
2080,夏至,中气,2080-06-20 17:34,lunar,
2080,小暑,节,2080-07-06 11:06,lunar,
2080,大暑,中气,2080-07-22 04:27,lunar,
2080,立秋,节,2080-08-06 21:03,lunar,
2080,处暑,中气,2080-08-22 11:48,lunar,
2080,白露,节,2080-09-07 00:22,lunar,
2080,秋分,中气,2080-09-22 09:56,lunar,
2080,寒露,节,2080-10-07 16:34,lunar,
2080,霜降,中气,2080-10-22 19:52,lunar,
2080,立冬,节,2080-11-06 20:19,lunar,
2080,小雪,中气,2080-11-21 17:56,lunar,
2080,大雪,节,2080-12-06 13:34,lunar,
2080,冬至,中气,2080-12-21 07:33,lunar,
2081,小寒,节,2081-01-05 00:56,lunar,
2081,大寒,中气,2081-01-19 18:12,lunar,
2081,立春,节,2081-02-03 12:26,lunar,
2081,雨水,中气,2081-02-18 08:04,lunar,
2081,惊蛰,节,2081-03-05 06:03,lunar,
2081,春分,中气,2081-03-20 06:34,lunar,
2081,清明,节,2081-04-04 10:17,lunar,
2081,谷雨,中气,2081-04-19 17:02,lunar,
2081,立夏,节,2081-05-05 03:00,lunar,
2081,小满,中气,2081-05-20 15:39,lunar,
2081,芒种,节,2081-06-05 06:41,lunar,
2081,夏至,中气,2081-06-20 23:16,lunar,
2081,小暑,节,2081-07-06 16:44,lunar,
2081,大暑,中气,2081-07-22 10:08,lunar,
2081,立秋,节,2081-08-07 02:37,lunar,
2081,处暑,中气,2081-08-22 17:29,lunar,
2081,白露,节,2081-09-07 05:55,lunar,
2081,秋分,中气,2081-09-22 15:38,lunar,
2081,寒露,节,2081-10-07 22:07,lunar,
2081,霜降,中气,2081-10-23 01:35,lunar,
2081,立冬,节,2081-11-07 01:53,lunar,
2081,小雪,中气,2081-11-21 23:41,lunar,
2081,大雪,节,2081-12-06 19:12,lunar,
2081,冬至,中气,2081-12-21 13:23,lunar,
2082,小寒,节,2082-01-05 06:39,lunar,
2082,大寒,中气,2082-01-20 00:06,lunar,
2082,立春,节,2082-02-03 18:12,lunar,
2082,雨水,中气,2082-02-18 14:00,lunar,
2082,惊蛰,节,2082-03-05 11:50,lunar,
2082,春分,中气,2082-03-20 12:31,lunar,
2082,清明,节,2082-04-04 16:03,lunar,
2082,谷雨,中气,2082-04-19 22:55,lunar,
2082,立夏,节,2082-05-05 08:43,lunar,
2082,小满,中气,2082-05-20 21:29,lunar,
2082,芒种,节,2082-06-05 12:22,lunar,
2082,夏至,中气,2082-06-21 05:03,lunar,
2082,小暑,节,2082-07-06 22:25,lunar,
2082,大暑,中气,2082-07-22 15:53,lunar,
2082,立秋,节,2082-08-07 08:21,lunar,
2082,处暑,中气,2082-08-22 23:13,lunar,
2082,白露,节,2082-09-07 11:43,lunar,
2082,秋分,中气,2082-09-22 21:23,lunar,
2082,寒露,节,2082-10-08 03:58,lunar,
2082,霜降,中气,2082-10-23 07:20,lunar,
2082,立冬,节,2082-11-07 07:44,lunar,
2082,小雪,中气,2082-11-22 05:25,lunar,
2082,大雪,节,2082-12-07 01:02,lunar,
2082,冬至,中气,2082-12-21 19:05,lunar,
2083,小寒,节,2083-01-05 12:26,lunar,
2083,大寒,中气,2083-01-20 05:46,lunar,
2083,立春,节,2083-02-03 23:58,lunar,
2083,雨水,中气,2083-02-18 19:40,lunar,
2083,惊蛰,节,2083-03-05 17:36,lunar,
2083,春分,中气,2083-03-20 18:11,lunar,
2083,清明,节,2083-04-04 21:50,lunar,
2083,谷雨,中气,2083-04-20 04:35,lunar,
2083,立夏,节,2083-05-05 14:32,lunar,
2083,小满,中气,2083-05-21 03:09,lunar,
2083,芒种,节,2083-06-05 18:12,lunar,
2083,夏至,中气,2083-06-21 10:44,lunar,
2083,小暑,节,2083-07-07 04:16,lunar,
2083,大暑,中气,2083-07-22 21:36,lunar,
2083,立秋,节,2083-08-07 14:13,lunar,
2083,处暑,中气,2083-08-23 04:59,lunar,
2083,白露,节,2083-09-07 17:35,lunar,
2083,秋分,中气,2083-09-23 03:12,lunar,
2083,寒露,节,2083-10-08 09:49,lunar,
2083,霜降,中气,2083-10-23 13:10,lunar,
2083,立冬,节,2083-11-07 13:36,lunar,
2083,小雪,中气,2083-11-22 11:16,lunar,
2083,大雪,节,2083-12-07 06:52,lunar,
2083,冬至,中气,2083-12-22 00:53,lunar,
2084,小寒,节,2084-01-05 18:15,lunar,
2084,大寒,中气,2084-01-20 11:34,lunar,
2084,立春,节,2084-02-04 05:47,lunar,
2084,雨水,中气,2084-02-19 01:27,lunar,
2084,惊蛰,节,2084-03-04 23:25,lunar,
2084,春分,中气,2084-03-20 00:00,lunar,
2084,清明,节,2084-04-04 03:40,lunar,
2084,谷雨,中气,2084-04-19 10:28,lunar,
2084,立夏,节,2084-05-04 20:23,lunar,
2084,小满,中气,2084-05-20 09:04,lunar,
2084,芒种,节,2084-06-05 00:03,lunar,
2084,夏至,中气,2084-06-20 16:41,lunar,
2084,小暑,节,2084-07-06 10:03,lunar,
2084,大暑,中气,2084-07-22 03:31,lunar,
2084,立秋,节,2084-08-06 19:56,lunar,
2084,处暑,中气,2084-08-22 10:50,lunar,
2084,白露,节,2084-09-06 23:14,lunar,
2084,秋分,中气,2084-09-22 08:59,lunar,
2084,寒露,节,2084-10-07 15:27,lunar,
2084,霜降,中气,2084-10-22 18:56,lunar,
2084,立冬,节,2084-11-06 19:14,lunar,
2084,小雪,中气,2084-11-21 17:02,lunar,
2084,大雪,节,2084-12-06 12:31,lunar,
2084,冬至,中气,2084-12-21 06:41,lunar,
2085,小寒,节,2085-01-04 23:56,lunar,
2085,大寒,中气,2085-01-19 17:24,lunar,
2085,立春,节,2085-02-03 11:30,lunar,
2085,雨水,中气,2085-02-18 07:20,lunar,
2085,惊蛰,节,2085-03-05 05:11,lunar,
2085,春分,中气,2085-03-20 05:54,lunar,
2085,清明,节,2085-04-04 09:28,lunar,
2085,谷雨,中气,2085-04-19 16:23,lunar,
2085,立夏,节,2085-05-05 02:13,lunar,
2085,小满,中气,2085-05-20 14:59,lunar,
2085,芒种,节,2085-06-05 05:55,lunar,
2085,夏至,中气,2085-06-20 22:33,lunar,
2085,小暑,节,2085-07-06 15:56,lunar,
2085,大暑,中气,2085-07-22 09:19,lunar,
2085,立秋,节,2085-08-07 01:49,lunar,
2085,处暑,中气,2085-08-22 16:36,lunar,
2085,白露,节,2085-09-07 05:07,lunar,
2085,秋分,中气,2085-09-22 14:44,lunar,
2085,寒露,节,2085-10-07 21:20,lunar,
2085,霜降,中气,2085-10-23 00:40,lunar,
2085,立冬,节,2085-11-07 01:08,lunar,
2085,小雪,中气,2085-11-21 22:47,lunar,
2085,大雪,节,2085-12-06 18:27,lunar,
2085,冬至,中气,2085-12-21 12:29,lunar,
2086,小寒,节,2086-01-05 05:54,lunar,
2086,大寒,中气,2086-01-19 23:12,lunar,
2086,立春,节,2086-02-03 17:26,lunar,
2086,雨水,中气,2086-02-18 13:05,lunar,
2086,惊蛰,节,2086-03-05 11:04,lunar,
2086,春分,中气,2086-03-20 11:35,lunar,
2086,清明,节,2086-04-04 15:18,lunar,
2086,谷雨,中气,2086-04-19 22:01,lunar,
2086,立夏,节,2086-05-05 07:59,lunar,
2086,小满,中气,2086-05-20 20:35,lunar,
2086,芒种,节,2086-06-05 11:39,lunar,
2086,夏至,中气,2086-06-21 04:10,lunar,
2086,小暑,节,2086-07-06 21:40,lunar,
2086,大暑,中气,2086-07-22 15:00,lunar,
2086,立秋,节,2086-08-07 07:33,lunar,
2086,处暑,中气,2086-08-22 22:21,lunar,
2086,白露,节,2086-09-07 10:52,lunar,
2086,秋分,中气,2086-09-22 20:32,lunar,
2086,寒露,节,2086-10-08 03:07,lunar,
2086,霜降,中气,2086-10-23 06:32,lunar,
2086,立冬,节,2086-11-07 06:56,lunar,
2086,小雪,中气,2086-11-22 04:41,lunar,
2086,大雪,节,2086-12-07 00:16,lunar,
2086,冬至,中气,2086-12-21 18:23,lunar,
2087,小寒,节,2087-01-05 11:43,lunar,
2087,大寒,中气,2087-01-20 05:05,lunar,
2087,立春,节,2087-02-03 23:15,lunar,
2087,雨水,中气,2087-02-18 18:59,lunar,
2087,惊蛰,节,2087-03-05 16:52,lunar,
2087,春分,中气,2087-03-20 17:28,lunar,
2087,清明,节,2087-04-04 21:05,lunar,
2087,谷雨,中气,2087-04-20 03:54,lunar,
2087,立夏,节,2087-05-05 13:45,lunar,
2087,小满,中气,2087-05-21 02:29,lunar,
2087,芒种,节,2087-06-05 17:25,lunar,
2087,夏至,中气,2087-06-21 10:06,lunar,
2087,小暑,节,2087-07-07 03:28,lunar,
2087,大暑,中气,2087-07-22 20:58,lunar,
2087,立秋,节,2087-08-07 13:24,lunar,
2087,处暑,中气,2087-08-23 04:20,lunar,
2087,白露,节,2087-09-07 16:44,lunar,
2087,秋分,中气,2087-09-23 02:28,lunar,
2087,寒露,节,2087-10-08 08:58,lunar,
2087,霜降,中气,2087-10-23 12:24,lunar,
2087,立冬,节,2087-11-07 12:43,lunar,
2087,小雪,中气,2087-11-22 10:29,lunar,
2087,大雪,节,2087-12-07 06:00,lunar,
2087,冬至,中气,2087-12-22 00:09,lunar,
2088,小寒,节,2088-01-05 17:25,lunar,
2088,大寒,中气,2088-01-20 10:51,lunar,
2088,立春,节,2088-02-04 04:58,lunar,
2088,雨水,中气,2088-02-19 00:45,lunar,
2088,惊蛰,节,2088-03-04 22:37,lunar,
2088,春分,中气,2088-03-19 23:17,lunar,
2088,清明,节,2088-04-04 02:53,lunar,
2088,谷雨,中气,2088-04-19 09:44,lunar,
2088,立夏,节,2088-05-04 19:37,lunar,
2088,小满,中气,2088-05-20 08:20,lunar,
2088,芒种,节,2088-06-04 23:20,lunar,
2088,夏至,中气,2088-06-20 15:57,lunar,
2088,小暑,节,2088-07-06 09:26,lunar,
2088,大暑,中气,2088-07-22 02:48,lunar,
2088,立秋,节,2088-08-06 19:24,lunar,
2088,处暑,中气,2088-08-22 10:10,lunar,
2088,白露,节,2088-09-06 22:44,lunar,
2088,秋分,中气,2088-09-22 08:18,lunar,
2088,寒露,节,2088-10-07 14:56,lunar,
2088,霜降,中气,2088-10-22 18:14,lunar,
2088,立冬,节,2088-11-06 18:41,lunar,
2088,小雪,中气,2088-11-21 16:18,lunar,
2088,大雪,节,2088-12-06 11:57,lunar,
2088,冬至,中气,2088-12-21 05:56,lunar,
2089,小寒,节,2089-01-04 23:21,lunar,
2089,大寒,中气,2089-01-19 16:38,lunar,
2089,立春,节,2089-02-03 10:55,lunar,
2089,雨水,中气,2089-02-18 06:34,lunar,
2089,惊蛰,节,2089-03-05 04:35,lunar,
2089,春分,中气,2089-03-20 05:07,lunar,
2089,清明,节,2089-04-04 08:50,lunar,
2089,谷雨,中气,2089-04-19 15:34,lunar,
2089,立夏,节,2089-05-05 01:32,lunar,
2089,小满,中气,2089-05-20 14:08,lunar,
2089,芒种,节,2089-06-05 05:11,lunar,
2089,夏至,中气,2089-06-20 21:43,lunar,
2089,小暑,节,2089-07-06 15:11,lunar,
2089,大暑,中气,2089-07-22 08:34,lunar,
2089,立秋,节,2089-08-07 01:05,lunar,
2089,处暑,中气,2089-08-22 15:56,lunar,
2089,白露,节,2089-09-07 04:24,lunar,
2089,秋分,中气,2089-09-22 14:07,lunar,
2089,寒露,节,2089-10-07 20:38,lunar,
2089,霜降,中气,2089-10-23 00:05,lunar,
2089,立冬,节,2089-11-07 00:25,lunar,
2089,小雪,中气,2089-11-21 22:12,lunar,
2089,大雪,节,2089-12-06 17:43,lunar,
2089,冬至,中气,2089-12-21 11:52,lunar,
2090,小寒,节,2090-01-05 05:09,lunar,
2090,大寒,中气,2090-01-19 22:35,lunar,
2090,立春,节,2090-02-03 16:42,lunar,
2090,雨水,中气,2090-02-18 12:30,lunar,
2090,惊蛰,节,2090-03-05 10:22,lunar,
2090,春分,中气,2090-03-20 11:02,lunar,
2090,清明,节,2090-04-04 14:36,lunar,
2090,谷雨,中气,2090-04-19 21:28,lunar,
2090,立夏,节,2090-05-05 07:17,lunar,
2090,小满,中气,2090-05-20 20:02,lunar,
2090,芒种,节,2090-06-05 10:55,lunar,
2090,夏至,中气,2090-06-21 03:36,lunar,
2090,小暑,节,2090-07-06 20:57,lunar,
2090,大暑,中气,2090-07-22 14:26,lunar,
2090,立秋,节,2090-08-07 06:53,lunar,
2090,处暑,中气,2090-08-22 21:47,lunar,
2090,白露,节,2090-09-07 10:16,lunar,
2090,秋分,中气,2090-09-22 19:59,lunar,
2090,寒露,节,2090-10-08 02:34,lunar,
2090,霜降,中气,2090-10-23 05:59,lunar,
2090,立冬,节,2090-11-07 06:23,lunar,
2090,小雪,中气,2090-11-22 04:06,lunar,
2090,大雪,节,2090-12-06 23:40,lunar,
2090,冬至,中气,2090-12-21 17:44,lunar,
2091,小寒,节,2091-01-05 11:02,lunar,
2091,大寒,中气,2091-01-20 04:22,lunar,
2091,立春,节,2091-02-03 22:31,lunar,
2091,雨水,中气,2091-02-18 18:13,lunar,
2091,惊蛰,节,2091-03-05 16:06,lunar,
2091,春分,中气,2091-03-20 16:42,lunar,
2091,清明,节,2091-04-04 20:20,lunar,
2091,谷雨,中气,2091-04-20 03:08,lunar,
2091,立夏,节,2091-05-05 13:03,lunar,
2091,小满,中气,2091-05-21 01:43,lunar,
2091,芒种,节,2091-06-05 16:45,lunar,
2091,夏至,中气,2091-06-21 09:19,lunar,
2091,小暑,节,2091-07-07 02:51,lunar,
2091,大暑,中气,2091-07-22 20:12,lunar,
2091,立秋,节,2091-08-07 12:49,lunar,
2091,处暑,中气,2091-08-23 03:36,lunar,
2091,白露,节,2091-09-07 16:13,lunar,
2091,秋分,中气,2091-09-23 01:51,lunar,
2091,寒露,节,2091-10-08 08:31,lunar,
2091,霜降,中气,2091-10-23 11:53,lunar,
2091,立冬,节,2091-11-07 12:21,lunar,
2091,小雪,中气,2091-11-22 10:00,lunar,
2091,大雪,节,2091-12-07 05:39,lunar,
2091,冬至,中气,2091-12-21 23:39,lunar,
2092,小寒,节,2092-01-05 17:01,lunar,
2092,大寒,中气,2092-01-20 10:17,lunar,
2092,立春,节,2092-02-04 04:29,lunar,
2092,雨水,中气,2092-02-19 00:06,lunar,
2092,惊蛰,节,2092-03-04 22:03,lunar,
2092,春分,中气,2092-03-19 22:34,lunar,
2092,清明,节,2092-04-04 02:15,lunar,
2092,谷雨,中气,2092-04-19 08:59,lunar,
2092,立夏,节,2092-05-04 18:56,lunar,
2092,小满,中气,2092-05-20 07:37,lunar,
2092,芒种,节,2092-06-04 22:38,lunar,
2092,夏至,中气,2092-06-20 15:15,lunar,
2092,小暑,节,2092-07-06 08:41,lunar,
2092,大暑,中气,2092-07-22 02:08,lunar,
2092,立秋,节,2092-08-06 18:36,lunar,
2092,处暑,中气,2092-08-22 09:30,lunar,
2092,白露,节,2092-09-06 21:56,lunar,
2092,秋分,中气,2092-09-22 07:42,lunar,
2092,寒露,节,2092-10-07 14:12,lunar,
2092,霜降,中气,2092-10-22 17:42,lunar,
2092,立冬,节,2092-11-06 18:01,lunar,
2092,小雪,中气,2092-11-21 15:51,lunar,
2092,大雪,节,2092-12-06 11:21,lunar,
2092,冬至,中气,2092-12-21 05:32,lunar,
2093,小寒,节,2093-01-04 22:47,lunar,
2093,大寒,中气,2093-01-19 16:14,lunar,
2093,立春,节,2093-02-03 10:19,lunar,
2093,雨水,中气,2093-02-18 06:06,lunar,
2093,惊蛰,节,2093-03-05 03:54,lunar,
2093,春分,中气,2093-03-20 04:35,lunar,
2093,清明,节,2093-04-04 08:06,lunar,
2093,谷雨,中气,2093-04-19 14:59,lunar,
2093,立夏,节,2093-05-05 00:46,lunar,
2093,小满,中气,2093-05-20 13:32,lunar,
2093,芒种,节,2093-06-05 04:27,lunar,
2093,夏至,中气,2093-06-20 21:07,lunar,
2093,小暑,节,2093-07-06 14:31,lunar,
2093,大暑,中气,2093-07-22 07:57,lunar,
2093,立秋,节,2093-08-07 00:28,lunar,
2093,处暑,中气,2093-08-22 15:18,lunar,
2093,白露,节,2093-09-07 03:50,lunar,
2093,秋分,中气,2093-09-22 13:29,lunar,
2093,寒露,节,2093-10-07 20:06,lunar,
2093,霜降,中气,2093-10-22 23:28,lunar,
2093,立冬,节,2093-11-06 23:56,lunar,
2093,小雪,中气,2093-11-21 21:38,lunar,
2093,大雪,节,2093-12-06 17:17,lunar,
2093,冬至,中气,2093-12-21 11:21,lunar,
2094,小寒,节,2094-01-05 04:45,lunar,
2094,大寒,中气,2094-01-19 22:04,lunar,
2094,立春,节,2094-02-03 16:17,lunar,
2094,雨水,中气,2094-02-18 11:56,lunar,
2094,惊蛰,节,2094-03-05 09:51,lunar,
2094,春分,中气,2094-03-20 10:22,lunar,
2094,清明,节,2094-04-04 14:00,lunar,
2094,谷雨,中气,2094-04-19 20:41,lunar,
2094,立夏,节,2094-05-05 06:36,lunar,
2094,小满,中气,2094-05-20 19:10,lunar,
2094,芒种,节,2094-06-05 10:12,lunar,
2094,夏至,中气,2094-06-21 02:42,lunar,
2094,小暑,节,2094-07-06 20:14,lunar,
2094,大暑,中气,2094-07-22 13:34,lunar,
2094,立秋,节,2094-08-07 06:12,lunar,
2094,处暑,中气,2094-08-22 21:00,lunar,
2094,白露,节,2094-09-07 09:36,lunar,
2094,秋分,中气,2094-09-22 19:17,lunar,
2094,寒露,节,2094-10-08 01:55,lunar,
2094,霜降,中气,2094-10-23 05:20,lunar,
2094,立冬,节,2094-11-07 05:47,lunar,
2094,小雪,中气,2094-11-22 03:31,lunar,
2094,大雪,节,2094-12-06 23:08,lunar,
2094,冬至,中气,2094-12-21 17:13,lunar,
2095,小寒,节,2095-01-05 10:35,lunar,
2095,大寒,中气,2095-01-20 03:56,lunar,
2095,立春,节,2095-02-03 22:07,lunar,
2095,雨水,中气,2095-02-18 17:48,lunar,
2095,惊蛰,节,2095-03-05 15:42,lunar,
2095,春分,中气,2095-03-20 16:15,lunar,
2095,清明,节,2095-04-04 19:51,lunar,
2095,谷雨,中气,2095-04-20 02:36,lunar,
2095,立夏,节,2095-05-05 12:26,lunar,
2095,小满,中气,2095-05-21 01:06,lunar,
2095,芒种,节,2095-06-05 16:00,lunar,
2095,夏至,中气,2095-06-21 08:39,lunar,
2095,小暑,节,2095-07-07 02:01,lunar,
2095,大暑,中气,2095-07-22 19:31,lunar,
2095,立秋,节,2095-08-07 11:59,lunar,
2095,处暑,中气,2095-08-23 02:56,lunar,
2095,白露,节,2095-09-07 15:23,lunar,
2095,秋分,中气,2095-09-23 01:11,lunar,
2095,寒露,节,2095-10-08 07:42,lunar,
2095,霜降,中气,2095-10-23 11:13,lunar,
2095,立冬,节,2095-11-07 11:33,lunar,
2095,小雪,中气,2095-11-22 09:21,lunar,
2095,大雪,节,2095-12-07 04:52,lunar,
2095,冬至,中气,2095-12-21 23:01,lunar,
2096,小寒,节,2096-01-05 16:16,lunar,
2096,大寒,中气,2096-01-20 09:42,lunar,
2096,立春,节,2096-02-04 03:47,lunar,
2096,雨水,中气,2096-02-18 23:34,lunar,
2096,惊蛰,节,2096-03-04 21:23,lunar,
2096,春分,中气,2096-03-19 22:03,lunar,
2096,清明,节,2096-04-04 01:36,lunar,
2096,谷雨,中气,2096-04-19 08:27,lunar,
2096,立夏,节,2096-05-04 18:16,lunar,
2096,小满,中气,2096-05-20 06:59,lunar,
2096,芒种,节,2096-06-04 21:54,lunar,
2096,夏至,中气,2096-06-20 14:31,lunar,
2096,小暑,节,2096-07-06 07:57,lunar,
2096,大暑,中气,2096-07-22 01:20,lunar,
2096,立秋,节,2096-08-06 17:53,lunar,
2096,处暑,中气,2096-08-22 08:42,lunar,
2096,白露,节,2096-09-06 21:17,lunar,
2096,秋分,中气,2096-09-22 06:55,lunar,
2096,寒露,节,2096-10-07 13:35,lunar,
2096,霜降,中气,2096-10-22 16:56,lunar,
2096,立冬,节,2096-11-06 17:26,lunar,
2096,小雪,中气,2096-11-21 15:06,lunar,
2096,大雪,节,2096-12-06 10:46,lunar,
2096,冬至,中气,2096-12-21 04:46,lunar,
2097,小寒,节,2097-01-04 22:11,lunar,
2097,大寒,中气,2097-01-19 15:27,lunar,
2097,立春,节,2097-02-03 09:42,lunar,
2097,雨水,中气,2097-02-18 05:20,lunar,
2097,惊蛰,节,2097-03-05 03:18,lunar,
2097,春分,中气,2097-03-20 03:48,lunar,
2097,清明,节,2097-04-04 07:30,lunar,
2097,谷雨,中气,2097-04-19 14:11,lunar,
2097,立夏,节,2097-05-05 00:08,lunar,
2097,小满,中气,2097-05-20 12:42,lunar,
2097,芒种,节,2097-06-05 03:44,lunar,
2097,夏至,中气,2097-06-20 20:13,lunar,
2097,小暑,节,2097-07-06 13:41,lunar,
2097,大暑,中气,2097-07-22 07:01,lunar,
2097,立秋,节,2097-08-06 23:33,lunar,
2097,处暑,中气,2097-08-22 14:22,lunar,
2097,白露,节,2097-09-07 02:53,lunar,
2097,秋分,中气,2097-09-22 12:36,lunar,
2097,寒露,节,2097-10-07 19:11,lunar,
2097,霜降,中气,2097-10-22 22:40,lunar,
2097,立冬,节,2097-11-06 23:04,lunar,
2097,小雪,中气,2097-11-21 20:53,lunar,
2097,大雪,节,2097-12-06 16:28,lunar,
2097,冬至,中气,2097-12-21 10:37,lunar,
2098,小寒,节,2098-01-05 03:56,lunar,
2098,大寒,中气,2098-01-19 21:21,lunar,
2098,立春,节,2098-02-03 15:29,lunar,
2098,雨水,中气,2098-02-18 11:13,lunar,
2098,惊蛰,节,2098-03-05 09:04,lunar,
2098,春分,中气,2098-03-20 09:40,lunar,
2098,清明,节,2098-04-04 13:13,lunar,
2098,谷雨,中气,2098-04-19 20:02,lunar,
2098,立夏,节,2098-05-05 05:49,lunar,
2098,小满,中气,2098-05-20 18:32,lunar,
2098,芒种,节,2098-06-05 09:23,lunar,
2098,夏至,中气,2098-06-21 02:03,lunar,
2098,小暑,节,2098-07-06 19:22,lunar,
2098,大暑,中气,2098-07-22 12:51,lunar,
2098,立秋,节,2098-08-07 05:17,lunar,
2098,处暑,中气,2098-08-22 20:12,lunar,
2098,白露,节,2098-09-07 08:39,lunar,
2098,秋分,中气,2098-09-22 18:24,lunar,
2098,寒露,节,2098-10-08 00:58,lunar,
2098,霜降,中气,2098-10-23 04:27,lunar,
2098,立冬,节,2098-11-07 04:51,lunar,
2098,小雪,中气,2098-11-22 02:38,lunar,
2098,大雪,节,2098-12-06 22:13,lunar,
2098,冬至,中气,2098-12-21 16:21,lunar,
2099,小寒,节,2099-01-05 09:39,lunar,
2099,大寒,中气,2099-01-20 03:02,lunar,
2099,立春,节,2099-02-03 21:09,lunar,
2099,雨水,中气,2099-02-18 16:53,lunar,
2099,惊蛰,节,2099-03-05 14:43,lunar,
2099,春分,中气,2099-03-20 15:18,lunar,
2099,清明,节,2099-04-04 18:51,lunar,
2099,谷雨,中气,2099-04-20 01:38,lunar,
2099,立夏,节,2099-05-05 11:29,lunar,
2099,小满,中气,2099-05-21 00:08,lunar,
2099,芒种,节,2099-06-05 15:08,lunar,
2099,夏至,中气,2099-06-21 07:42,lunar,
2099,小暑,节,2099-07-07 01:12,lunar,
2099,大暑,中气,2099-07-22 18:33,lunar,
2099,立秋,节,2099-08-07 11:10,lunar,
2099,处暑,中气,2099-08-23 01:57,lunar,
2099,白露,节,2099-09-07 14:34,lunar,
2099,秋分,中气,2099-09-23 00:11,lunar,
2099,寒露,节,2099-10-08 06:52,lunar,
2099,霜降,中气,2099-10-23 10:13,lunar,
2099,立冬,节,2099-11-07 10:43,lunar,
2099,小雪,中气,2099-11-22 08:23,lunar,
2099,大雪,节,2099-12-07 04:03,lunar,
2099,冬至,中气,2099-12-21 22:04,lunar,
2100,小寒,节,2100-01-05 15:29,lunar,
2100,大寒,中气,2100-01-20 08:46,lunar,
2100,立春,节,2100-02-04 03:00,lunar,
2100,雨水,中气,2100-02-18 22:37,lunar,
2100,惊蛰,节,2100-03-05 20:35,lunar,
2100,春分,中气,2100-03-20 21:04,lunar,
2100,清明,节,2100-04-05 00:44,lunar,
2100,谷雨,中气,2100-04-20 07:25,lunar,
2100,立夏,节,2100-05-05 17:21,lunar,
2100,小满,中气,2100-05-21 05:57,lunar,
2100,芒种,节,2100-06-05 20:58,lunar,
2100,夏至,中气,2100-06-21 13:32,lunar,
2100,小暑,节,2100-07-07 06:59,lunar,
2100,大暑,中气,2100-07-23 00:24,lunar,
2100,立秋,节,2100-08-07 16:54,lunar,
2100,处暑,中气,2100-08-23 07:48,lunar,
2100,白露,节,2100-09-07 20:15,lunar,
2100,秋分,中气,2100-09-23 06:00,lunar,
2100,寒露,节,2100-10-08 12:31,lunar,
2100,霜降,中气,2100-10-23 16:01,lunar,
2100,立冬,节,2100-11-07 16:20,lunar,
2100,小雪,中气,2100-11-22 14:09,lunar,
2100,大雪,节,2100-12-07 09:40,lunar,
2100,冬至,中气,2100-12-22 03:51,lunar,
2101,小寒,节,2101-01-05 21:07,lunar,算法值（lunar-python，无官方锚点）
2101,大寒,中气,2101-01-20 14:34,lunar,算法值（lunar-python，无官方锚点）
2101,立春,节,2101-02-04 08:40,lunar,算法值（lunar-python，无官方锚点）
2101,雨水,中气,2101-02-19 04:28,lunar,算法值（lunar-python，无官方锚点）
2101,惊蛰,节,2101-03-06 02:17,lunar,算法值（lunar-python，无官方锚点）
2101,春分,中气,2101-03-21 02:57,lunar,算法值（lunar-python，无官方锚点）
2101,清明,节,2101-04-05 06:28,lunar,算法值（lunar-python，无官方锚点）
2101,谷雨,中气,2101-04-20 13:19,lunar,算法值（lunar-python，无官方锚点）
2101,立夏,节,2101-05-05 23:05,lunar,算法值（lunar-python，无官方锚点）
2101,小满,中气,2101-05-21 11:49,lunar,算法值（lunar-python，无官方锚点）
2101,芒种,节,2101-06-06 02:41,lunar,算法值（lunar-python，无官方锚点）
2101,夏至,中气,2101-06-21 19:21,lunar,算法值（lunar-python，无官方锚点）
2101,小暑,节,2101-07-07 12:43,lunar,算法值（lunar-python，无官方锚点）
2101,大暑,中气,2101-07-23 06:11,lunar,算法值（lunar-python，无官方锚点）
2101,立秋,节,2101-08-07 22:40,lunar,算法值（lunar-python，无官方锚点）
2101,处暑,中气,2101-08-23 13:33,lunar,算法值（lunar-python，无官方锚点）
2101,白露,节,2101-09-08 02:04,lunar,算法值（lunar-python，无官方锚点）
2101,秋分,中气,2101-09-23 11:47,lunar,算法值（lunar-python，无官方锚点）
2101,寒露,节,2101-10-08 18:23,lunar,算法值（lunar-python，无官方锚点）
2101,霜降,中气,2101-10-23 21:48,lunar,算法值（lunar-python，无官方锚点）
2101,立冬,节,2101-11-07 22:14,lunar,算法值（lunar-python，无官方锚点）
2101,小雪,中气,2101-11-22 19:57,lunar,算法值（lunar-python，无官方锚点）
2101,大雪,节,2101-12-07 15:35,lunar,算法值（lunar-python，无官方锚点）
2101,冬至,中气,2101-12-22 09:39,lunar,算法值（lunar-python，无官方锚点）
